id,osmid_fake,x,y
0,0,402,0
1,0,403,0
2,0,404,0
3,0,405,0
4,0,406,0
5,0,407,0
6,0,408,0
7,0,414,0
8,0,415,0
9,0,416,0
10,0,417,0
11,0,418,0
12,0,400,1
13,0,401,1
14,0,402,1
15,0,403,1
16,0,404,1
17,0,405,1
18,0,406,1
19,0,407,1
20,0,408,1
21,0,409,1
22,0,410,1
23,0,411,1
24,0,412,1
25,0,413,1
26,0,414,1
27,0,415,1
28,0,416,1
29,0,417,1
30,0,418,1
31,0,419,1
32,0,420,1
33,0,421,1
34,0,422,1
35,0,423,1
36,0,424,1
37,0,425,1
38,0,426,1
39,0,427,1
40,0,428,1
41,0,429,1
42,0,430,1
43,0,431,1
44,0,432,1
45,0,433,1
46,0,400,2
47,0,401,2
48,0,402,2
49,0,403,2
50,0,404,2
51,0,405,2
52,0,406,2
53,0,407,2
54,0,408,2
55,0,409,2
56,0,410,2
57,0,411,2
58,0,412,2
59,0,413,2
60,0,414,2
61,0,415,2
62,0,416,2
63,0,417,2
64,0,418,2
65,0,419,2
66,0,420,2
67,0,421,2
68,0,422,2
69,0,423,2
70,0,424,2
71,0,425,2
72,0,426,2
73,0,427,2
74,0,428,2
75,0,429,2
76,0,430,2
77,0,431,2
78,0,432,2
79,0,433,2
80,0,401,3
81,0,402,3
82,0,403,3
83,0,404,3
84,0,405,3
85,0,406,3
86,0,407,3
87,0,408,3
88,0,409,3
89,0,410,3
90,0,411,3
91,0,412,3
92,0,413,3
93,0,414,3
94,0,415,3
95,0,416,3
96,0,417,3
97,0,418,3
98,0,419,3
99,0,420,3
100,0,421,3
101,0,422,3
102,0,423,3
103,0,424,3
104,0,425,3
105,0,426,3
106,0,427,3
107,0,428,3
108,0,429,3
109,0,430,3
110,0,431,3
111,0,432,3
112,0,433,3
113,0,401,4
114,0,402,4
115,0,403,4
116,0,404,4
117,0,405,4
118,0,406,4
119,0,407,4
120,0,408,4
121,0,409,4
122,0,410,4
123,0,411,4
124,0,412,4
125,0,413,4
126,0,414,4
127,0,415,4
128,0,416,4
129,0,417,4
130,0,418,4
131,0,419,4
132,0,420,4
133,0,421,4
134,0,422,4
135,0,423,4
136,0,424,4
137,0,425,4
138,0,426,4
139,0,427,4
140,0,428,4
141,0,429,4
142,0,430,4
143,0,431,4
144,0,432,4
145,0,433,4
146,0,401,5
147,0,402,5
148,0,403,5
149,0,404,5
150,0,405,5
151,0,406,5
152,0,407,5
153,0,408,5
154,0,409,5
155,0,410,5
156,0,411,5
157,0,412,5
158,0,413,5
159,0,414,5
160,0,415,5
161,0,416,5
162,0,417,5
163,0,418,5
164,0,419,5
165,0,420,5
166,0,421,5
167,0,422,5
168,0,423,5
169,0,424,5
170,0,425,5
171,0,426,5
172,0,427,5
173,0,428,5
174,0,429,5
175,0,430,5
176,0,431,5
177,0,432,5
178,0,433,5
179,0,401,6
180,0,402,6
181,0,403,6
182,0,404,6
183,0,405,6
184,0,406,6
185,0,407,6
186,0,408,6
187,0,409,6
188,0,410,6
189,0,411,6
190,0,412,6
191,0,413,6
192,0,414,6
193,0,415,6
194,0,416,6
195,0,417,6
196,0,418,6
197,0,419,6
198,0,420,6
199,0,421,6
200,0,422,6
201,0,423,6
202,0,424,6
203,0,425,6
204,0,426,6
205,0,427,6
206,0,428,6
207,0,429,6
208,0,430,6
209,0,431,6
210,0,432,6
211,0,433,6
212,0,401,7
213,0,402,7
214,0,403,7
215,0,404,7
216,0,405,7
217,0,406,7
218,0,407,7
219,0,408,7
220,0,409,7
221,0,410,7
222,0,411,7
223,0,412,7
224,0,413,7
225,0,414,7
226,0,415,7
227,0,416,7
228,0,417,7
229,0,418,7
230,0,419,7
231,0,420,7
232,0,421,7
233,0,422,7
234,0,423,7
235,0,424,7
236,0,425,7
237,0,426,7
238,0,427,7
239,0,428,7
240,0,429,7
241,0,430,7
242,0,431,7
243,0,432,7
244,0,433,7
245,0,401,8
246,0,402,8
247,0,403,8
248,0,404,8
249,0,405,8
250,0,406,8
251,0,407,8
252,0,408,8
253,0,409,8
254,0,410,8
255,0,411,8
256,0,412,8
257,0,413,8
258,0,414,8
259,0,415,8
260,0,416,8
261,0,417,8
262,0,418,8
263,0,419,8
264,0,420,8
265,0,421,8
266,0,422,8
267,0,423,8
268,0,424,8
269,0,425,8
270,0,426,8
271,0,427,8
272,0,428,8
273,0,429,8
274,0,430,8
275,0,431,8
276,0,432,8
277,0,433,8
278,0,401,9
279,0,402,9
280,0,403,9
281,0,404,9
282,0,405,9
283,0,406,9
284,0,407,9
285,0,408,9
286,0,409,9
287,0,410,9
288,0,411,9
289,0,412,9
290,0,413,9
291,0,414,9
292,0,415,9
293,0,416,9
294,0,417,9
295,0,418,9
296,0,419,9
297,0,420,9
298,0,421,9
299,0,422,9
300,0,423,9
301,0,424,9
302,0,425,9
303,0,426,9
304,0,427,9
305,0,428,9
306,0,429,9
307,0,430,9
308,0,431,9
309,0,432,9
310,0,433,9
311,0,401,10
312,0,402,10
313,0,403,10
314,0,404,10
315,0,405,10
316,0,406,10
317,0,407,10
318,0,408,10
319,0,409,10
320,0,410,10
321,0,411,10
322,0,412,10
323,0,413,10
324,0,414,10
325,0,415,10
326,0,416,10
327,0,417,10
328,0,418,10
329,0,419,10
330,0,420,10
331,0,421,10
332,0,422,10
333,0,423,10
334,0,424,10
335,0,425,10
336,0,426,10
337,0,427,10
338,0,428,10
339,0,429,10
340,0,430,10
341,0,431,10
342,0,432,10
343,0,433,10
344,0,401,11
345,0,402,11
346,0,403,11
347,0,404,11
348,0,405,11
349,0,406,11
350,0,407,11
351,0,408,11
352,0,409,11
353,0,410,11
354,0,411,11
355,0,412,11
356,0,413,11
357,0,414,11
358,0,415,11
359,0,416,11
360,0,417,11
361,0,418,11
362,0,419,11
363,0,420,11
364,0,421,11
365,0,422,11
366,0,423,11
367,0,424,11
368,0,425,11
369,0,426,11
370,0,427,11
371,0,428,11
372,0,429,11
373,0,430,11
374,0,431,11
375,0,432,11
376,0,433,11
377,0,401,12
378,0,402,12
379,0,403,12
380,0,404,12
381,0,405,12
382,0,406,12
383,0,407,12
384,0,408,12
385,0,409,12
386,0,410,12
387,0,411,12
388,0,412,12
389,0,413,12
390,0,414,12
391,0,415,12
392,0,416,12
393,0,417,12
394,0,418,12
395,0,419,12
396,0,420,12
397,0,421,12
398,0,422,12
399,0,423,12
400,0,424,12
401,0,425,12
402,0,426,12
403,0,427,12
404,0,428,12
405,0,429,12
406,0,430,12
407,0,431,12
408,0,432,12
409,0,433,12
410,0,401,13
411,0,402,13
412,0,403,13
413,0,404,13
414,0,405,13
415,0,406,13
416,0,407,13
417,0,408,13
418,0,409,13
419,0,410,13
420,0,411,13
421,0,412,13
422,0,413,13
423,0,414,13
424,0,415,13
425,0,416,13
426,0,417,13
427,0,418,13
428,0,419,13
429,0,420,13
430,0,421,13
431,0,422,13
432,0,423,13
433,0,424,13
434,0,425,13
435,0,426,13
436,0,427,13
437,0,428,13
438,0,429,13
439,0,430,13
440,0,431,13
441,0,432,13
442,0,433,13
443,0,401,14
444,0,402,14
445,0,403,14
446,0,404,14
447,0,405,14
448,0,406,14
449,0,407,14
450,0,408,14
451,0,409,14
452,0,410,14
453,0,411,14
454,0,412,14
455,0,413,14
456,0,414,14
457,0,415,14
458,0,416,14
459,0,417,14
460,0,418,14
461,0,419,14
462,0,420,14
463,0,421,14
464,0,422,14
465,0,423,14
466,0,424,14
467,0,425,14
468,0,426,14
469,0,427,14
470,0,428,14
471,0,429,14
472,0,430,14
473,0,431,14
474,0,432,14
475,0,433,14
476,0,400,15
477,0,401,15
478,0,402,15
479,0,403,15
480,0,404,15
481,0,405,15
482,0,406,15
483,0,407,15
484,0,408,15
485,0,409,15
486,0,410,15
487,0,411,15
488,0,412,15
489,0,413,15
490,0,414,15
491,0,415,15
492,0,416,15
493,0,417,15
494,0,418,15
495,0,419,15
496,0,420,15
497,0,421,15
498,0,422,15
499,0,423,15
500,0,424,15
501,0,425,15
502,0,426,15
503,0,427,15
504,0,428,15
505,0,429,15
506,0,430,15
507,0,431,15
508,0,432,15
509,0,433,15
510,0,400,16
511,0,401,16
512,0,402,16
513,0,403,16
514,0,404,16
515,0,405,16
516,0,406,16
517,0,407,16
518,0,408,16
519,0,409,16
520,0,410,16
521,0,411,16
522,0,412,16
523,0,413,16
524,0,414,16
525,0,415,16
526,0,416,16
527,0,417,16
528,0,418,16
529,0,419,16
530,0,420,16
531,0,421,16
532,0,422,16
533,0,423,16
534,0,424,16
535,0,425,16
536,0,426,16
537,0,427,16
538,0,428,16
539,0,429,16
540,0,430,16
541,0,431,16
542,0,432,16
543,0,433,16
544,0,400,17
545,0,401,17
546,0,402,17
547,0,403,17
548,0,404,17
549,0,405,17
550,0,406,17
551,0,407,17
552,0,408,17
553,0,409,17
554,0,410,17
555,0,411,17
556,0,412,17
557,0,413,17
558,0,414,17
559,0,415,17
560,0,416,17
561,0,417,17
562,0,418,17
563,0,419,17
564,0,420,17
565,0,421,17
566,0,422,17
567,0,423,17
568,0,424,17
569,0,425,17
570,0,426,17
571,0,427,17
572,0,428,17
573,0,429,17
574,0,430,17
575,0,431,17
576,0,432,17
577,0,433,17
578,0,401,18
579,0,402,18
580,0,403,18
581,0,404,18
582,0,405,18
583,0,406,18
584,0,407,18
585,0,408,18
586,0,409,18
587,0,410,18
588,0,411,18
589,0,412,18
590,0,413,18
591,0,414,18
592,0,415,18
593,0,416,18
594,0,417,18
595,0,418,18
596,0,419,18
597,0,420,18
598,0,421,18
599,0,422,18
600,0,423,18
601,0,424,18
602,0,425,18
603,0,426,18
604,0,427,18
605,0,428,18
606,0,429,18
607,0,430,18
608,0,431,18
609,0,432,18
610,0,433,18
611,0,401,19
612,0,402,19
613,0,403,19
614,0,404,19
615,0,405,19
616,0,406,19
617,0,407,19
618,0,408,19
619,0,409,19
620,0,410,19
621,0,411,19
622,0,412,19
623,0,413,19
624,0,414,19
625,0,415,19
626,0,416,19
627,0,417,19
628,0,418,19
629,0,419,19
630,0,420,19
631,0,421,19
632,0,422,19
633,0,423,19
634,0,424,19
635,0,425,19
636,0,426,19
637,0,427,19
638,0,428,19
639,0,429,19
640,0,430,19
641,0,431,19
642,0,432,19
643,0,433,19
644,0,434,19
645,0,401,20
646,0,402,20
647,0,403,20
648,0,404,20
649,0,405,20
650,0,406,20
651,0,407,20
652,0,408,20
653,0,409,20
654,0,410,20
655,0,411,20
656,0,412,20
657,0,413,20
658,0,414,20
659,0,415,20
660,0,416,20
661,0,417,20
662,0,418,20
663,0,419,20
664,0,420,20
665,0,421,20
666,0,422,20
667,0,423,20
668,0,424,20
669,0,425,20
670,0,426,20
671,0,427,20
672,0,428,20
673,0,429,20
674,0,430,20
675,0,431,20
676,0,432,20
677,0,433,20
678,0,434,20
679,0,401,21
680,0,402,21
681,0,403,21
682,0,404,21
683,0,405,21
684,0,406,21
685,0,407,21
686,0,408,21
687,0,409,21
688,0,410,21
689,0,411,21
690,0,412,21
691,0,413,21
692,0,414,21
693,0,415,21
694,0,416,21
695,0,417,21
696,0,418,21
697,0,419,21
698,0,420,21
699,0,421,21
700,0,422,21
701,0,423,21
702,0,424,21
703,0,425,21
704,0,426,21
705,0,427,21
706,0,428,21
707,0,429,21
708,0,430,21
709,0,431,21
710,0,432,21
711,0,433,21
712,0,434,21
713,0,401,22
714,0,402,22
715,0,403,22
716,0,404,22
717,0,405,22
718,0,406,22
719,0,407,22
720,0,408,22
721,0,409,22
722,0,410,22
723,0,411,22
724,0,412,22
725,0,413,22
726,0,414,22
727,0,415,22
728,0,416,22
729,0,417,22
730,0,418,22
731,0,419,22
732,0,420,22
733,0,421,22
734,0,422,22
735,0,423,22
736,0,424,22
737,0,425,22
738,0,426,22
739,0,427,22
740,0,428,22
741,0,429,22
742,0,430,22
743,0,431,22
744,0,432,22
745,0,433,22
746,0,434,22
747,0,401,23
748,0,402,23
749,0,403,23
750,0,404,23
751,0,405,23
752,0,406,23
753,0,407,23
754,0,408,23
755,0,409,23
756,0,410,23
757,0,411,23
758,0,412,23
759,0,413,23
760,0,414,23
761,0,415,23
762,0,416,23
763,0,417,23
764,0,418,23
765,0,419,23
766,0,420,23
767,0,421,23
768,0,422,23
769,0,423,23
770,0,424,23
771,0,425,23
772,0,426,23
773,0,427,23
774,0,428,23
775,0,429,23
776,0,430,23
777,0,431,23
778,0,432,23
779,0,433,23
780,0,434,23
781,0,401,24
782,0,402,24
783,0,403,24
784,0,404,24
785,0,405,24
786,0,406,24
787,0,407,24
788,0,408,24
789,0,409,24
790,0,410,24
791,0,411,24
792,0,412,24
793,0,413,24
794,0,414,24
795,0,415,24
796,0,416,24
797,0,417,24
798,0,418,24
799,0,419,24
800,0,420,24
801,0,421,24
802,0,422,24
803,0,423,24
804,0,424,24
805,0,425,24
806,0,426,24
807,0,427,24
808,0,428,24
809,0,429,24
810,0,430,24
811,0,431,24
812,0,432,24
813,0,433,24
814,0,434,24
815,0,401,25
816,0,402,25
817,0,403,25
818,0,404,25
819,0,405,25
820,0,406,25
821,0,407,25
822,0,408,25
823,0,409,25
824,0,410,25
825,0,411,25
826,0,412,25
827,0,413,25
828,0,414,25
829,0,415,25
830,0,416,25
831,0,417,25
832,0,418,25
833,0,419,25
834,0,420,25
835,0,421,25
836,0,422,25
837,0,423,25
838,0,424,25
839,0,425,25
840,0,426,25
841,0,427,25
842,0,428,25
843,0,429,25
844,0,430,25
845,0,431,25
846,0,432,25
847,0,433,25
848,0,434,25
849,0,401,26
850,0,402,26
851,0,403,26
852,0,404,26
853,0,405,26
854,0,406,26
855,0,407,26
856,0,408,26
857,0,409,26
858,0,410,26
859,0,411,26
860,0,412,26
861,0,413,26
862,0,414,26
863,0,415,26
864,0,416,26
865,0,417,26
866,0,418,26
867,0,419,26
868,0,420,26
869,0,421,26
870,0,422,26
871,0,423,26
872,0,424,26
873,0,425,26
874,0,426,26
875,0,427,26
876,0,428,26
877,0,429,26
878,0,430,26
879,0,431,26
880,0,432,26
881,0,433,26
882,0,434,26
883,0,401,27
884,0,402,27
885,0,403,27
886,0,404,27
887,0,405,27
888,0,406,27
889,0,407,27
890,0,408,27
891,0,409,27
892,0,410,27
893,0,411,27
894,0,412,27
895,0,413,27
896,0,414,27
897,0,415,27
898,0,416,27
899,0,417,27
900,0,418,27
901,0,419,27
902,0,420,27
903,0,421,27
904,0,422,27
905,0,423,27
906,0,424,27
907,0,425,27
908,0,426,27
909,0,427,27
910,0,428,27
911,0,429,27
912,0,430,27
913,0,431,27
914,0,432,27
915,0,433,27
916,0,434,27
917,0,401,28
918,0,402,28
919,0,403,28
920,0,404,28
921,0,405,28
922,0,406,28
923,0,407,28
924,0,408,28
925,0,409,28
926,0,410,28
927,0,411,28
928,0,412,28
929,0,413,28
930,0,414,28
931,0,415,28
932,0,416,28
933,0,417,28
934,0,418,28
935,0,419,28
936,0,420,28
937,0,421,28
938,0,422,28
939,0,423,28
940,0,424,28
941,0,425,28
942,0,426,28
943,0,427,28
944,0,428,28
945,0,429,28
946,0,430,28
947,0,431,28
948,0,432,28
949,0,433,28
950,0,434,28
951,0,401,29
952,0,402,29
953,0,403,29
954,0,404,29
955,0,405,29
956,0,406,29
957,0,407,29
958,0,408,29
959,0,409,29
960,0,410,29
961,0,411,29
962,0,412,29
963,0,413,29
964,0,414,29
965,0,415,29
966,0,416,29
967,0,417,29
968,0,418,29
969,0,419,29
970,0,420,29
971,0,421,29
972,0,422,29
973,0,423,29
974,0,424,29
975,0,425,29
976,0,426,29
977,0,427,29
978,0,428,29
979,0,429,29
980,0,430,29
981,0,431,29
982,0,432,29
983,0,433,29
984,0,434,29
985,0,401,30
986,0,402,30
987,0,403,30
988,0,404,30
989,0,405,30
990,0,406,30
991,0,407,30
992,0,408,30
993,0,409,30
994,0,410,30
995,0,411,30
996,0,412,30
997,0,413,30
998,0,414,30
999,0,415,30
1000,0,416,30
1001,0,417,30
1002,0,418,30
1003,0,419,30
1004,0,420,30
1005,0,421,30
1006,0,422,30
1007,0,423,30
1008,0,424,30
1009,0,425,30
1010,0,426,30
1011,0,427,30
1012,0,428,30
1013,0,429,30
1014,0,430,30
1015,0,431,30
1016,0,432,30
1017,0,433,30
1018,0,434,30
1019,0,401,31
1020,0,402,31
1021,0,403,31
1022,0,404,31
1023,0,405,31
1024,0,406,31
1025,0,407,31
1026,0,408,31
1027,0,409,31
1028,0,410,31
1029,0,411,31
1030,0,412,31
1031,0,413,31
1032,0,414,31
1033,0,415,31
1034,0,416,31
1035,0,417,31
1036,0,418,31
1037,0,419,31
1038,0,420,31
1039,0,421,31
1040,0,422,31
1041,0,423,31
1042,0,424,31
1043,0,425,31
1044,0,426,31
1045,0,427,31
1046,0,428,31
1047,0,429,31
1048,0,430,31
1049,0,431,31
1050,0,432,31
1051,0,433,31
1052,0,434,31
1053,0,401,32
1054,0,402,32
1055,0,403,32
1056,0,404,32
1057,0,405,32
1058,0,406,32
1059,0,407,32
1060,0,408,32
1061,0,409,32
1062,0,410,32
1063,0,411,32
1064,0,412,32
1065,0,413,32
1066,0,414,32
1067,0,415,32
1068,0,416,32
1069,0,417,32
1070,0,418,32
1071,0,419,32
1072,0,420,32
1073,0,421,32
1074,0,422,32
1075,0,423,32
1076,0,424,32
1077,0,425,32
1078,0,426,32
1079,0,427,32
1080,0,428,32
1081,0,429,32
1082,0,430,32
1083,0,431,32
1084,0,432,32
1085,0,433,32
1086,0,418,33
1087,0,419,33
1088,0,420,33
1089,0,421,33
1090,0,422,33
1091,0,423,33
1092,0,424,33
1093,0,425,33
1094,0,426,33
1095,0,427,33
1096,0,428,33
1097,0,429,33
1098,0,430,33
1099,0,431,33
1100,0,432,33
1101,0,433,33
1102,0,418,34
1103,0,419,34
1104,0,420,34
1105,0,421,34
1106,0,422,34
1107,0,423,34
1108,0,424,34
1109,0,425,34
1110,0,426,34
1111,0,427,34
1112,0,428,34
1113,0,429,34
1114,0,430,34
1115,0,431,34
1116,0,432,34
1117,0,433,34
1118,0,418,35
1119,0,419,35
1120,0,420,35
1121,0,421,35
1122,0,422,35
1123,0,423,35
1124,0,424,35
1125,0,425,35
1126,0,426,35
1127,0,427,35
1128,0,428,35
1129,0,429,35
1130,0,430,35
1131,0,431,35
1132,0,432,35
1133,0,433,35
1134,0,418,36
1135,0,419,36
1136,0,420,36
1137,0,421,36
1138,0,422,36
1139,0,423,36
1140,0,424,36
1141,0,425,36
1142,0,426,36
1143,0,427,36
1144,0,428,36
1145,0,429,36
1146,0,430,36
1147,0,431,36
1148,0,432,36
1149,0,433,36
1150,0,418,37
1151,0,419,37
1152,0,420,37
1153,0,421,37
1154,0,422,37
1155,0,423,37
1156,0,424,37
1157,0,425,37
1158,0,426,37
1159,0,427,37
1160,0,428,37
1161,0,429,37
1162,0,430,37
1163,0,431,37
1164,0,432,37
1165,0,433,37
1166,0,418,38
1167,0,419,38
1168,0,420,38
1169,0,421,38
1170,0,422,38
1171,0,423,38
1172,0,424,38
1173,0,425,38
1174,0,426,38
1175,0,427,38
1176,0,428,38
1177,0,429,38
1178,0,430,38
1179,0,431,38
1180,0,432,38
1181,0,433,38
1182,0,418,39
1183,0,419,39
1184,0,420,39
1185,0,421,39
1186,0,422,39
1187,0,423,39
1188,0,424,39
1189,0,425,39
1190,0,426,39
1191,0,427,39
1192,0,428,39
1193,0,429,39
1194,0,430,39
1195,0,431,39
1196,0,432,39
1197,0,433,39
1198,0,418,40
1199,0,419,40
1200,0,420,40
1201,0,421,40
1202,0,422,40
1203,0,423,40
1204,0,424,40
1205,0,425,40
1206,0,426,40
1207,0,427,40
1208,0,428,40
1209,0,429,40
1210,0,430,40
1211,0,431,40
1212,0,432,40
1213,0,433,40
1214,0,418,41
1215,0,419,41
1216,0,420,41
1217,0,421,41
1218,0,422,41
1219,0,423,41
1220,0,424,41
1221,0,425,41
1222,0,426,41
1223,0,427,41
1224,0,428,41
1225,0,429,41
1226,0,430,41
1227,0,431,41
1228,0,432,41
1229,0,433,41
1230,0,418,42
1231,0,419,42
1232,0,420,42
1233,0,421,42
1234,0,422,42
1235,0,423,42
1236,0,424,42
1237,0,425,42
1238,0,426,42
1239,0,427,42
1240,0,428,42
1241,0,429,42
1242,0,430,42
1243,0,431,42
1244,0,432,42
1245,0,433,42
1246,0,418,43
1247,0,419,43
1248,0,420,43
1249,0,421,43
1250,0,422,43
1251,0,423,43
1252,0,424,43
1253,0,425,43
1254,0,426,43
1255,0,427,43
1256,0,428,43
1257,0,429,43
1258,0,430,43
1259,0,431,43
1260,0,432,43
1261,0,433,43
1262,0,418,44
1263,0,419,44
1264,0,420,44
1265,0,421,44
1266,0,422,44
1267,0,423,44
1268,0,424,44
1269,0,425,44
1270,0,426,44
1271,0,427,44
1272,0,428,44
1273,0,429,44
1274,0,430,44
1275,0,431,44
1276,0,432,44
1277,0,433,44
1278,0,418,45
1279,0,419,45
1280,0,420,45
1281,0,421,45
1282,0,422,45
1283,0,423,45
1284,0,424,45
1285,0,425,45
1286,0,426,45
1287,0,427,45
1288,0,428,45
1289,0,429,45
1290,0,430,45
1291,0,431,45
1292,0,432,45
1293,0,433,45
1294,0,378,46
1295,0,379,46
1296,0,418,46
1297,0,419,46
1298,0,420,46
1299,0,421,46
1300,0,422,46
1301,0,423,46
1302,0,424,46
1303,0,425,46
1304,0,426,46
1305,0,427,46
1306,0,428,46
1307,0,429,46
1308,0,430,46
1309,0,431,46
1310,0,432,46
1311,0,433,46
1312,0,98,47
1313,0,99,47
1314,0,111,47
1315,0,112,47
1316,0,336,47
1317,0,337,47
1318,0,338,47
1319,0,339,47
1320,0,352,47
1321,0,353,47
1322,0,354,47
1323,0,375,47
1324,0,376,47
1325,0,377,47
1326,0,378,47
1327,0,379,47
1328,0,380,47
1329,0,418,47
1330,0,419,47
1331,0,420,47
1332,0,421,47
1333,0,422,47
1334,0,423,47
1335,0,424,47
1336,0,425,47
1337,0,426,47
1338,0,427,47
1339,0,428,47
1340,0,429,47
1341,0,430,47
1342,0,431,47
1343,0,432,47
1344,0,433,47
1345,0,97,48
1346,0,98,48
1347,0,99,48
1348,0,100,48
1349,0,101,48
1350,0,102,48
1351,0,103,48
1352,0,104,48
1353,0,105,48
1354,0,106,48
1355,0,107,48
1356,0,108,48
1357,0,109,48
1358,0,110,48
1359,0,111,48
1360,0,112,48
1361,0,113,48
1362,0,140,48
1363,0,141,48
1364,0,142,48
1365,0,143,48
1366,0,144,48
1367,0,145,48
1368,0,336,48
1369,0,337,48
1370,0,338,48
1371,0,339,48
1372,0,352,48
1373,0,353,48
1374,0,354,48
1375,0,355,48
1376,0,374,48
1377,0,375,48
1378,0,376,48
1379,0,377,48
1380,0,378,48
1381,0,379,48
1382,0,380,48
1383,0,384,48
1384,0,418,48
1385,0,419,48
1386,0,420,48
1387,0,421,48
1388,0,422,48
1389,0,423,48
1390,0,424,48
1391,0,425,48
1392,0,426,48
1393,0,427,48
1394,0,428,48
1395,0,429,48
1396,0,430,48
1397,0,431,48
1398,0,432,48
1399,0,433,48
1400,0,34,49
1401,0,35,49
1402,0,48,49
1403,0,49,49
1404,0,50,49
1405,0,51,49
1406,0,63,49
1407,0,64,49
1408,0,65,49
1409,0,66,49
1410,0,67,49
1411,0,68,49
1412,0,69,49
1413,0,70,49
1414,0,71,49
1415,0,72,49
1416,0,73,49
1417,0,74,49
1418,0,75,49
1419,0,76,49
1420,0,77,49
1421,0,78,49
1422,0,79,49
1423,0,80,49
1424,0,81,49
1425,0,82,49
1426,0,83,49
1427,0,84,49
1428,0,85,49
1429,0,86,49
1430,0,87,49
1431,0,88,49
1432,0,89,49
1433,0,90,49
1434,0,91,49
1435,0,92,49
1436,0,93,49
1437,0,94,49
1438,0,95,49
1439,0,96,49
1440,0,97,49
1441,0,98,49
1442,0,99,49
1443,0,100,49
1444,0,111,49
1445,0,112,49
1446,0,113,49
1447,0,114,49
1448,0,115,49
1449,0,116,49
1450,0,128,49
1451,0,129,49
1452,0,130,49
1453,0,131,49
1454,0,139,49
1455,0,140,49
1456,0,141,49
1457,0,142,49
1458,0,143,49
1459,0,144,49
1460,0,145,49
1461,0,306,49
1462,0,307,49
1463,0,308,49
1464,0,309,49
1465,0,310,49
1466,0,311,49
1467,0,312,49
1468,0,313,49
1469,0,314,49
1470,0,315,49
1471,0,316,49
1472,0,317,49
1473,0,318,49
1474,0,319,49
1475,0,320,49
1476,0,321,49
1477,0,322,49
1478,0,323,49
1479,0,324,49
1480,0,325,49
1481,0,326,49
1482,0,327,49
1483,0,328,49
1484,0,329,49
1485,0,330,49
1486,0,331,49
1487,0,332,49
1488,0,333,49
1489,0,334,49
1490,0,335,49
1491,0,336,49
1492,0,337,49
1493,0,338,49
1494,0,339,49
1495,0,340,49
1496,0,341,49
1497,0,342,49
1498,0,343,49
1499,0,344,49
1500,0,345,49
1501,0,346,49
1502,0,347,49
1503,0,348,49
1504,0,349,49
1505,0,350,49
1506,0,351,49
1507,0,352,49
1508,0,353,49
1509,0,354,49
1510,0,355,49
1511,0,356,49
1512,0,357,49
1513,0,358,49
1514,0,359,49
1515,0,360,49
1516,0,361,49
1517,0,362,49
1518,0,363,49
1519,0,364,49
1520,0,365,49
1521,0,366,49
1522,0,367,49
1523,0,368,49
1524,0,369,49
1525,0,370,49
1526,0,371,49
1527,0,372,49
1528,0,373,49
1529,0,374,49
1530,0,375,49
1531,0,376,49
1532,0,377,49
1533,0,378,49
1534,0,379,49
1535,0,380,49
1536,0,381,49
1537,0,382,49
1538,0,383,49
1539,0,384,49
1540,0,385,49
1541,0,386,49
1542,0,387,49
1543,0,400,49
1544,0,401,49
1545,0,418,49
1546,0,419,49
1547,0,420,49
1548,0,421,49
1549,0,422,49
1550,0,423,49
1551,0,424,49
1552,0,425,49
1553,0,426,49
1554,0,427,49
1555,0,428,49
1556,0,429,49
1557,0,430,49
1558,0,431,49
1559,0,432,49
1560,0,433,49
1561,0,33,50
1562,0,34,50
1563,0,35,50
1564,0,36,50
1565,0,37,50
1566,0,38,50
1567,0,39,50
1568,0,40,50
1569,0,41,50
1570,0,42,50
1571,0,43,50
1572,0,44,50
1573,0,45,50
1574,0,46,50
1575,0,47,50
1576,0,48,50
1577,0,49,50
1578,0,50,50
1579,0,51,50
1580,0,52,50
1581,0,53,50
1582,0,54,50
1583,0,55,50
1584,0,56,50
1585,0,57,50
1586,0,58,50
1587,0,59,50
1588,0,60,50
1589,0,61,50
1590,0,62,50
1591,0,63,50
1592,0,64,50
1593,0,65,50
1594,0,66,50
1595,0,67,50
1596,0,68,50
1597,0,69,50
1598,0,70,50
1599,0,71,50
1600,0,72,50
1601,0,73,50
1602,0,74,50
1603,0,75,50
1604,0,76,50
1605,0,77,50
1606,0,78,50
1607,0,79,50
1608,0,80,50
1609,0,81,50
1610,0,82,50
1611,0,83,50
1612,0,84,50
1613,0,85,50
1614,0,86,50
1615,0,87,50
1616,0,88,50
1617,0,89,50
1618,0,90,50
1619,0,91,50
1620,0,92,50
1621,0,93,50
1622,0,94,50
1623,0,95,50
1624,0,96,50
1625,0,97,50
1626,0,98,50
1627,0,99,50
1628,0,100,50
1629,0,111,50
1630,0,112,50
1631,0,113,50
1632,0,114,50
1633,0,115,50
1634,0,116,50
1635,0,117,50
1636,0,118,50
1637,0,119,50
1638,0,120,50
1639,0,121,50
1640,0,122,50
1641,0,123,50
1642,0,124,50
1643,0,125,50
1644,0,126,50
1645,0,127,50
1646,0,128,50
1647,0,129,50
1648,0,130,50
1649,0,131,50
1650,0,132,50
1651,0,133,50
1652,0,134,50
1653,0,135,50
1654,0,136,50
1655,0,137,50
1656,0,138,50
1657,0,139,50
1658,0,140,50
1659,0,141,50
1660,0,142,50
1661,0,143,50
1662,0,144,50
1663,0,145,50
1664,0,306,50
1665,0,307,50
1666,0,320,50
1667,0,321,50
1668,0,322,50
1669,0,323,50
1670,0,334,50
1671,0,335,50
1672,0,336,50
1673,0,337,50
1674,0,338,50
1675,0,339,50
1676,0,348,50
1677,0,349,50
1678,0,352,50
1679,0,353,50
1680,0,354,50
1681,0,355,50
1682,0,356,50
1683,0,357,50
1684,0,358,50
1685,0,359,50
1686,0,360,50
1687,0,361,50
1688,0,362,50
1689,0,363,50
1690,0,364,50
1691,0,365,50
1692,0,366,50
1693,0,367,50
1694,0,368,50
1695,0,369,50
1696,0,370,50
1697,0,371,50
1698,0,372,50
1699,0,373,50
1700,0,374,50
1701,0,375,50
1702,0,376,50
1703,0,377,50
1704,0,378,50
1705,0,379,50
1706,0,380,50
1707,0,381,50
1708,0,382,50
1709,0,383,50
1710,0,384,50
1711,0,385,50
1712,0,386,50
1713,0,387,50
1714,0,400,50
1715,0,401,50
1716,0,418,50
1717,0,419,50
1718,0,420,50
1719,0,421,50
1720,0,422,50
1721,0,423,50
1722,0,424,50
1723,0,425,50
1724,0,426,50
1725,0,427,50
1726,0,428,50
1727,0,429,50
1728,0,430,50
1729,0,431,50
1730,0,432,50
1731,0,433,50
1732,0,33,51
1733,0,34,51
1734,0,35,51
1735,0,36,51
1736,0,37,51
1737,0,38,51
1738,0,39,51
1739,0,40,51
1740,0,41,51
1741,0,42,51
1742,0,43,51
1743,0,44,51
1744,0,45,51
1745,0,46,51
1746,0,47,51
1747,0,48,51
1748,0,49,51
1749,0,50,51
1750,0,51,51
1751,0,52,51
1752,0,53,51
1753,0,54,51
1754,0,55,51
1755,0,56,51
1756,0,57,51
1757,0,58,51
1758,0,59,51
1759,0,60,51
1760,0,61,51
1761,0,62,51
1762,0,63,51
1763,0,64,51
1764,0,65,51
1765,0,66,51
1766,0,67,51
1767,0,68,51
1768,0,69,51
1769,0,70,51
1770,0,71,51
1771,0,72,51
1772,0,73,51
1773,0,74,51
1774,0,75,51
1775,0,76,51
1776,0,77,51
1777,0,78,51
1778,0,79,51
1779,0,80,51
1780,0,81,51
1781,0,82,51
1782,0,83,51
1783,0,84,51
1784,0,85,51
1785,0,86,51
1786,0,87,51
1787,0,88,51
1788,0,89,51
1789,0,90,51
1790,0,91,51
1791,0,92,51
1792,0,93,51
1793,0,94,51
1794,0,95,51
1795,0,96,51
1796,0,97,51
1797,0,98,51
1798,0,103,51
1799,0,104,51
1800,0,105,51
1801,0,112,51
1802,0,113,51
1803,0,114,51
1804,0,115,51
1805,0,116,51
1806,0,117,51
1807,0,118,51
1808,0,119,51
1809,0,120,51
1810,0,121,51
1811,0,122,51
1812,0,123,51
1813,0,124,51
1814,0,125,51
1815,0,126,51
1816,0,127,51
1817,0,128,51
1818,0,129,51
1819,0,130,51
1820,0,131,51
1821,0,132,51
1822,0,133,51
1823,0,134,51
1824,0,135,51
1825,0,136,51
1826,0,137,51
1827,0,138,51
1828,0,139,51
1829,0,140,51
1830,0,141,51
1831,0,142,51
1832,0,143,51
1833,0,144,51
1834,0,145,51
1835,0,146,51
1836,0,306,51
1837,0,320,51
1838,0,321,51
1839,0,322,51
1840,0,332,51
1841,0,333,51
1842,0,334,51
1843,0,335,51
1844,0,336,51
1845,0,337,51
1846,0,338,51
1847,0,339,51
1848,0,346,51
1849,0,347,51
1850,0,348,51
1851,0,349,51
1852,0,350,51
1853,0,353,51
1854,0,354,51
1855,0,355,51
1856,0,356,51
1857,0,357,51
1858,0,358,51
1859,0,359,51
1860,0,360,51
1861,0,361,51
1862,0,362,51
1863,0,363,51
1864,0,364,51
1865,0,365,51
1866,0,366,51
1867,0,367,51
1868,0,368,51
1869,0,369,51
1870,0,370,51
1871,0,371,51
1872,0,372,51
1873,0,373,51
1874,0,374,51
1875,0,375,51
1876,0,376,51
1877,0,377,51
1878,0,378,51
1879,0,379,51
1880,0,380,51
1881,0,381,51
1882,0,382,51
1883,0,383,51
1884,0,385,51
1885,0,386,51
1886,0,418,51
1887,0,419,51
1888,0,420,51
1889,0,421,51
1890,0,422,51
1891,0,423,51
1892,0,424,51
1893,0,425,51
1894,0,426,51
1895,0,427,51
1896,0,428,51
1897,0,429,51
1898,0,430,51
1899,0,431,51
1900,0,432,51
1901,0,433,51
1902,0,33,52
1903,0,34,52
1904,0,35,52
1905,0,36,52
1906,0,37,52
1907,0,38,52
1908,0,39,52
1909,0,40,52
1910,0,41,52
1911,0,42,52
1912,0,43,52
1913,0,44,52
1914,0,45,52
1915,0,46,52
1916,0,47,52
1917,0,48,52
1918,0,49,52
1919,0,50,52
1920,0,51,52
1921,0,52,52
1922,0,53,52
1923,0,54,52
1924,0,55,52
1925,0,56,52
1926,0,57,52
1927,0,58,52
1928,0,59,52
1929,0,60,52
1930,0,61,52
1931,0,62,52
1932,0,63,52
1933,0,64,52
1934,0,65,52
1935,0,66,52
1936,0,67,52
1937,0,68,52
1938,0,69,52
1939,0,70,52
1940,0,71,52
1941,0,72,52
1942,0,73,52
1943,0,74,52
1944,0,75,52
1945,0,76,52
1946,0,77,52
1947,0,78,52
1948,0,79,52
1949,0,80,52
1950,0,81,52
1951,0,82,52
1952,0,83,52
1953,0,84,52
1954,0,85,52
1955,0,86,52
1956,0,87,52
1957,0,88,52
1958,0,89,52
1959,0,90,52
1960,0,91,52
1961,0,92,52
1962,0,93,52
1963,0,94,52
1964,0,95,52
1965,0,96,52
1966,0,97,52
1967,0,98,52
1968,0,99,52
1969,0,103,52
1970,0,104,52
1971,0,105,52
1972,0,106,52
1973,0,107,52
1974,0,112,52
1975,0,113,52
1976,0,114,52
1977,0,115,52
1978,0,116,52
1979,0,117,52
1980,0,118,52
1981,0,119,52
1982,0,120,52
1983,0,121,52
1984,0,122,52
1985,0,123,52
1986,0,124,52
1987,0,125,52
1988,0,126,52
1989,0,127,52
1990,0,128,52
1991,0,129,52
1992,0,130,52
1993,0,131,52
1994,0,132,52
1995,0,133,52
1996,0,134,52
1997,0,135,52
1998,0,136,52
1999,0,137,52
2000,0,138,52
2001,0,139,52
2002,0,140,52
2003,0,141,52
2004,0,142,52
2005,0,143,52
2006,0,144,52
2007,0,145,52
2008,0,146,52
2009,0,306,52
2010,0,321,52
2011,0,322,52
2012,0,330,52
2013,0,331,52
2014,0,332,52
2015,0,333,52
2016,0,334,52
2017,0,335,52
2018,0,336,52
2019,0,337,52
2020,0,338,52
2021,0,345,52
2022,0,346,52
2023,0,347,52
2024,0,348,52
2025,0,349,52
2026,0,350,52
2027,0,351,52
2028,0,352,52
2029,0,353,52
2030,0,354,52
2031,0,355,52
2032,0,356,52
2033,0,357,52
2034,0,358,52
2035,0,359,52
2036,0,360,52
2037,0,361,52
2038,0,362,52
2039,0,363,52
2040,0,364,52
2041,0,365,52
2042,0,366,52
2043,0,367,52
2044,0,368,52
2045,0,369,52
2046,0,370,52
2047,0,371,52
2048,0,372,52
2049,0,373,52
2050,0,374,52
2051,0,375,52
2052,0,376,52
2053,0,377,52
2054,0,378,52
2055,0,379,52
2056,0,380,52
2057,0,381,52
2058,0,382,52
2059,0,383,52
2060,0,385,52
2061,0,418,52
2062,0,419,52
2063,0,420,52
2064,0,421,52
2065,0,422,52
2066,0,423,52
2067,0,424,52
2068,0,425,52
2069,0,426,52
2070,0,427,52
2071,0,428,52
2072,0,429,52
2073,0,430,52
2074,0,431,52
2075,0,432,52
2076,0,433,52
2077,0,33,53
2078,0,34,53
2079,0,35,53
2080,0,36,53
2081,0,37,53
2082,0,38,53
2083,0,39,53
2084,0,40,53
2085,0,41,53
2086,0,42,53
2087,0,43,53
2088,0,44,53
2089,0,45,53
2090,0,46,53
2091,0,47,53
2092,0,48,53
2093,0,49,53
2094,0,50,53
2095,0,51,53
2096,0,52,53
2097,0,53,53
2098,0,54,53
2099,0,55,53
2100,0,56,53
2101,0,57,53
2102,0,58,53
2103,0,59,53
2104,0,60,53
2105,0,61,53
2106,0,62,53
2107,0,63,53
2108,0,64,53
2109,0,65,53
2110,0,66,53
2111,0,67,53
2112,0,68,53
2113,0,69,53
2114,0,70,53
2115,0,71,53
2116,0,72,53
2117,0,73,53
2118,0,74,53
2119,0,75,53
2120,0,76,53
2121,0,77,53
2122,0,78,53
2123,0,79,53
2124,0,80,53
2125,0,81,53
2126,0,82,53
2127,0,83,53
2128,0,84,53
2129,0,85,53
2130,0,86,53
2131,0,87,53
2132,0,88,53
2133,0,89,53
2134,0,90,53
2135,0,91,53
2136,0,92,53
2137,0,93,53
2138,0,94,53
2139,0,95,53
2140,0,96,53
2141,0,97,53
2142,0,98,53
2143,0,99,53
2144,0,102,53
2145,0,103,53
2146,0,104,53
2147,0,105,53
2148,0,106,53
2149,0,107,53
2150,0,108,53
2151,0,109,53
2152,0,112,53
2153,0,113,53
2154,0,114,53
2155,0,115,53
2156,0,117,53
2157,0,118,53
2158,0,119,53
2159,0,120,53
2160,0,121,53
2161,0,122,53
2162,0,123,53
2163,0,124,53
2164,0,125,53
2165,0,126,53
2166,0,127,53
2167,0,128,53
2168,0,129,53
2169,0,130,53
2170,0,131,53
2171,0,132,53
2172,0,133,53
2173,0,134,53
2174,0,135,53
2175,0,136,53
2176,0,137,53
2177,0,138,53
2178,0,139,53
2179,0,140,53
2180,0,141,53
2181,0,142,53
2182,0,143,53
2183,0,144,53
2184,0,145,53
2185,0,146,53
2186,0,306,53
2187,0,313,53
2188,0,314,53
2189,0,321,53
2190,0,322,53
2191,0,327,53
2192,0,328,53
2193,0,329,53
2194,0,330,53
2195,0,331,53
2196,0,332,53
2197,0,333,53
2198,0,334,53
2199,0,335,53
2200,0,336,53
2201,0,337,53
2202,0,338,53
2203,0,339,53
2204,0,340,53
2205,0,345,53
2206,0,346,53
2207,0,347,53
2208,0,348,53
2209,0,349,53
2210,0,350,53
2211,0,351,53
2212,0,352,53
2213,0,353,53
2214,0,354,53
2215,0,355,53
2216,0,356,53
2217,0,357,53
2218,0,358,53
2219,0,359,53
2220,0,360,53
2221,0,361,53
2222,0,362,53
2223,0,363,53
2224,0,364,53
2225,0,365,53
2226,0,366,53
2227,0,367,53
2228,0,368,53
2229,0,369,53
2230,0,370,53
2231,0,371,53
2232,0,372,53
2233,0,373,53
2234,0,374,53
2235,0,375,53
2236,0,376,53
2237,0,377,53
2238,0,378,53
2239,0,379,53
2240,0,380,53
2241,0,381,53
2242,0,382,53
2243,0,383,53
2244,0,384,53
2245,0,385,53
2246,0,393,53
2247,0,394,53
2248,0,395,53
2249,0,396,53
2250,0,418,53
2251,0,419,53
2252,0,420,53
2253,0,421,53
2254,0,422,53
2255,0,423,53
2256,0,424,53
2257,0,425,53
2258,0,426,53
2259,0,427,53
2260,0,428,53
2261,0,429,53
2262,0,430,53
2263,0,431,53
2264,0,432,53
2265,0,433,53
2266,0,33,54
2267,0,34,54
2268,0,35,54
2269,0,36,54
2270,0,37,54
2271,0,38,54
2272,0,39,54
2273,0,40,54
2274,0,41,54
2275,0,42,54
2276,0,43,54
2277,0,44,54
2278,0,45,54
2279,0,46,54
2280,0,47,54
2281,0,48,54
2282,0,49,54
2283,0,50,54
2284,0,51,54
2285,0,52,54
2286,0,53,54
2287,0,54,54
2288,0,55,54
2289,0,56,54
2290,0,57,54
2291,0,58,54
2292,0,59,54
2293,0,60,54
2294,0,61,54
2295,0,62,54
2296,0,63,54
2297,0,64,54
2298,0,65,54
2299,0,66,54
2300,0,67,54
2301,0,68,54
2302,0,69,54
2303,0,70,54
2304,0,71,54
2305,0,72,54
2306,0,73,54
2307,0,74,54
2308,0,75,54
2309,0,76,54
2310,0,77,54
2311,0,78,54
2312,0,79,54
2313,0,80,54
2314,0,81,54
2315,0,82,54
2316,0,83,54
2317,0,84,54
2318,0,85,54
2319,0,86,54
2320,0,87,54
2321,0,88,54
2322,0,89,54
2323,0,90,54
2324,0,91,54
2325,0,92,54
2326,0,93,54
2327,0,94,54
2328,0,95,54
2329,0,96,54
2330,0,97,54
2331,0,98,54
2332,0,99,54
2333,0,100,54
2334,0,101,54
2335,0,102,54
2336,0,103,54
2337,0,104,54
2338,0,105,54
2339,0,106,54
2340,0,107,54
2341,0,108,54
2342,0,109,54
2343,0,110,54
2344,0,112,54
2345,0,113,54
2346,0,114,54
2347,0,115,54
2348,0,117,54
2349,0,118,54
2350,0,119,54
2351,0,120,54
2352,0,121,54
2353,0,122,54
2354,0,123,54
2355,0,124,54
2356,0,125,54
2357,0,126,54
2358,0,127,54
2359,0,128,54
2360,0,129,54
2361,0,130,54
2362,0,131,54
2363,0,132,54
2364,0,133,54
2365,0,134,54
2366,0,135,54
2367,0,136,54
2368,0,137,54
2369,0,138,54
2370,0,139,54
2371,0,140,54
2372,0,141,54
2373,0,142,54
2374,0,143,54
2375,0,144,54
2376,0,145,54
2377,0,146,54
2378,0,306,54
2379,0,311,54
2380,0,312,54
2381,0,313,54
2382,0,314,54
2383,0,315,54
2384,0,316,54
2385,0,321,54
2386,0,322,54
2387,0,325,54
2388,0,326,54
2389,0,327,54
2390,0,328,54
2391,0,329,54
2392,0,330,54
2393,0,331,54
2394,0,332,54
2395,0,333,54
2396,0,334,54
2397,0,335,54
2398,0,336,54
2399,0,337,54
2400,0,338,54
2401,0,339,54
2402,0,340,54
2403,0,344,54
2404,0,345,54
2405,0,346,54
2406,0,347,54
2407,0,348,54
2408,0,349,54
2409,0,350,54
2410,0,351,54
2411,0,352,54
2412,0,353,54
2413,0,354,54
2414,0,355,54
2415,0,356,54
2416,0,357,54
2417,0,358,54
2418,0,359,54
2419,0,360,54
2420,0,361,54
2421,0,362,54
2422,0,363,54
2423,0,364,54
2424,0,365,54
2425,0,366,54
2426,0,367,54
2427,0,368,54
2428,0,369,54
2429,0,370,54
2430,0,371,54
2431,0,372,54
2432,0,373,54
2433,0,374,54
2434,0,375,54
2435,0,376,54
2436,0,377,54
2437,0,378,54
2438,0,379,54
2439,0,380,54
2440,0,381,54
2441,0,382,54
2442,0,383,54
2443,0,384,54
2444,0,385,54
2445,0,392,54
2446,0,393,54
2447,0,394,54
2448,0,395,54
2449,0,396,54
2450,0,397,54
2451,0,418,54
2452,0,419,54
2453,0,420,54
2454,0,421,54
2455,0,422,54
2456,0,423,54
2457,0,424,54
2458,0,425,54
2459,0,426,54
2460,0,427,54
2461,0,428,54
2462,0,429,54
2463,0,430,54
2464,0,431,54
2465,0,432,54
2466,0,433,54
2467,0,33,55
2468,0,34,55
2469,0,35,55
2470,0,36,55
2471,0,37,55
2472,0,38,55
2473,0,39,55
2474,0,40,55
2475,0,41,55
2476,0,42,55
2477,0,43,55
2478,0,44,55
2479,0,45,55
2480,0,46,55
2481,0,47,55
2482,0,48,55
2483,0,49,55
2484,0,50,55
2485,0,51,55
2486,0,52,55
2487,0,53,55
2488,0,54,55
2489,0,55,55
2490,0,56,55
2491,0,57,55
2492,0,58,55
2493,0,59,55
2494,0,60,55
2495,0,61,55
2496,0,62,55
2497,0,63,55
2498,0,64,55
2499,0,65,55
2500,0,66,55
2501,0,67,55
2502,0,68,55
2503,0,69,55
2504,0,70,55
2505,0,71,55
2506,0,72,55
2507,0,73,55
2508,0,74,55
2509,0,75,55
2510,0,76,55
2511,0,77,55
2512,0,78,55
2513,0,79,55
2514,0,80,55
2515,0,81,55
2516,0,82,55
2517,0,83,55
2518,0,84,55
2519,0,85,55
2520,0,86,55
2521,0,87,55
2522,0,88,55
2523,0,89,55
2524,0,90,55
2525,0,91,55
2526,0,92,55
2527,0,93,55
2528,0,94,55
2529,0,95,55
2530,0,96,55
2531,0,97,55
2532,0,98,55
2533,0,99,55
2534,0,100,55
2535,0,101,55
2536,0,102,55
2537,0,103,55
2538,0,104,55
2539,0,105,55
2540,0,106,55
2541,0,107,55
2542,0,108,55
2543,0,109,55
2544,0,110,55
2545,0,111,55
2546,0,112,55
2547,0,113,55
2548,0,114,55
2549,0,115,55
2550,0,116,55
2551,0,117,55
2552,0,118,55
2553,0,119,55
2554,0,120,55
2555,0,121,55
2556,0,122,55
2557,0,123,55
2558,0,124,55
2559,0,125,55
2560,0,126,55
2561,0,127,55
2562,0,128,55
2563,0,129,55
2564,0,130,55
2565,0,131,55
2566,0,132,55
2567,0,133,55
2568,0,134,55
2569,0,135,55
2570,0,136,55
2571,0,137,55
2572,0,138,55
2573,0,139,55
2574,0,140,55
2575,0,141,55
2576,0,142,55
2577,0,143,55
2578,0,144,55
2579,0,145,55
2580,0,146,55
2581,0,306,55
2582,0,311,55
2583,0,312,55
2584,0,313,55
2585,0,314,55
2586,0,315,55
2587,0,316,55
2588,0,321,55
2589,0,322,55
2590,0,323,55
2591,0,324,55
2592,0,325,55
2593,0,326,55
2594,0,327,55
2595,0,328,55
2596,0,329,55
2597,0,330,55
2598,0,331,55
2599,0,332,55
2600,0,333,55
2601,0,334,55
2602,0,335,55
2603,0,336,55
2604,0,337,55
2605,0,338,55
2606,0,339,55
2607,0,343,55
2608,0,344,55
2609,0,345,55
2610,0,346,55
2611,0,347,55
2612,0,348,55
2613,0,349,55
2614,0,350,55
2615,0,351,55
2616,0,352,55
2617,0,353,55
2618,0,354,55
2619,0,355,55
2620,0,356,55
2621,0,357,55
2622,0,358,55
2623,0,359,55
2624,0,360,55
2625,0,361,55
2626,0,362,55
2627,0,363,55
2628,0,364,55
2629,0,365,55
2630,0,366,55
2631,0,367,55
2632,0,368,55
2633,0,369,55
2634,0,370,55
2635,0,371,55
2636,0,372,55
2637,0,373,55
2638,0,374,55
2639,0,375,55
2640,0,376,55
2641,0,377,55
2642,0,378,55
2643,0,379,55
2644,0,380,55
2645,0,381,55
2646,0,382,55
2647,0,383,55
2648,0,384,55
2649,0,385,55
2650,0,392,55
2651,0,393,55
2652,0,394,55
2653,0,395,55
2654,0,396,55
2655,0,397,55
2656,0,418,55
2657,0,419,55
2658,0,420,55
2659,0,421,55
2660,0,422,55
2661,0,423,55
2662,0,424,55
2663,0,425,55
2664,0,426,55
2665,0,427,55
2666,0,428,55
2667,0,429,55
2668,0,430,55
2669,0,431,55
2670,0,432,55
2671,0,433,55
2672,0,33,56
2673,0,34,56
2674,0,35,56
2675,0,36,56
2676,0,37,56
2677,0,38,56
2678,0,39,56
2679,0,40,56
2680,0,41,56
2681,0,42,56
2682,0,43,56
2683,0,44,56
2684,0,45,56
2685,0,46,56
2686,0,47,56
2687,0,48,56
2688,0,49,56
2689,0,50,56
2690,0,51,56
2691,0,52,56
2692,0,53,56
2693,0,54,56
2694,0,55,56
2695,0,56,56
2696,0,57,56
2697,0,58,56
2698,0,59,56
2699,0,60,56
2700,0,61,56
2701,0,62,56
2702,0,63,56
2703,0,64,56
2704,0,65,56
2705,0,66,56
2706,0,67,56
2707,0,68,56
2708,0,69,56
2709,0,70,56
2710,0,71,56
2711,0,72,56
2712,0,73,56
2713,0,74,56
2714,0,75,56
2715,0,76,56
2716,0,77,56
2717,0,78,56
2718,0,79,56
2719,0,80,56
2720,0,81,56
2721,0,82,56
2722,0,83,56
2723,0,84,56
2724,0,85,56
2725,0,86,56
2726,0,87,56
2727,0,88,56
2728,0,89,56
2729,0,90,56
2730,0,91,56
2731,0,92,56
2732,0,93,56
2733,0,94,56
2734,0,95,56
2735,0,96,56
2736,0,97,56
2737,0,98,56
2738,0,99,56
2739,0,100,56
2740,0,101,56
2741,0,102,56
2742,0,103,56
2743,0,104,56
2744,0,105,56
2745,0,106,56
2746,0,107,56
2747,0,108,56
2748,0,109,56
2749,0,110,56
2750,0,111,56
2751,0,112,56
2752,0,113,56
2753,0,114,56
2754,0,115,56
2755,0,116,56
2756,0,117,56
2757,0,118,56
2758,0,119,56
2759,0,120,56
2760,0,121,56
2761,0,122,56
2762,0,123,56
2763,0,124,56
2764,0,125,56
2765,0,126,56
2766,0,127,56
2767,0,128,56
2768,0,129,56
2769,0,130,56
2770,0,131,56
2771,0,132,56
2772,0,133,56
2773,0,134,56
2774,0,135,56
2775,0,136,56
2776,0,137,56
2777,0,138,56
2778,0,139,56
2779,0,140,56
2780,0,141,56
2781,0,142,56
2782,0,143,56
2783,0,144,56
2784,0,145,56
2785,0,146,56
2786,0,306,56
2787,0,311,56
2788,0,312,56
2789,0,313,56
2790,0,314,56
2791,0,315,56
2792,0,316,56
2793,0,320,56
2794,0,321,56
2795,0,322,56
2796,0,323,56
2797,0,324,56
2798,0,325,56
2799,0,326,56
2800,0,327,56
2801,0,328,56
2802,0,329,56
2803,0,330,56
2804,0,331,56
2805,0,332,56
2806,0,333,56
2807,0,334,56
2808,0,335,56
2809,0,336,56
2810,0,337,56
2811,0,342,56
2812,0,343,56
2813,0,344,56
2814,0,345,56
2815,0,346,56
2816,0,347,56
2817,0,348,56
2818,0,349,56
2819,0,350,56
2820,0,351,56
2821,0,352,56
2822,0,353,56
2823,0,354,56
2824,0,355,56
2825,0,356,56
2826,0,357,56
2827,0,358,56
2828,0,359,56
2829,0,360,56
2830,0,361,56
2831,0,362,56
2832,0,363,56
2833,0,364,56
2834,0,365,56
2835,0,366,56
2836,0,367,56
2837,0,368,56
2838,0,369,56
2839,0,370,56
2840,0,371,56
2841,0,372,56
2842,0,373,56
2843,0,374,56
2844,0,375,56
2845,0,376,56
2846,0,377,56
2847,0,378,56
2848,0,379,56
2849,0,380,56
2850,0,381,56
2851,0,382,56
2852,0,383,56
2853,0,384,56
2854,0,385,56
2855,0,386,56
2856,0,392,56
2857,0,393,56
2858,0,394,56
2859,0,395,56
2860,0,396,56
2861,0,397,56
2862,0,418,56
2863,0,419,56
2864,0,420,56
2865,0,421,56
2866,0,422,56
2867,0,423,56
2868,0,424,56
2869,0,425,56
2870,0,426,56
2871,0,427,56
2872,0,428,56
2873,0,429,56
2874,0,430,56
2875,0,431,56
2876,0,432,56
2877,0,433,56
2878,0,33,57
2879,0,34,57
2880,0,35,57
2881,0,36,57
2882,0,37,57
2883,0,38,57
2884,0,39,57
2885,0,40,57
2886,0,41,57
2887,0,42,57
2888,0,43,57
2889,0,44,57
2890,0,45,57
2891,0,46,57
2892,0,47,57
2893,0,48,57
2894,0,49,57
2895,0,50,57
2896,0,51,57
2897,0,52,57
2898,0,53,57
2899,0,54,57
2900,0,55,57
2901,0,56,57
2902,0,57,57
2903,0,58,57
2904,0,59,57
2905,0,60,57
2906,0,61,57
2907,0,62,57
2908,0,63,57
2909,0,64,57
2910,0,65,57
2911,0,66,57
2912,0,67,57
2913,0,68,57
2914,0,69,57
2915,0,70,57
2916,0,71,57
2917,0,72,57
2918,0,73,57
2919,0,74,57
2920,0,75,57
2921,0,76,57
2922,0,77,57
2923,0,78,57
2924,0,79,57
2925,0,80,57
2926,0,81,57
2927,0,82,57
2928,0,83,57
2929,0,84,57
2930,0,85,57
2931,0,86,57
2932,0,87,57
2933,0,88,57
2934,0,89,57
2935,0,90,57
2936,0,91,57
2937,0,92,57
2938,0,93,57
2939,0,94,57
2940,0,95,57
2941,0,96,57
2942,0,97,57
2943,0,98,57
2944,0,99,57
2945,0,100,57
2946,0,101,57
2947,0,102,57
2948,0,103,57
2949,0,104,57
2950,0,105,57
2951,0,106,57
2952,0,107,57
2953,0,108,57
2954,0,109,57
2955,0,110,57
2956,0,111,57
2957,0,112,57
2958,0,113,57
2959,0,114,57
2960,0,115,57
2961,0,116,57
2962,0,117,57
2963,0,118,57
2964,0,119,57
2965,0,120,57
2966,0,121,57
2967,0,122,57
2968,0,123,57
2969,0,124,57
2970,0,125,57
2971,0,126,57
2972,0,127,57
2973,0,128,57
2974,0,129,57
2975,0,130,57
2976,0,131,57
2977,0,132,57
2978,0,133,57
2979,0,134,57
2980,0,135,57
2981,0,136,57
2982,0,137,57
2983,0,138,57
2984,0,139,57
2985,0,140,57
2986,0,141,57
2987,0,142,57
2988,0,143,57
2989,0,144,57
2990,0,145,57
2991,0,146,57
2992,0,306,57
2993,0,311,57
2994,0,312,57
2995,0,313,57
2996,0,314,57
2997,0,315,57
2998,0,316,57
2999,0,320,57
3000,0,321,57
3001,0,322,57
3002,0,323,57
3003,0,324,57
3004,0,325,57
3005,0,326,57
3006,0,327,57
3007,0,328,57
3008,0,329,57
3009,0,330,57
3010,0,331,57
3011,0,332,57
3012,0,333,57
3013,0,334,57
3014,0,338,57
3015,0,342,57
3016,0,343,57
3017,0,344,57
3018,0,345,57
3019,0,346,57
3020,0,347,57
3021,0,348,57
3022,0,349,57
3023,0,350,57
3024,0,351,57
3025,0,352,57
3026,0,353,57
3027,0,354,57
3028,0,355,57
3029,0,356,57
3030,0,357,57
3031,0,358,57
3032,0,359,57
3033,0,360,57
3034,0,361,57
3035,0,362,57
3036,0,363,57
3037,0,364,57
3038,0,365,57
3039,0,366,57
3040,0,367,57
3041,0,368,57
3042,0,369,57
3043,0,370,57
3044,0,371,57
3045,0,372,57
3046,0,373,57
3047,0,374,57
3048,0,375,57
3049,0,376,57
3050,0,377,57
3051,0,378,57
3052,0,379,57
3053,0,380,57
3054,0,381,57
3055,0,382,57
3056,0,383,57
3057,0,384,57
3058,0,385,57
3059,0,386,57
3060,0,392,57
3061,0,393,57
3062,0,394,57
3063,0,395,57
3064,0,396,57
3065,0,397,57
3066,0,418,57
3067,0,419,57
3068,0,420,57
3069,0,421,57
3070,0,422,57
3071,0,423,57
3072,0,424,57
3073,0,425,57
3074,0,426,57
3075,0,427,57
3076,0,428,57
3077,0,429,57
3078,0,430,57
3079,0,431,57
3080,0,432,57
3081,0,433,57
3082,0,33,58
3083,0,34,58
3084,0,35,58
3085,0,36,58
3086,0,37,58
3087,0,38,58
3088,0,39,58
3089,0,40,58
3090,0,41,58
3091,0,42,58
3092,0,43,58
3093,0,44,58
3094,0,45,58
3095,0,46,58
3096,0,47,58
3097,0,48,58
3098,0,49,58
3099,0,50,58
3100,0,51,58
3101,0,52,58
3102,0,53,58
3103,0,54,58
3104,0,55,58
3105,0,56,58
3106,0,57,58
3107,0,58,58
3108,0,59,58
3109,0,60,58
3110,0,61,58
3111,0,62,58
3112,0,63,58
3113,0,64,58
3114,0,65,58
3115,0,66,58
3116,0,67,58
3117,0,68,58
3118,0,69,58
3119,0,70,58
3120,0,71,58
3121,0,72,58
3122,0,73,58
3123,0,74,58
3124,0,75,58
3125,0,76,58
3126,0,77,58
3127,0,78,58
3128,0,79,58
3129,0,80,58
3130,0,81,58
3131,0,82,58
3132,0,83,58
3133,0,84,58
3134,0,85,58
3135,0,86,58
3136,0,87,58
3137,0,88,58
3138,0,89,58
3139,0,90,58
3140,0,91,58
3141,0,92,58
3142,0,93,58
3143,0,94,58
3144,0,95,58
3145,0,96,58
3146,0,97,58
3147,0,98,58
3148,0,99,58
3149,0,100,58
3150,0,101,58
3151,0,102,58
3152,0,103,58
3153,0,104,58
3154,0,105,58
3155,0,106,58
3156,0,107,58
3157,0,108,58
3158,0,109,58
3159,0,110,58
3160,0,111,58
3161,0,112,58
3162,0,113,58
3163,0,114,58
3164,0,115,58
3165,0,116,58
3166,0,117,58
3167,0,118,58
3168,0,119,58
3169,0,120,58
3170,0,121,58
3171,0,122,58
3172,0,123,58
3173,0,124,58
3174,0,125,58
3175,0,126,58
3176,0,127,58
3177,0,128,58
3178,0,129,58
3179,0,130,58
3180,0,131,58
3181,0,132,58
3182,0,133,58
3183,0,134,58
3184,0,135,58
3185,0,136,58
3186,0,137,58
3187,0,138,58
3188,0,139,58
3189,0,140,58
3190,0,141,58
3191,0,142,58
3192,0,143,58
3193,0,144,58
3194,0,145,58
3195,0,146,58
3196,0,306,58
3197,0,312,58
3198,0,313,58
3199,0,314,58
3200,0,315,58
3201,0,318,58
3202,0,319,58
3203,0,320,58
3204,0,321,58
3205,0,322,58
3206,0,323,58
3207,0,324,58
3208,0,325,58
3209,0,326,58
3210,0,327,58
3211,0,328,58
3212,0,329,58
3213,0,330,58
3214,0,331,58
3215,0,332,58
3216,0,338,58
3217,0,341,58
3218,0,342,58
3219,0,343,58
3220,0,344,58
3221,0,345,58
3222,0,346,58
3223,0,347,58
3224,0,348,58
3225,0,349,58
3226,0,350,58
3227,0,351,58
3228,0,352,58
3229,0,353,58
3230,0,354,58
3231,0,355,58
3232,0,356,58
3233,0,357,58
3234,0,358,58
3235,0,359,58
3236,0,360,58
3237,0,361,58
3238,0,362,58
3239,0,363,58
3240,0,364,58
3241,0,365,58
3242,0,366,58
3243,0,367,58
3244,0,368,58
3245,0,369,58
3246,0,370,58
3247,0,371,58
3248,0,372,58
3249,0,373,58
3250,0,374,58
3251,0,375,58
3252,0,376,58
3253,0,377,58
3254,0,378,58
3255,0,379,58
3256,0,380,58
3257,0,381,58
3258,0,382,58
3259,0,383,58
3260,0,384,58
3261,0,385,58
3262,0,393,58
3263,0,394,58
3264,0,395,58
3265,0,396,58
3266,0,418,58
3267,0,419,58
3268,0,420,58
3269,0,421,58
3270,0,422,58
3271,0,423,58
3272,0,424,58
3273,0,425,58
3274,0,426,58
3275,0,427,58
3276,0,428,58
3277,0,429,58
3278,0,430,58
3279,0,431,58
3280,0,432,58
3281,0,433,58
3282,0,33,59
3283,0,34,59
3284,0,35,59
3285,0,36,59
3286,0,37,59
3287,0,38,59
3288,0,39,59
3289,0,40,59
3290,0,41,59
3291,0,42,59
3292,0,43,59
3293,0,44,59
3294,0,45,59
3295,0,46,59
3296,0,47,59
3297,0,48,59
3298,0,49,59
3299,0,50,59
3300,0,51,59
3301,0,52,59
3302,0,53,59
3303,0,54,59
3304,0,55,59
3305,0,56,59
3306,0,57,59
3307,0,58,59
3308,0,59,59
3309,0,60,59
3310,0,61,59
3311,0,62,59
3312,0,63,59
3313,0,64,59
3314,0,65,59
3315,0,66,59
3316,0,67,59
3317,0,68,59
3318,0,69,59
3319,0,70,59
3320,0,71,59
3321,0,72,59
3322,0,73,59
3323,0,74,59
3324,0,75,59
3325,0,76,59
3326,0,77,59
3327,0,78,59
3328,0,79,59
3329,0,80,59
3330,0,81,59
3331,0,82,59
3332,0,83,59
3333,0,84,59
3334,0,85,59
3335,0,86,59
3336,0,87,59
3337,0,88,59
3338,0,89,59
3339,0,90,59
3340,0,91,59
3341,0,92,59
3342,0,93,59
3343,0,94,59
3344,0,95,59
3345,0,96,59
3346,0,97,59
3347,0,98,59
3348,0,99,59
3349,0,100,59
3350,0,101,59
3351,0,102,59
3352,0,103,59
3353,0,104,59
3354,0,105,59
3355,0,106,59
3356,0,107,59
3357,0,108,59
3358,0,109,59
3359,0,110,59
3360,0,111,59
3361,0,112,59
3362,0,113,59
3363,0,114,59
3364,0,115,59
3365,0,116,59
3366,0,117,59
3367,0,118,59
3368,0,119,59
3369,0,120,59
3370,0,121,59
3371,0,122,59
3372,0,123,59
3373,0,124,59
3374,0,125,59
3375,0,126,59
3376,0,127,59
3377,0,128,59
3378,0,129,59
3379,0,130,59
3380,0,131,59
3381,0,132,59
3382,0,133,59
3383,0,134,59
3384,0,135,59
3385,0,136,59
3386,0,137,59
3387,0,138,59
3388,0,139,59
3389,0,140,59
3390,0,141,59
3391,0,142,59
3392,0,143,59
3393,0,144,59
3394,0,145,59
3395,0,146,59
3396,0,306,59
3397,0,316,59
3398,0,317,59
3399,0,318,59
3400,0,319,59
3401,0,320,59
3402,0,321,59
3403,0,322,59
3404,0,323,59
3405,0,324,59
3406,0,325,59
3407,0,326,59
3408,0,327,59
3409,0,328,59
3410,0,329,59
3411,0,330,59
3412,0,331,59
3413,0,332,59
3414,0,333,59
3415,0,334,59
3416,0,335,59
3417,0,336,59
3418,0,337,59
3419,0,338,59
3420,0,340,59
3421,0,341,59
3422,0,342,59
3423,0,343,59
3424,0,344,59
3425,0,345,59
3426,0,346,59
3427,0,347,59
3428,0,348,59
3429,0,349,59
3430,0,350,59
3431,0,351,59
3432,0,352,59
3433,0,353,59
3434,0,354,59
3435,0,355,59
3436,0,356,59
3437,0,357,59
3438,0,358,59
3439,0,359,59
3440,0,360,59
3441,0,361,59
3442,0,362,59
3443,0,363,59
3444,0,364,59
3445,0,365,59
3446,0,366,59
3447,0,367,59
3448,0,368,59
3449,0,369,59
3450,0,370,59
3451,0,371,59
3452,0,372,59
3453,0,373,59
3454,0,374,59
3455,0,375,59
3456,0,376,59
3457,0,377,59
3458,0,378,59
3459,0,379,59
3460,0,380,59
3461,0,381,59
3462,0,382,59
3463,0,383,59
3464,0,384,59
3465,0,385,59
3466,0,418,59
3467,0,419,59
3468,0,420,59
3469,0,421,59
3470,0,422,59
3471,0,423,59
3472,0,424,59
3473,0,425,59
3474,0,426,59
3475,0,427,59
3476,0,428,59
3477,0,429,59
3478,0,430,59
3479,0,431,59
3480,0,432,59
3481,0,433,59
3482,0,33,60
3483,0,34,60
3484,0,35,60
3485,0,36,60
3486,0,37,60
3487,0,38,60
3488,0,39,60
3489,0,40,60
3490,0,41,60
3491,0,42,60
3492,0,43,60
3493,0,44,60
3494,0,45,60
3495,0,46,60
3496,0,47,60
3497,0,48,60
3498,0,49,60
3499,0,50,60
3500,0,51,60
3501,0,52,60
3502,0,53,60
3503,0,54,60
3504,0,55,60
3505,0,56,60
3506,0,57,60
3507,0,58,60
3508,0,59,60
3509,0,60,60
3510,0,61,60
3511,0,62,60
3512,0,63,60
3513,0,64,60
3514,0,65,60
3515,0,66,60
3516,0,67,60
3517,0,68,60
3518,0,69,60
3519,0,70,60
3520,0,71,60
3521,0,72,60
3522,0,73,60
3523,0,74,60
3524,0,75,60
3525,0,76,60
3526,0,77,60
3527,0,78,60
3528,0,79,60
3529,0,80,60
3530,0,81,60
3531,0,82,60
3532,0,83,60
3533,0,84,60
3534,0,85,60
3535,0,86,60
3536,0,87,60
3537,0,88,60
3538,0,89,60
3539,0,90,60
3540,0,91,60
3541,0,92,60
3542,0,93,60
3543,0,94,60
3544,0,95,60
3545,0,96,60
3546,0,97,60
3547,0,98,60
3548,0,99,60
3549,0,100,60
3550,0,101,60
3551,0,102,60
3552,0,103,60
3553,0,104,60
3554,0,105,60
3555,0,106,60
3556,0,107,60
3557,0,108,60
3558,0,109,60
3559,0,110,60
3560,0,111,60
3561,0,112,60
3562,0,113,60
3563,0,114,60
3564,0,115,60
3565,0,116,60
3566,0,117,60
3567,0,118,60
3568,0,119,60
3569,0,120,60
3570,0,121,60
3571,0,122,60
3572,0,123,60
3573,0,124,60
3574,0,125,60
3575,0,126,60
3576,0,127,60
3577,0,128,60
3578,0,129,60
3579,0,130,60
3580,0,131,60
3581,0,132,60
3582,0,133,60
3583,0,134,60
3584,0,135,60
3585,0,136,60
3586,0,137,60
3587,0,138,60
3588,0,139,60
3589,0,140,60
3590,0,141,60
3591,0,142,60
3592,0,143,60
3593,0,144,60
3594,0,145,60
3595,0,146,60
3596,0,306,60
3597,0,313,60
3598,0,314,60
3599,0,315,60
3600,0,316,60
3601,0,317,60
3602,0,318,60
3603,0,319,60
3604,0,320,60
3605,0,321,60
3606,0,322,60
3607,0,323,60
3608,0,324,60
3609,0,325,60
3610,0,326,60
3611,0,327,60
3612,0,328,60
3613,0,329,60
3614,0,330,60
3615,0,331,60
3616,0,332,60
3617,0,333,60
3618,0,334,60
3619,0,335,60
3620,0,336,60
3621,0,337,60
3622,0,338,60
3623,0,340,60
3624,0,341,60
3625,0,342,60
3626,0,343,60
3627,0,344,60
3628,0,345,60
3629,0,346,60
3630,0,347,60
3631,0,348,60
3632,0,349,60
3633,0,350,60
3634,0,351,60
3635,0,352,60
3636,0,353,60
3637,0,354,60
3638,0,355,60
3639,0,356,60
3640,0,357,60
3641,0,358,60
3642,0,359,60
3643,0,360,60
3644,0,361,60
3645,0,362,60
3646,0,363,60
3647,0,364,60
3648,0,365,60
3649,0,366,60
3650,0,367,60
3651,0,368,60
3652,0,369,60
3653,0,370,60
3654,0,371,60
3655,0,372,60
3656,0,373,60
3657,0,374,60
3658,0,375,60
3659,0,376,60
3660,0,377,60
3661,0,378,60
3662,0,379,60
3663,0,380,60
3664,0,381,60
3665,0,382,60
3666,0,383,60
3667,0,384,60
3668,0,385,60
3669,0,418,60
3670,0,419,60
3671,0,420,60
3672,0,421,60
3673,0,422,60
3674,0,423,60
3675,0,424,60
3676,0,425,60
3677,0,426,60
3678,0,427,60
3679,0,428,60
3680,0,429,60
3681,0,430,60
3682,0,431,60
3683,0,432,60
3684,0,433,60
3685,0,33,61
3686,0,34,61
3687,0,35,61
3688,0,36,61
3689,0,37,61
3690,0,38,61
3691,0,39,61
3692,0,40,61
3693,0,41,61
3694,0,42,61
3695,0,43,61
3696,0,44,61
3697,0,45,61
3698,0,46,61
3699,0,47,61
3700,0,48,61
3701,0,49,61
3702,0,50,61
3703,0,51,61
3704,0,52,61
3705,0,53,61
3706,0,54,61
3707,0,55,61
3708,0,56,61
3709,0,57,61
3710,0,58,61
3711,0,59,61
3712,0,60,61
3713,0,61,61
3714,0,62,61
3715,0,63,61
3716,0,64,61
3717,0,65,61
3718,0,66,61
3719,0,67,61
3720,0,68,61
3721,0,69,61
3722,0,70,61
3723,0,71,61
3724,0,72,61
3725,0,73,61
3726,0,74,61
3727,0,75,61
3728,0,76,61
3729,0,77,61
3730,0,78,61
3731,0,79,61
3732,0,80,61
3733,0,81,61
3734,0,82,61
3735,0,83,61
3736,0,84,61
3737,0,85,61
3738,0,86,61
3739,0,87,61
3740,0,88,61
3741,0,89,61
3742,0,90,61
3743,0,91,61
3744,0,92,61
3745,0,93,61
3746,0,94,61
3747,0,95,61
3748,0,96,61
3749,0,97,61
3750,0,98,61
3751,0,99,61
3752,0,100,61
3753,0,101,61
3754,0,102,61
3755,0,103,61
3756,0,104,61
3757,0,105,61
3758,0,106,61
3759,0,107,61
3760,0,108,61
3761,0,109,61
3762,0,110,61
3763,0,111,61
3764,0,112,61
3765,0,113,61
3766,0,114,61
3767,0,115,61
3768,0,116,61
3769,0,117,61
3770,0,118,61
3771,0,119,61
3772,0,120,61
3773,0,121,61
3774,0,122,61
3775,0,123,61
3776,0,124,61
3777,0,125,61
3778,0,126,61
3779,0,127,61
3780,0,128,61
3781,0,129,61
3782,0,130,61
3783,0,131,61
3784,0,132,61
3785,0,133,61
3786,0,134,61
3787,0,135,61
3788,0,136,61
3789,0,137,61
3790,0,138,61
3791,0,139,61
3792,0,140,61
3793,0,141,61
3794,0,142,61
3795,0,143,61
3796,0,144,61
3797,0,145,61
3798,0,146,61
3799,0,306,61
3800,0,311,61
3801,0,312,61
3802,0,313,61
3803,0,314,61
3804,0,315,61
3805,0,316,61
3806,0,317,61
3807,0,318,61
3808,0,319,61
3809,0,320,61
3810,0,321,61
3811,0,322,61
3812,0,323,61
3813,0,324,61
3814,0,325,61
3815,0,326,61
3816,0,327,61
3817,0,328,61
3818,0,329,61
3819,0,330,61
3820,0,331,61
3821,0,332,61
3822,0,333,61
3823,0,334,61
3824,0,335,61
3825,0,336,61
3826,0,337,61
3827,0,338,61
3828,0,341,61
3829,0,342,61
3830,0,343,61
3831,0,344,61
3832,0,345,61
3833,0,346,61
3834,0,347,61
3835,0,348,61
3836,0,349,61
3837,0,350,61
3838,0,351,61
3839,0,352,61
3840,0,353,61
3841,0,354,61
3842,0,355,61
3843,0,356,61
3844,0,357,61
3845,0,358,61
3846,0,359,61
3847,0,360,61
3848,0,361,61
3849,0,362,61
3850,0,363,61
3851,0,364,61
3852,0,365,61
3853,0,366,61
3854,0,367,61
3855,0,368,61
3856,0,369,61
3857,0,370,61
3858,0,371,61
3859,0,372,61
3860,0,373,61
3861,0,374,61
3862,0,375,61
3863,0,376,61
3864,0,377,61
3865,0,378,61
3866,0,379,61
3867,0,380,61
3868,0,381,61
3869,0,382,61
3870,0,383,61
3871,0,384,61
3872,0,385,61
3873,0,418,61
3874,0,419,61
3875,0,420,61
3876,0,421,61
3877,0,422,61
3878,0,423,61
3879,0,424,61
3880,0,425,61
3881,0,426,61
3882,0,427,61
3883,0,428,61
3884,0,429,61
3885,0,430,61
3886,0,431,61
3887,0,432,61
3888,0,433,61
3889,0,33,62
3890,0,34,62
3891,0,35,62
3892,0,36,62
3893,0,37,62
3894,0,38,62
3895,0,39,62
3896,0,40,62
3897,0,41,62
3898,0,42,62
3899,0,43,62
3900,0,44,62
3901,0,45,62
3902,0,46,62
3903,0,47,62
3904,0,48,62
3905,0,49,62
3906,0,50,62
3907,0,51,62
3908,0,52,62
3909,0,53,62
3910,0,54,62
3911,0,55,62
3912,0,56,62
3913,0,57,62
3914,0,58,62
3915,0,59,62
3916,0,60,62
3917,0,61,62
3918,0,62,62
3919,0,63,62
3920,0,64,62
3921,0,65,62
3922,0,66,62
3923,0,67,62
3924,0,68,62
3925,0,69,62
3926,0,70,62
3927,0,71,62
3928,0,72,62
3929,0,73,62
3930,0,74,62
3931,0,75,62
3932,0,76,62
3933,0,77,62
3934,0,78,62
3935,0,79,62
3936,0,80,62
3937,0,81,62
3938,0,82,62
3939,0,83,62
3940,0,84,62
3941,0,85,62
3942,0,86,62
3943,0,87,62
3944,0,88,62
3945,0,89,62
3946,0,90,62
3947,0,91,62
3948,0,92,62
3949,0,93,62
3950,0,94,62
3951,0,95,62
3952,0,96,62
3953,0,97,62
3954,0,98,62
3955,0,99,62
3956,0,100,62
3957,0,101,62
3958,0,102,62
3959,0,103,62
3960,0,104,62
3961,0,105,62
3962,0,106,62
3963,0,107,62
3964,0,108,62
3965,0,109,62
3966,0,110,62
3967,0,111,62
3968,0,112,62
3969,0,113,62
3970,0,114,62
3971,0,115,62
3972,0,116,62
3973,0,117,62
3974,0,118,62
3975,0,119,62
3976,0,120,62
3977,0,121,62
3978,0,122,62
3979,0,123,62
3980,0,124,62
3981,0,125,62
3982,0,126,62
3983,0,127,62
3984,0,128,62
3985,0,129,62
3986,0,130,62
3987,0,131,62
3988,0,132,62
3989,0,133,62
3990,0,134,62
3991,0,135,62
3992,0,136,62
3993,0,137,62
3994,0,138,62
3995,0,139,62
3996,0,140,62
3997,0,141,62
3998,0,142,62
3999,0,143,62
4000,0,144,62
4001,0,145,62
4002,0,146,62
4003,0,306,62
4004,0,310,62
4005,0,311,62
4006,0,312,62
4007,0,313,62
4008,0,314,62
4009,0,315,62
4010,0,316,62
4011,0,317,62
4012,0,318,62
4013,0,319,62
4014,0,320,62
4015,0,321,62
4016,0,322,62
4017,0,323,62
4018,0,324,62
4019,0,325,62
4020,0,326,62
4021,0,327,62
4022,0,328,62
4023,0,329,62
4024,0,330,62
4025,0,331,62
4026,0,332,62
4027,0,333,62
4028,0,334,62
4029,0,335,62
4030,0,336,62
4031,0,337,62
4032,0,338,62
4033,0,343,62
4034,0,344,62
4035,0,345,62
4036,0,346,62
4037,0,347,62
4038,0,348,62
4039,0,349,62
4040,0,350,62
4041,0,351,62
4042,0,352,62
4043,0,353,62
4044,0,354,62
4045,0,355,62
4046,0,356,62
4047,0,357,62
4048,0,358,62
4049,0,359,62
4050,0,360,62
4051,0,361,62
4052,0,362,62
4053,0,363,62
4054,0,364,62
4055,0,365,62
4056,0,366,62
4057,0,367,62
4058,0,368,62
4059,0,369,62
4060,0,370,62
4061,0,371,62
4062,0,372,62
4063,0,373,62
4064,0,374,62
4065,0,375,62
4066,0,376,62
4067,0,377,62
4068,0,378,62
4069,0,379,62
4070,0,380,62
4071,0,381,62
4072,0,382,62
4073,0,383,62
4074,0,384,62
4075,0,385,62
4076,0,386,62
4077,0,418,62
4078,0,419,62
4079,0,420,62
4080,0,421,62
4081,0,422,62
4082,0,423,62
4083,0,424,62
4084,0,425,62
4085,0,426,62
4086,0,427,62
4087,0,428,62
4088,0,429,62
4089,0,430,62
4090,0,431,62
4091,0,432,62
4092,0,433,62
4093,0,33,63
4094,0,34,63
4095,0,35,63
4096,0,36,63
4097,0,37,63
4098,0,38,63
4099,0,39,63
4100,0,40,63
4101,0,41,63
4102,0,42,63
4103,0,43,63
4104,0,44,63
4105,0,45,63
4106,0,46,63
4107,0,47,63
4108,0,48,63
4109,0,49,63
4110,0,50,63
4111,0,51,63
4112,0,52,63
4113,0,53,63
4114,0,54,63
4115,0,55,63
4116,0,56,63
4117,0,57,63
4118,0,58,63
4119,0,59,63
4120,0,60,63
4121,0,61,63
4122,0,62,63
4123,0,63,63
4124,0,64,63
4125,0,65,63
4126,0,66,63
4127,0,67,63
4128,0,68,63
4129,0,69,63
4130,0,70,63
4131,0,71,63
4132,0,72,63
4133,0,73,63
4134,0,74,63
4135,0,75,63
4136,0,76,63
4137,0,77,63
4138,0,78,63
4139,0,79,63
4140,0,80,63
4141,0,81,63
4142,0,82,63
4143,0,83,63
4144,0,84,63
4145,0,85,63
4146,0,86,63
4147,0,87,63
4148,0,88,63
4149,0,89,63
4150,0,90,63
4151,0,91,63
4152,0,92,63
4153,0,93,63
4154,0,94,63
4155,0,95,63
4156,0,96,63
4157,0,97,63
4158,0,98,63
4159,0,99,63
4160,0,100,63
4161,0,101,63
4162,0,102,63
4163,0,103,63
4164,0,104,63
4165,0,105,63
4166,0,106,63
4167,0,107,63
4168,0,108,63
4169,0,109,63
4170,0,110,63
4171,0,111,63
4172,0,112,63
4173,0,113,63
4174,0,114,63
4175,0,115,63
4176,0,116,63
4177,0,117,63
4178,0,118,63
4179,0,119,63
4180,0,120,63
4181,0,121,63
4182,0,122,63
4183,0,123,63
4184,0,124,63
4185,0,125,63
4186,0,126,63
4187,0,127,63
4188,0,128,63
4189,0,129,63
4190,0,130,63
4191,0,131,63
4192,0,132,63
4193,0,133,63
4194,0,134,63
4195,0,135,63
4196,0,136,63
4197,0,137,63
4198,0,138,63
4199,0,139,63
4200,0,140,63
4201,0,141,63
4202,0,142,63
4203,0,143,63
4204,0,144,63
4205,0,145,63
4206,0,146,63
4207,0,306,63
4208,0,307,63
4209,0,310,63
4210,0,311,63
4211,0,312,63
4212,0,313,63
4213,0,314,63
4214,0,315,63
4215,0,316,63
4216,0,317,63
4217,0,318,63
4218,0,319,63
4219,0,320,63
4220,0,321,63
4221,0,322,63
4222,0,323,63
4223,0,324,63
4224,0,325,63
4225,0,326,63
4226,0,327,63
4227,0,328,63
4228,0,329,63
4229,0,330,63
4230,0,331,63
4231,0,332,63
4232,0,333,63
4233,0,334,63
4234,0,335,63
4235,0,336,63
4236,0,337,63
4237,0,338,63
4238,0,339,63
4239,0,340,63
4240,0,341,63
4241,0,342,63
4242,0,343,63
4243,0,344,63
4244,0,345,63
4245,0,346,63
4246,0,347,63
4247,0,348,63
4248,0,349,63
4249,0,350,63
4250,0,351,63
4251,0,352,63
4252,0,353,63
4253,0,354,63
4254,0,355,63
4255,0,356,63
4256,0,357,63
4257,0,358,63
4258,0,359,63
4259,0,360,63
4260,0,361,63
4261,0,362,63
4262,0,363,63
4263,0,364,63
4264,0,365,63
4265,0,366,63
4266,0,367,63
4267,0,368,63
4268,0,369,63
4269,0,370,63
4270,0,371,63
4271,0,372,63
4272,0,373,63
4273,0,374,63
4274,0,375,63
4275,0,376,63
4276,0,377,63
4277,0,378,63
4278,0,379,63
4279,0,380,63
4280,0,381,63
4281,0,382,63
4282,0,383,63
4283,0,384,63
4284,0,385,63
4285,0,386,63
4286,0,387,63
4287,0,400,63
4288,0,401,63
4289,0,418,63
4290,0,419,63
4291,0,420,63
4292,0,421,63
4293,0,422,63
4294,0,423,63
4295,0,424,63
4296,0,425,63
4297,0,426,63
4298,0,427,63
4299,0,428,63
4300,0,429,63
4301,0,430,63
4302,0,431,63
4303,0,432,63
4304,0,433,63
4305,0,34,64
4306,0,35,64
4307,0,36,64
4308,0,37,64
4309,0,38,64
4310,0,39,64
4311,0,40,64
4312,0,41,64
4313,0,42,64
4314,0,43,64
4315,0,44,64
4316,0,45,64
4317,0,46,64
4318,0,47,64
4319,0,48,64
4320,0,49,64
4321,0,50,64
4322,0,51,64
4323,0,52,64
4324,0,53,64
4325,0,54,64
4326,0,55,64
4327,0,56,64
4328,0,57,64
4329,0,58,64
4330,0,59,64
4331,0,60,64
4332,0,61,64
4333,0,62,64
4334,0,63,64
4335,0,64,64
4336,0,65,64
4337,0,66,64
4338,0,67,64
4339,0,68,64
4340,0,69,64
4341,0,70,64
4342,0,71,64
4343,0,72,64
4344,0,73,64
4345,0,74,64
4346,0,75,64
4347,0,76,64
4348,0,77,64
4349,0,78,64
4350,0,79,64
4351,0,80,64
4352,0,81,64
4353,0,82,64
4354,0,83,64
4355,0,84,64
4356,0,85,64
4357,0,86,64
4358,0,87,64
4359,0,88,64
4360,0,89,64
4361,0,90,64
4362,0,91,64
4363,0,92,64
4364,0,93,64
4365,0,94,64
4366,0,95,64
4367,0,96,64
4368,0,97,64
4369,0,98,64
4370,0,99,64
4371,0,100,64
4372,0,101,64
4373,0,102,64
4374,0,103,64
4375,0,104,64
4376,0,105,64
4377,0,106,64
4378,0,107,64
4379,0,108,64
4380,0,109,64
4381,0,110,64
4382,0,111,64
4383,0,112,64
4384,0,113,64
4385,0,114,64
4386,0,115,64
4387,0,116,64
4388,0,117,64
4389,0,118,64
4390,0,119,64
4391,0,120,64
4392,0,121,64
4393,0,122,64
4394,0,123,64
4395,0,124,64
4396,0,125,64
4397,0,126,64
4398,0,127,64
4399,0,128,64
4400,0,129,64
4401,0,130,64
4402,0,131,64
4403,0,132,64
4404,0,133,64
4405,0,134,64
4406,0,135,64
4407,0,136,64
4408,0,137,64
4409,0,138,64
4410,0,139,64
4411,0,140,64
4412,0,141,64
4413,0,142,64
4414,0,143,64
4415,0,144,64
4416,0,145,64
4417,0,306,64
4418,0,307,64
4419,0,310,64
4420,0,311,64
4421,0,312,64
4422,0,313,64
4423,0,314,64
4424,0,315,64
4425,0,316,64
4426,0,317,64
4427,0,318,64
4428,0,319,64
4429,0,320,64
4430,0,321,64
4431,0,322,64
4432,0,323,64
4433,0,324,64
4434,0,325,64
4435,0,326,64
4436,0,327,64
4437,0,328,64
4438,0,329,64
4439,0,330,64
4440,0,331,64
4441,0,332,64
4442,0,333,64
4443,0,334,64
4444,0,335,64
4445,0,336,64
4446,0,337,64
4447,0,338,64
4448,0,339,64
4449,0,340,64
4450,0,341,64
4451,0,342,64
4452,0,343,64
4453,0,344,64
4454,0,345,64
4455,0,346,64
4456,0,347,64
4457,0,348,64
4458,0,349,64
4459,0,350,64
4460,0,351,64
4461,0,352,64
4462,0,353,64
4463,0,354,64
4464,0,355,64
4465,0,356,64
4466,0,357,64
4467,0,358,64
4468,0,359,64
4469,0,360,64
4470,0,361,64
4471,0,362,64
4472,0,363,64
4473,0,364,64
4474,0,365,64
4475,0,366,64
4476,0,367,64
4477,0,368,64
4478,0,369,64
4479,0,370,64
4480,0,371,64
4481,0,372,64
4482,0,373,64
4483,0,374,64
4484,0,375,64
4485,0,376,64
4486,0,377,64
4487,0,378,64
4488,0,379,64
4489,0,380,64
4490,0,381,64
4491,0,382,64
4492,0,383,64
4493,0,384,64
4494,0,385,64
4495,0,386,64
4496,0,387,64
4497,0,388,64
4498,0,393,64
4499,0,394,64
4500,0,399,64
4501,0,400,64
4502,0,401,64
4503,0,418,64
4504,0,419,64
4505,0,420,64
4506,0,421,64
4507,0,422,64
4508,0,423,64
4509,0,424,64
4510,0,425,64
4511,0,426,64
4512,0,427,64
4513,0,428,64
4514,0,429,64
4515,0,430,64
4516,0,431,64
4517,0,432,64
4518,0,433,64
4519,0,33,65
4520,0,34,65
4521,0,35,65
4522,0,36,65
4523,0,37,65
4524,0,38,65
4525,0,39,65
4526,0,40,65
4527,0,41,65
4528,0,42,65
4529,0,43,65
4530,0,44,65
4531,0,45,65
4532,0,46,65
4533,0,47,65
4534,0,48,65
4535,0,49,65
4536,0,50,65
4537,0,51,65
4538,0,52,65
4539,0,53,65
4540,0,54,65
4541,0,55,65
4542,0,56,65
4543,0,57,65
4544,0,58,65
4545,0,59,65
4546,0,60,65
4547,0,61,65
4548,0,62,65
4549,0,63,65
4550,0,64,65
4551,0,65,65
4552,0,66,65
4553,0,67,65
4554,0,68,65
4555,0,69,65
4556,0,70,65
4557,0,71,65
4558,0,72,65
4559,0,73,65
4560,0,74,65
4561,0,75,65
4562,0,76,65
4563,0,77,65
4564,0,78,65
4565,0,79,65
4566,0,80,65
4567,0,81,65
4568,0,82,65
4569,0,83,65
4570,0,84,65
4571,0,85,65
4572,0,86,65
4573,0,87,65
4574,0,88,65
4575,0,89,65
4576,0,90,65
4577,0,91,65
4578,0,92,65
4579,0,93,65
4580,0,94,65
4581,0,95,65
4582,0,96,65
4583,0,97,65
4584,0,98,65
4585,0,99,65
4586,0,100,65
4587,0,101,65
4588,0,102,65
4589,0,103,65
4590,0,104,65
4591,0,105,65
4592,0,106,65
4593,0,107,65
4594,0,108,65
4595,0,109,65
4596,0,110,65
4597,0,111,65
4598,0,112,65
4599,0,113,65
4600,0,114,65
4601,0,115,65
4602,0,116,65
4603,0,117,65
4604,0,118,65
4605,0,119,65
4606,0,120,65
4607,0,121,65
4608,0,122,65
4609,0,123,65
4610,0,124,65
4611,0,125,65
4612,0,126,65
4613,0,127,65
4614,0,128,65
4615,0,129,65
4616,0,130,65
4617,0,131,65
4618,0,132,65
4619,0,133,65
4620,0,134,65
4621,0,135,65
4622,0,136,65
4623,0,137,65
4624,0,138,65
4625,0,139,65
4626,0,140,65
4627,0,141,65
4628,0,142,65
4629,0,143,65
4630,0,144,65
4631,0,145,65
4632,0,306,65
4633,0,307,65
4634,0,311,65
4635,0,312,65
4636,0,313,65
4637,0,314,65
4638,0,315,65
4639,0,316,65
4640,0,317,65
4641,0,318,65
4642,0,320,65
4643,0,321,65
4644,0,322,65
4645,0,323,65
4646,0,324,65
4647,0,325,65
4648,0,326,65
4649,0,327,65
4650,0,328,65
4651,0,329,65
4652,0,330,65
4653,0,331,65
4654,0,332,65
4655,0,333,65
4656,0,334,65
4657,0,335,65
4658,0,336,65
4659,0,337,65
4660,0,338,65
4661,0,339,65
4662,0,340,65
4663,0,341,65
4664,0,342,65
4665,0,343,65
4666,0,344,65
4667,0,345,65
4668,0,346,65
4669,0,347,65
4670,0,348,65
4671,0,349,65
4672,0,350,65
4673,0,351,65
4674,0,352,65
4675,0,353,65
4676,0,354,65
4677,0,355,65
4678,0,356,65
4679,0,357,65
4680,0,358,65
4681,0,359,65
4682,0,360,65
4683,0,361,65
4684,0,362,65
4685,0,363,65
4686,0,364,65
4687,0,365,65
4688,0,366,65
4689,0,367,65
4690,0,368,65
4691,0,369,65
4692,0,370,65
4693,0,371,65
4694,0,372,65
4695,0,373,65
4696,0,374,65
4697,0,375,65
4698,0,376,65
4699,0,377,65
4700,0,378,65
4701,0,379,65
4702,0,380,65
4703,0,381,65
4704,0,382,65
4705,0,383,65
4706,0,384,65
4707,0,385,65
4708,0,386,65
4709,0,387,65
4710,0,388,65
4711,0,389,65
4712,0,390,65
4713,0,391,65
4714,0,392,65
4715,0,393,65
4716,0,394,65
4717,0,395,65
4718,0,396,65
4719,0,397,65
4720,0,398,65
4721,0,399,65
4722,0,400,65
4723,0,401,65
4724,0,418,65
4725,0,419,65
4726,0,420,65
4727,0,421,65
4728,0,422,65
4729,0,423,65
4730,0,424,65
4731,0,425,65
4732,0,426,65
4733,0,427,65
4734,0,428,65
4735,0,429,65
4736,0,430,65
4737,0,431,65
4738,0,432,65
4739,0,433,65
4740,0,33,66
4741,0,34,66
4742,0,35,66
4743,0,36,66
4744,0,37,66
4745,0,38,66
4746,0,39,66
4747,0,40,66
4748,0,41,66
4749,0,42,66
4750,0,43,66
4751,0,44,66
4752,0,45,66
4753,0,46,66
4754,0,47,66
4755,0,48,66
4756,0,49,66
4757,0,50,66
4758,0,51,66
4759,0,52,66
4760,0,53,66
4761,0,54,66
4762,0,55,66
4763,0,56,66
4764,0,57,66
4765,0,58,66
4766,0,59,66
4767,0,60,66
4768,0,61,66
4769,0,62,66
4770,0,63,66
4771,0,64,66
4772,0,65,66
4773,0,66,66
4774,0,67,66
4775,0,68,66
4776,0,69,66
4777,0,70,66
4778,0,71,66
4779,0,72,66
4780,0,73,66
4781,0,74,66
4782,0,75,66
4783,0,76,66
4784,0,77,66
4785,0,78,66
4786,0,79,66
4787,0,80,66
4788,0,81,66
4789,0,82,66
4790,0,83,66
4791,0,84,66
4792,0,85,66
4793,0,86,66
4794,0,87,66
4795,0,88,66
4796,0,89,66
4797,0,90,66
4798,0,91,66
4799,0,92,66
4800,0,93,66
4801,0,94,66
4802,0,95,66
4803,0,96,66
4804,0,97,66
4805,0,98,66
4806,0,99,66
4807,0,100,66
4808,0,101,66
4809,0,102,66
4810,0,103,66
4811,0,104,66
4812,0,105,66
4813,0,106,66
4814,0,107,66
4815,0,108,66
4816,0,109,66
4817,0,110,66
4818,0,111,66
4819,0,112,66
4820,0,113,66
4821,0,114,66
4822,0,115,66
4823,0,116,66
4824,0,117,66
4825,0,118,66
4826,0,119,66
4827,0,120,66
4828,0,121,66
4829,0,122,66
4830,0,123,66
4831,0,124,66
4832,0,125,66
4833,0,126,66
4834,0,127,66
4835,0,128,66
4836,0,129,66
4837,0,130,66
4838,0,131,66
4839,0,132,66
4840,0,133,66
4841,0,134,66
4842,0,135,66
4843,0,136,66
4844,0,137,66
4845,0,138,66
4846,0,139,66
4847,0,140,66
4848,0,141,66
4849,0,142,66
4850,0,143,66
4851,0,144,66
4852,0,145,66
4853,0,306,66
4854,0,307,66
4855,0,311,66
4856,0,312,66
4857,0,313,66
4858,0,314,66
4859,0,315,66
4860,0,316,66
4861,0,320,66
4862,0,321,66
4863,0,322,66
4864,0,323,66
4865,0,324,66
4866,0,325,66
4867,0,326,66
4868,0,327,66
4869,0,328,66
4870,0,329,66
4871,0,330,66
4872,0,331,66
4873,0,332,66
4874,0,333,66
4875,0,334,66
4876,0,335,66
4877,0,336,66
4878,0,337,66
4879,0,338,66
4880,0,339,66
4881,0,340,66
4882,0,341,66
4883,0,342,66
4884,0,343,66
4885,0,344,66
4886,0,345,66
4887,0,346,66
4888,0,347,66
4889,0,348,66
4890,0,349,66
4891,0,350,66
4892,0,351,66
4893,0,352,66
4894,0,353,66
4895,0,354,66
4896,0,355,66
4897,0,356,66
4898,0,357,66
4899,0,358,66
4900,0,359,66
4901,0,360,66
4902,0,361,66
4903,0,362,66
4904,0,363,66
4905,0,364,66
4906,0,365,66
4907,0,366,66
4908,0,367,66
4909,0,368,66
4910,0,369,66
4911,0,370,66
4912,0,371,66
4913,0,372,66
4914,0,373,66
4915,0,374,66
4916,0,375,66
4917,0,376,66
4918,0,377,66
4919,0,378,66
4920,0,379,66
4921,0,380,66
4922,0,381,66
4923,0,382,66
4924,0,383,66
4925,0,384,66
4926,0,385,66
4927,0,386,66
4928,0,387,66
4929,0,388,66
4930,0,389,66
4931,0,390,66
4932,0,391,66
4933,0,392,66
4934,0,393,66
4935,0,394,66
4936,0,395,66
4937,0,396,66
4938,0,397,66
4939,0,398,66
4940,0,399,66
4941,0,400,66
4942,0,401,66
4943,0,418,66
4944,0,419,66
4945,0,420,66
4946,0,421,66
4947,0,422,66
4948,0,423,66
4949,0,424,66
4950,0,425,66
4951,0,426,66
4952,0,427,66
4953,0,428,66
4954,0,429,66
4955,0,430,66
4956,0,431,66
4957,0,432,66
4958,0,433,66
4959,0,33,67
4960,0,34,67
4961,0,35,67
4962,0,36,67
4963,0,37,67
4964,0,38,67
4965,0,39,67
4966,0,40,67
4967,0,41,67
4968,0,42,67
4969,0,43,67
4970,0,44,67
4971,0,45,67
4972,0,46,67
4973,0,47,67
4974,0,48,67
4975,0,49,67
4976,0,50,67
4977,0,51,67
4978,0,52,67
4979,0,53,67
4980,0,54,67
4981,0,55,67
4982,0,56,67
4983,0,57,67
4984,0,58,67
4985,0,59,67
4986,0,60,67
4987,0,61,67
4988,0,62,67
4989,0,63,67
4990,0,64,67
4991,0,65,67
4992,0,66,67
4993,0,67,67
4994,0,68,67
4995,0,69,67
4996,0,70,67
4997,0,71,67
4998,0,72,67
4999,0,73,67
5000,0,74,67
5001,0,75,67
5002,0,76,67
5003,0,77,67
5004,0,78,67
5005,0,79,67
5006,0,80,67
5007,0,81,67
5008,0,82,67
5009,0,83,67
5010,0,84,67
5011,0,85,67
5012,0,86,67
5013,0,87,67
5014,0,88,67
5015,0,89,67
5016,0,90,67
5017,0,91,67
5018,0,92,67
5019,0,93,67
5020,0,94,67
5021,0,95,67
5022,0,96,67
5023,0,97,67
5024,0,98,67
5025,0,99,67
5026,0,100,67
5027,0,101,67
5028,0,102,67
5029,0,103,67
5030,0,104,67
5031,0,105,67
5032,0,106,67
5033,0,107,67
5034,0,108,67
5035,0,109,67
5036,0,110,67
5037,0,111,67
5038,0,112,67
5039,0,113,67
5040,0,114,67
5041,0,115,67
5042,0,116,67
5043,0,117,67
5044,0,118,67
5045,0,119,67
5046,0,120,67
5047,0,121,67
5048,0,122,67
5049,0,123,67
5050,0,124,67
5051,0,125,67
5052,0,126,67
5053,0,127,67
5054,0,128,67
5055,0,129,67
5056,0,130,67
5057,0,131,67
5058,0,132,67
5059,0,133,67
5060,0,134,67
5061,0,135,67
5062,0,136,67
5063,0,137,67
5064,0,138,67
5065,0,139,67
5066,0,140,67
5067,0,141,67
5068,0,142,67
5069,0,143,67
5070,0,144,67
5071,0,145,67
5072,0,146,67
5073,0,306,67
5074,0,311,67
5075,0,312,67
5076,0,313,67
5077,0,320,67
5078,0,321,67
5079,0,322,67
5080,0,323,67
5081,0,324,67
5082,0,325,67
5083,0,326,67
5084,0,327,67
5085,0,328,67
5086,0,329,67
5087,0,330,67
5088,0,331,67
5089,0,332,67
5090,0,333,67
5091,0,334,67
5092,0,335,67
5093,0,336,67
5094,0,337,67
5095,0,338,67
5096,0,339,67
5097,0,340,67
5098,0,341,67
5099,0,342,67
5100,0,343,67
5101,0,344,67
5102,0,345,67
5103,0,346,67
5104,0,347,67
5105,0,348,67
5106,0,349,67
5107,0,350,67
5108,0,351,67
5109,0,352,67
5110,0,353,67
5111,0,354,67
5112,0,355,67
5113,0,356,67
5114,0,357,67
5115,0,358,67
5116,0,359,67
5117,0,360,67
5118,0,361,67
5119,0,362,67
5120,0,363,67
5121,0,364,67
5122,0,365,67
5123,0,366,67
5124,0,367,67
5125,0,368,67
5126,0,369,67
5127,0,370,67
5128,0,371,67
5129,0,372,67
5130,0,373,67
5131,0,374,67
5132,0,375,67
5133,0,376,67
5134,0,377,67
5135,0,378,67
5136,0,379,67
5137,0,380,67
5138,0,381,67
5139,0,382,67
5140,0,383,67
5141,0,384,67
5142,0,385,67
5143,0,386,67
5144,0,387,67
5145,0,388,67
5146,0,389,67
5147,0,390,67
5148,0,391,67
5149,0,392,67
5150,0,393,67
5151,0,394,67
5152,0,395,67
5153,0,396,67
5154,0,397,67
5155,0,398,67
5156,0,399,67
5157,0,400,67
5158,0,401,67
5159,0,418,67
5160,0,419,67
5161,0,420,67
5162,0,421,67
5163,0,422,67
5164,0,423,67
5165,0,424,67
5166,0,425,67
5167,0,426,67
5168,0,427,67
5169,0,428,67
5170,0,429,67
5171,0,430,67
5172,0,431,67
5173,0,432,67
5174,0,433,67
5175,0,33,68
5176,0,34,68
5177,0,35,68
5178,0,36,68
5179,0,37,68
5180,0,38,68
5181,0,39,68
5182,0,40,68
5183,0,41,68
5184,0,42,68
5185,0,43,68
5186,0,44,68
5187,0,45,68
5188,0,46,68
5189,0,47,68
5190,0,48,68
5191,0,49,68
5192,0,50,68
5193,0,51,68
5194,0,52,68
5195,0,53,68
5196,0,54,68
5197,0,55,68
5198,0,56,68
5199,0,57,68
5200,0,58,68
5201,0,59,68
5202,0,60,68
5203,0,61,68
5204,0,62,68
5205,0,63,68
5206,0,64,68
5207,0,65,68
5208,0,66,68
5209,0,67,68
5210,0,68,68
5211,0,69,68
5212,0,70,68
5213,0,71,68
5214,0,72,68
5215,0,73,68
5216,0,74,68
5217,0,75,68
5218,0,76,68
5219,0,77,68
5220,0,78,68
5221,0,79,68
5222,0,80,68
5223,0,81,68
5224,0,82,68
5225,0,83,68
5226,0,84,68
5227,0,85,68
5228,0,86,68
5229,0,87,68
5230,0,88,68
5231,0,89,68
5232,0,90,68
5233,0,91,68
5234,0,92,68
5235,0,93,68
5236,0,94,68
5237,0,95,68
5238,0,96,68
5239,0,97,68
5240,0,98,68
5241,0,99,68
5242,0,100,68
5243,0,101,68
5244,0,102,68
5245,0,103,68
5246,0,104,68
5247,0,105,68
5248,0,106,68
5249,0,107,68
5250,0,108,68
5251,0,109,68
5252,0,110,68
5253,0,111,68
5254,0,112,68
5255,0,113,68
5256,0,114,68
5257,0,115,68
5258,0,116,68
5259,0,117,68
5260,0,118,68
5261,0,119,68
5262,0,120,68
5263,0,121,68
5264,0,122,68
5265,0,123,68
5266,0,124,68
5267,0,125,68
5268,0,126,68
5269,0,127,68
5270,0,128,68
5271,0,129,68
5272,0,130,68
5273,0,131,68
5274,0,132,68
5275,0,133,68
5276,0,134,68
5277,0,135,68
5278,0,136,68
5279,0,137,68
5280,0,138,68
5281,0,139,68
5282,0,140,68
5283,0,141,68
5284,0,142,68
5285,0,143,68
5286,0,144,68
5287,0,145,68
5288,0,146,68
5289,0,306,68
5290,0,321,68
5291,0,322,68
5292,0,323,68
5293,0,324,68
5294,0,325,68
5295,0,326,68
5296,0,327,68
5297,0,328,68
5298,0,329,68
5299,0,330,68
5300,0,331,68
5301,0,332,68
5302,0,333,68
5303,0,334,68
5304,0,335,68
5305,0,336,68
5306,0,337,68
5307,0,338,68
5308,0,339,68
5309,0,340,68
5310,0,341,68
5311,0,342,68
5312,0,343,68
5313,0,344,68
5314,0,345,68
5315,0,346,68
5316,0,347,68
5317,0,348,68
5318,0,349,68
5319,0,350,68
5320,0,351,68
5321,0,352,68
5322,0,353,68
5323,0,354,68
5324,0,355,68
5325,0,356,68
5326,0,357,68
5327,0,358,68
5328,0,359,68
5329,0,360,68
5330,0,361,68
5331,0,362,68
5332,0,363,68
5333,0,364,68
5334,0,365,68
5335,0,366,68
5336,0,367,68
5337,0,368,68
5338,0,369,68
5339,0,370,68
5340,0,371,68
5341,0,372,68
5342,0,373,68
5343,0,374,68
5344,0,375,68
5345,0,376,68
5346,0,377,68
5347,0,378,68
5348,0,379,68
5349,0,380,68
5350,0,381,68
5351,0,382,68
5352,0,383,68
5353,0,384,68
5354,0,385,68
5355,0,386,68
5356,0,387,68
5357,0,388,68
5358,0,389,68
5359,0,390,68
5360,0,391,68
5361,0,392,68
5362,0,393,68
5363,0,394,68
5364,0,395,68
5365,0,396,68
5366,0,397,68
5367,0,398,68
5368,0,399,68
5369,0,400,68
5370,0,401,68
5371,0,418,68
5372,0,419,68
5373,0,420,68
5374,0,421,68
5375,0,422,68
5376,0,423,68
5377,0,424,68
5378,0,425,68
5379,0,426,68
5380,0,427,68
5381,0,428,68
5382,0,429,68
5383,0,430,68
5384,0,431,68
5385,0,432,68
5386,0,433,68
5387,0,33,69
5388,0,34,69
5389,0,35,69
5390,0,36,69
5391,0,37,69
5392,0,38,69
5393,0,39,69
5394,0,40,69
5395,0,41,69
5396,0,42,69
5397,0,43,69
5398,0,44,69
5399,0,45,69
5400,0,46,69
5401,0,47,69
5402,0,48,69
5403,0,49,69
5404,0,50,69
5405,0,51,69
5406,0,52,69
5407,0,53,69
5408,0,54,69
5409,0,55,69
5410,0,56,69
5411,0,57,69
5412,0,58,69
5413,0,59,69
5414,0,60,69
5415,0,61,69
5416,0,62,69
5417,0,63,69
5418,0,64,69
5419,0,65,69
5420,0,66,69
5421,0,67,69
5422,0,68,69
5423,0,69,69
5424,0,70,69
5425,0,71,69
5426,0,72,69
5427,0,73,69
5428,0,74,69
5429,0,75,69
5430,0,76,69
5431,0,77,69
5432,0,78,69
5433,0,79,69
5434,0,80,69
5435,0,81,69
5436,0,82,69
5437,0,83,69
5438,0,84,69
5439,0,85,69
5440,0,86,69
5441,0,87,69
5442,0,88,69
5443,0,89,69
5444,0,90,69
5445,0,91,69
5446,0,92,69
5447,0,93,69
5448,0,94,69
5449,0,95,69
5450,0,96,69
5451,0,97,69
5452,0,98,69
5453,0,99,69
5454,0,100,69
5455,0,101,69
5456,0,102,69
5457,0,103,69
5458,0,104,69
5459,0,105,69
5460,0,106,69
5461,0,107,69
5462,0,108,69
5463,0,109,69
5464,0,110,69
5465,0,111,69
5466,0,112,69
5467,0,113,69
5468,0,114,69
5469,0,115,69
5470,0,116,69
5471,0,117,69
5472,0,118,69
5473,0,119,69
5474,0,120,69
5475,0,121,69
5476,0,122,69
5477,0,123,69
5478,0,124,69
5479,0,125,69
5480,0,126,69
5481,0,127,69
5482,0,128,69
5483,0,129,69
5484,0,130,69
5485,0,131,69
5486,0,132,69
5487,0,133,69
5488,0,134,69
5489,0,135,69
5490,0,136,69
5491,0,137,69
5492,0,138,69
5493,0,139,69
5494,0,140,69
5495,0,141,69
5496,0,142,69
5497,0,143,69
5498,0,144,69
5499,0,145,69
5500,0,146,69
5501,0,306,69
5502,0,321,69
5503,0,322,69
5504,0,323,69
5505,0,324,69
5506,0,325,69
5507,0,326,69
5508,0,327,69
5509,0,328,69
5510,0,329,69
5511,0,330,69
5512,0,331,69
5513,0,332,69
5514,0,333,69
5515,0,334,69
5516,0,335,69
5517,0,336,69
5518,0,337,69
5519,0,338,69
5520,0,339,69
5521,0,340,69
5522,0,341,69
5523,0,342,69
5524,0,343,69
5525,0,344,69
5526,0,345,69
5527,0,346,69
5528,0,347,69
5529,0,348,69
5530,0,349,69
5531,0,350,69
5532,0,351,69
5533,0,352,69
5534,0,353,69
5535,0,354,69
5536,0,355,69
5537,0,356,69
5538,0,357,69
5539,0,358,69
5540,0,359,69
5541,0,360,69
5542,0,361,69
5543,0,362,69
5544,0,363,69
5545,0,364,69
5546,0,365,69
5547,0,366,69
5548,0,367,69
5549,0,368,69
5550,0,369,69
5551,0,370,69
5552,0,371,69
5553,0,372,69
5554,0,373,69
5555,0,374,69
5556,0,375,69
5557,0,376,69
5558,0,377,69
5559,0,378,69
5560,0,379,69
5561,0,380,69
5562,0,381,69
5563,0,382,69
5564,0,383,69
5565,0,384,69
5566,0,385,69
5567,0,386,69
5568,0,387,69
5569,0,388,69
5570,0,389,69
5571,0,390,69
5572,0,391,69
5573,0,392,69
5574,0,393,69
5575,0,394,69
5576,0,395,69
5577,0,396,69
5578,0,397,69
5579,0,398,69
5580,0,399,69
5581,0,400,69
5582,0,401,69
5583,0,418,69
5584,0,419,69
5585,0,420,69
5586,0,421,69
5587,0,422,69
5588,0,423,69
5589,0,424,69
5590,0,425,69
5591,0,426,69
5592,0,427,69
5593,0,428,69
5594,0,429,69
5595,0,430,69
5596,0,431,69
5597,0,432,69
5598,0,433,69
5599,0,33,70
5600,0,34,70
5601,0,35,70
5602,0,36,70
5603,0,37,70
5604,0,38,70
5605,0,39,70
5606,0,40,70
5607,0,41,70
5608,0,42,70
5609,0,43,70
5610,0,44,70
5611,0,45,70
5612,0,46,70
5613,0,47,70
5614,0,48,70
5615,0,49,70
5616,0,50,70
5617,0,51,70
5618,0,52,70
5619,0,53,70
5620,0,54,70
5621,0,55,70
5622,0,56,70
5623,0,57,70
5624,0,58,70
5625,0,59,70
5626,0,60,70
5627,0,61,70
5628,0,62,70
5629,0,63,70
5630,0,64,70
5631,0,65,70
5632,0,66,70
5633,0,67,70
5634,0,68,70
5635,0,69,70
5636,0,70,70
5637,0,71,70
5638,0,72,70
5639,0,73,70
5640,0,74,70
5641,0,75,70
5642,0,76,70
5643,0,77,70
5644,0,78,70
5645,0,79,70
5646,0,80,70
5647,0,81,70
5648,0,82,70
5649,0,83,70
5650,0,84,70
5651,0,85,70
5652,0,86,70
5653,0,87,70
5654,0,88,70
5655,0,89,70
5656,0,90,70
5657,0,91,70
5658,0,92,70
5659,0,93,70
5660,0,94,70
5661,0,95,70
5662,0,96,70
5663,0,97,70
5664,0,98,70
5665,0,99,70
5666,0,100,70
5667,0,101,70
5668,0,102,70
5669,0,103,70
5670,0,104,70
5671,0,105,70
5672,0,106,70
5673,0,107,70
5674,0,108,70
5675,0,109,70
5676,0,110,70
5677,0,111,70
5678,0,112,70
5679,0,113,70
5680,0,114,70
5681,0,115,70
5682,0,116,70
5683,0,117,70
5684,0,118,70
5685,0,119,70
5686,0,120,70
5687,0,121,70
5688,0,122,70
5689,0,123,70
5690,0,124,70
5691,0,125,70
5692,0,126,70
5693,0,127,70
5694,0,128,70
5695,0,129,70
5696,0,130,70
5697,0,131,70
5698,0,132,70
5699,0,133,70
5700,0,134,70
5701,0,135,70
5702,0,136,70
5703,0,137,70
5704,0,138,70
5705,0,139,70
5706,0,140,70
5707,0,141,70
5708,0,142,70
5709,0,143,70
5710,0,144,70
5711,0,145,70
5712,0,146,70
5713,0,306,70
5714,0,313,70
5715,0,314,70
5716,0,321,70
5717,0,322,70
5718,0,323,70
5719,0,324,70
5720,0,325,70
5721,0,326,70
5722,0,327,70
5723,0,328,70
5724,0,329,70
5725,0,330,70
5726,0,331,70
5727,0,332,70
5728,0,333,70
5729,0,334,70
5730,0,335,70
5731,0,336,70
5732,0,337,70
5733,0,338,70
5734,0,339,70
5735,0,340,70
5736,0,341,70
5737,0,342,70
5738,0,343,70
5739,0,344,70
5740,0,345,70
5741,0,346,70
5742,0,347,70
5743,0,348,70
5744,0,349,70
5745,0,350,70
5746,0,351,70
5747,0,352,70
5748,0,353,70
5749,0,354,70
5750,0,355,70
5751,0,356,70
5752,0,357,70
5753,0,358,70
5754,0,359,70
5755,0,360,70
5756,0,361,70
5757,0,362,70
5758,0,363,70
5759,0,364,70
5760,0,365,70
5761,0,366,70
5762,0,367,70
5763,0,368,70
5764,0,369,70
5765,0,370,70
5766,0,371,70
5767,0,372,70
5768,0,373,70
5769,0,374,70
5770,0,375,70
5771,0,376,70
5772,0,377,70
5773,0,378,70
5774,0,379,70
5775,0,380,70
5776,0,381,70
5777,0,382,70
5778,0,383,70
5779,0,384,70
5780,0,385,70
5781,0,386,70
5782,0,387,70
5783,0,388,70
5784,0,389,70
5785,0,390,70
5786,0,391,70
5787,0,392,70
5788,0,393,70
5789,0,394,70
5790,0,395,70
5791,0,396,70
5792,0,397,70
5793,0,398,70
5794,0,399,70
5795,0,400,70
5796,0,401,70
5797,0,418,70
5798,0,419,70
5799,0,420,70
5800,0,421,70
5801,0,422,70
5802,0,423,70
5803,0,424,70
5804,0,425,70
5805,0,426,70
5806,0,427,70
5807,0,428,70
5808,0,429,70
5809,0,430,70
5810,0,431,70
5811,0,432,70
5812,0,433,70
5813,0,33,71
5814,0,34,71
5815,0,35,71
5816,0,36,71
5817,0,37,71
5818,0,38,71
5819,0,39,71
5820,0,40,71
5821,0,41,71
5822,0,42,71
5823,0,43,71
5824,0,44,71
5825,0,45,71
5826,0,46,71
5827,0,47,71
5828,0,48,71
5829,0,49,71
5830,0,50,71
5831,0,51,71
5832,0,52,71
5833,0,53,71
5834,0,54,71
5835,0,55,71
5836,0,56,71
5837,0,57,71
5838,0,58,71
5839,0,59,71
5840,0,60,71
5841,0,61,71
5842,0,62,71
5843,0,63,71
5844,0,64,71
5845,0,65,71
5846,0,66,71
5847,0,67,71
5848,0,68,71
5849,0,69,71
5850,0,70,71
5851,0,71,71
5852,0,72,71
5853,0,73,71
5854,0,74,71
5855,0,75,71
5856,0,76,71
5857,0,77,71
5858,0,78,71
5859,0,79,71
5860,0,80,71
5861,0,81,71
5862,0,82,71
5863,0,83,71
5864,0,84,71
5865,0,85,71
5866,0,86,71
5867,0,87,71
5868,0,88,71
5869,0,89,71
5870,0,90,71
5871,0,91,71
5872,0,92,71
5873,0,93,71
5874,0,94,71
5875,0,95,71
5876,0,96,71
5877,0,97,71
5878,0,98,71
5879,0,99,71
5880,0,100,71
5881,0,101,71
5882,0,102,71
5883,0,103,71
5884,0,104,71
5885,0,105,71
5886,0,106,71
5887,0,107,71
5888,0,108,71
5889,0,109,71
5890,0,110,71
5891,0,111,71
5892,0,112,71
5893,0,113,71
5894,0,114,71
5895,0,115,71
5896,0,116,71
5897,0,117,71
5898,0,118,71
5899,0,119,71
5900,0,120,71
5901,0,121,71
5902,0,122,71
5903,0,123,71
5904,0,124,71
5905,0,125,71
5906,0,126,71
5907,0,127,71
5908,0,128,71
5909,0,129,71
5910,0,130,71
5911,0,131,71
5912,0,132,71
5913,0,133,71
5914,0,134,71
5915,0,135,71
5916,0,136,71
5917,0,137,71
5918,0,138,71
5919,0,139,71
5920,0,140,71
5921,0,141,71
5922,0,142,71
5923,0,143,71
5924,0,144,71
5925,0,145,71
5926,0,146,71
5927,0,306,71
5928,0,311,71
5929,0,312,71
5930,0,313,71
5931,0,314,71
5932,0,315,71
5933,0,316,71
5934,0,321,71
5935,0,322,71
5936,0,323,71
5937,0,324,71
5938,0,325,71
5939,0,326,71
5940,0,327,71
5941,0,328,71
5942,0,329,71
5943,0,330,71
5944,0,331,71
5945,0,332,71
5946,0,333,71
5947,0,334,71
5948,0,335,71
5949,0,336,71
5950,0,337,71
5951,0,338,71
5952,0,339,71
5953,0,340,71
5954,0,341,71
5955,0,342,71
5956,0,343,71
5957,0,344,71
5958,0,345,71
5959,0,346,71
5960,0,347,71
5961,0,348,71
5962,0,349,71
5963,0,350,71
5964,0,351,71
5965,0,352,71
5966,0,353,71
5967,0,354,71
5968,0,355,71
5969,0,356,71
5970,0,357,71
5971,0,358,71
5972,0,359,71
5973,0,360,71
5974,0,361,71
5975,0,362,71
5976,0,363,71
5977,0,364,71
5978,0,365,71
5979,0,366,71
5980,0,367,71
5981,0,368,71
5982,0,369,71
5983,0,370,71
5984,0,371,71
5985,0,372,71
5986,0,373,71
5987,0,374,71
5988,0,375,71
5989,0,376,71
5990,0,377,71
5991,0,378,71
5992,0,379,71
5993,0,380,71
5994,0,381,71
5995,0,382,71
5996,0,383,71
5997,0,384,71
5998,0,385,71
5999,0,386,71
6000,0,387,71
6001,0,388,71
6002,0,389,71
6003,0,390,71
6004,0,391,71
6005,0,392,71
6006,0,393,71
6007,0,394,71
6008,0,395,71
6009,0,396,71
6010,0,397,71
6011,0,398,71
6012,0,399,71
6013,0,400,71
6014,0,401,71
6015,0,418,71
6016,0,419,71
6017,0,420,71
6018,0,421,71
6019,0,422,71
6020,0,423,71
6021,0,424,71
6022,0,425,71
6023,0,426,71
6024,0,427,71
6025,0,428,71
6026,0,429,71
6027,0,430,71
6028,0,431,71
6029,0,432,71
6030,0,433,71
6031,0,33,72
6032,0,37,72
6033,0,38,72
6034,0,39,72
6035,0,40,72
6036,0,41,72
6037,0,42,72
6038,0,43,72
6039,0,44,72
6040,0,45,72
6041,0,46,72
6042,0,47,72
6043,0,48,72
6044,0,49,72
6045,0,50,72
6046,0,51,72
6047,0,52,72
6048,0,53,72
6049,0,54,72
6050,0,55,72
6051,0,56,72
6052,0,57,72
6053,0,58,72
6054,0,59,72
6055,0,60,72
6056,0,61,72
6057,0,62,72
6058,0,63,72
6059,0,64,72
6060,0,65,72
6061,0,66,72
6062,0,67,72
6063,0,68,72
6064,0,69,72
6065,0,70,72
6066,0,71,72
6067,0,72,72
6068,0,73,72
6069,0,74,72
6070,0,75,72
6071,0,76,72
6072,0,77,72
6073,0,78,72
6074,0,79,72
6075,0,80,72
6076,0,81,72
6077,0,82,72
6078,0,83,72
6079,0,84,72
6080,0,85,72
6081,0,86,72
6082,0,87,72
6083,0,88,72
6084,0,89,72
6085,0,90,72
6086,0,91,72
6087,0,92,72
6088,0,93,72
6089,0,94,72
6090,0,95,72
6091,0,96,72
6092,0,97,72
6093,0,98,72
6094,0,99,72
6095,0,100,72
6096,0,101,72
6097,0,102,72
6098,0,103,72
6099,0,104,72
6100,0,105,72
6101,0,106,72
6102,0,107,72
6103,0,108,72
6104,0,109,72
6105,0,110,72
6106,0,111,72
6107,0,112,72
6108,0,113,72
6109,0,114,72
6110,0,115,72
6111,0,116,72
6112,0,117,72
6113,0,118,72
6114,0,119,72
6115,0,120,72
6116,0,121,72
6117,0,122,72
6118,0,123,72
6119,0,124,72
6120,0,125,72
6121,0,126,72
6122,0,127,72
6123,0,128,72
6124,0,129,72
6125,0,130,72
6126,0,131,72
6127,0,132,72
6128,0,133,72
6129,0,134,72
6130,0,135,72
6131,0,136,72
6132,0,137,72
6133,0,138,72
6134,0,139,72
6135,0,140,72
6136,0,141,72
6137,0,142,72
6138,0,143,72
6139,0,144,72
6140,0,145,72
6141,0,146,72
6142,0,306,72
6143,0,311,72
6144,0,312,72
6145,0,313,72
6146,0,314,72
6147,0,315,72
6148,0,316,72
6149,0,320,72
6150,0,321,72
6151,0,322,72
6152,0,323,72
6153,0,324,72
6154,0,325,72
6155,0,326,72
6156,0,327,72
6157,0,328,72
6158,0,329,72
6159,0,330,72
6160,0,331,72
6161,0,332,72
6162,0,333,72
6163,0,334,72
6164,0,335,72
6165,0,336,72
6166,0,337,72
6167,0,338,72
6168,0,339,72
6169,0,340,72
6170,0,341,72
6171,0,342,72
6172,0,343,72
6173,0,344,72
6174,0,345,72
6175,0,346,72
6176,0,347,72
6177,0,348,72
6178,0,349,72
6179,0,350,72
6180,0,351,72
6181,0,352,72
6182,0,353,72
6183,0,354,72
6184,0,355,72
6185,0,356,72
6186,0,357,72
6187,0,358,72
6188,0,359,72
6189,0,360,72
6190,0,361,72
6191,0,362,72
6192,0,363,72
6193,0,364,72
6194,0,365,72
6195,0,366,72
6196,0,367,72
6197,0,368,72
6198,0,369,72
6199,0,370,72
6200,0,371,72
6201,0,372,72
6202,0,373,72
6203,0,374,72
6204,0,375,72
6205,0,376,72
6206,0,377,72
6207,0,378,72
6208,0,379,72
6209,0,380,72
6210,0,381,72
6211,0,382,72
6212,0,383,72
6213,0,384,72
6214,0,385,72
6215,0,386,72
6216,0,387,72
6217,0,388,72
6218,0,389,72
6219,0,390,72
6220,0,391,72
6221,0,392,72
6222,0,393,72
6223,0,394,72
6224,0,395,72
6225,0,396,72
6226,0,397,72
6227,0,398,72
6228,0,399,72
6229,0,400,72
6230,0,401,72
6231,0,418,72
6232,0,419,72
6233,0,420,72
6234,0,421,72
6235,0,422,72
6236,0,423,72
6237,0,424,72
6238,0,425,72
6239,0,426,72
6240,0,427,72
6241,0,428,72
6242,0,429,72
6243,0,430,72
6244,0,431,72
6245,0,432,72
6246,0,433,72
6247,0,33,73
6248,0,37,73
6249,0,38,73
6250,0,39,73
6251,0,40,73
6252,0,41,73
6253,0,42,73
6254,0,43,73
6255,0,44,73
6256,0,45,73
6257,0,46,73
6258,0,47,73
6259,0,48,73
6260,0,49,73
6261,0,50,73
6262,0,51,73
6263,0,52,73
6264,0,53,73
6265,0,54,73
6266,0,55,73
6267,0,56,73
6268,0,57,73
6269,0,58,73
6270,0,59,73
6271,0,60,73
6272,0,61,73
6273,0,62,73
6274,0,63,73
6275,0,64,73
6276,0,65,73
6277,0,66,73
6278,0,67,73
6279,0,68,73
6280,0,69,73
6281,0,70,73
6282,0,71,73
6283,0,72,73
6284,0,73,73
6285,0,74,73
6286,0,75,73
6287,0,76,73
6288,0,77,73
6289,0,78,73
6290,0,79,73
6291,0,80,73
6292,0,81,73
6293,0,82,73
6294,0,83,73
6295,0,84,73
6296,0,85,73
6297,0,86,73
6298,0,87,73
6299,0,88,73
6300,0,89,73
6301,0,90,73
6302,0,91,73
6303,0,92,73
6304,0,93,73
6305,0,94,73
6306,0,95,73
6307,0,96,73
6308,0,97,73
6309,0,98,73
6310,0,99,73
6311,0,100,73
6312,0,101,73
6313,0,102,73
6314,0,103,73
6315,0,104,73
6316,0,105,73
6317,0,106,73
6318,0,107,73
6319,0,108,73
6320,0,109,73
6321,0,110,73
6322,0,111,73
6323,0,112,73
6324,0,113,73
6325,0,114,73
6326,0,115,73
6327,0,116,73
6328,0,117,73
6329,0,118,73
6330,0,119,73
6331,0,120,73
6332,0,121,73
6333,0,122,73
6334,0,123,73
6335,0,124,73
6336,0,125,73
6337,0,126,73
6338,0,127,73
6339,0,128,73
6340,0,129,73
6341,0,130,73
6342,0,131,73
6343,0,132,73
6344,0,133,73
6345,0,134,73
6346,0,135,73
6347,0,136,73
6348,0,137,73
6349,0,138,73
6350,0,139,73
6351,0,140,73
6352,0,141,73
6353,0,142,73
6354,0,143,73
6355,0,144,73
6356,0,145,73
6357,0,146,73
6358,0,306,73
6359,0,311,73
6360,0,312,73
6361,0,313,73
6362,0,314,73
6363,0,315,73
6364,0,316,73
6365,0,320,73
6366,0,321,73
6367,0,322,73
6368,0,323,73
6369,0,324,73
6370,0,325,73
6371,0,326,73
6372,0,327,73
6373,0,328,73
6374,0,329,73
6375,0,330,73
6376,0,331,73
6377,0,332,73
6378,0,333,73
6379,0,334,73
6380,0,335,73
6381,0,336,73
6382,0,337,73
6383,0,338,73
6384,0,339,73
6385,0,340,73
6386,0,341,73
6387,0,342,73
6388,0,343,73
6389,0,344,73
6390,0,345,73
6391,0,346,73
6392,0,347,73
6393,0,348,73
6394,0,349,73
6395,0,350,73
6396,0,351,73
6397,0,352,73
6398,0,353,73
6399,0,354,73
6400,0,355,73
6401,0,356,73
6402,0,357,73
6403,0,358,73
6404,0,359,73
6405,0,360,73
6406,0,361,73
6407,0,362,73
6408,0,363,73
6409,0,364,73
6410,0,365,73
6411,0,366,73
6412,0,367,73
6413,0,368,73
6414,0,369,73
6415,0,370,73
6416,0,371,73
6417,0,372,73
6418,0,373,73
6419,0,374,73
6420,0,375,73
6421,0,376,73
6422,0,377,73
6423,0,378,73
6424,0,379,73
6425,0,380,73
6426,0,381,73
6427,0,382,73
6428,0,383,73
6429,0,384,73
6430,0,385,73
6431,0,386,73
6432,0,387,73
6433,0,388,73
6434,0,389,73
6435,0,390,73
6436,0,391,73
6437,0,392,73
6438,0,393,73
6439,0,394,73
6440,0,395,73
6441,0,396,73
6442,0,397,73
6443,0,398,73
6444,0,399,73
6445,0,400,73
6446,0,401,73
6447,0,418,73
6448,0,419,73
6449,0,420,73
6450,0,421,73
6451,0,422,73
6452,0,423,73
6453,0,424,73
6454,0,425,73
6455,0,426,73
6456,0,427,73
6457,0,428,73
6458,0,429,73
6459,0,430,73
6460,0,431,73
6461,0,432,73
6462,0,433,73
6463,0,33,74
6464,0,35,74
6465,0,36,74
6466,0,37,74
6467,0,38,74
6468,0,39,74
6469,0,40,74
6470,0,41,74
6471,0,42,74
6472,0,43,74
6473,0,44,74
6474,0,45,74
6475,0,46,74
6476,0,47,74
6477,0,48,74
6478,0,49,74
6479,0,50,74
6480,0,51,74
6481,0,52,74
6482,0,53,74
6483,0,54,74
6484,0,55,74
6485,0,56,74
6486,0,57,74
6487,0,58,74
6488,0,59,74
6489,0,60,74
6490,0,61,74
6491,0,62,74
6492,0,63,74
6493,0,64,74
6494,0,65,74
6495,0,66,74
6496,0,67,74
6497,0,68,74
6498,0,69,74
6499,0,70,74
6500,0,71,74
6501,0,72,74
6502,0,73,74
6503,0,74,74
6504,0,75,74
6505,0,76,74
6506,0,77,74
6507,0,78,74
6508,0,79,74
6509,0,80,74
6510,0,81,74
6511,0,82,74
6512,0,83,74
6513,0,84,74
6514,0,85,74
6515,0,86,74
6516,0,87,74
6517,0,88,74
6518,0,89,74
6519,0,90,74
6520,0,91,74
6521,0,92,74
6522,0,93,74
6523,0,94,74
6524,0,95,74
6525,0,96,74
6526,0,97,74
6527,0,98,74
6528,0,99,74
6529,0,100,74
6530,0,101,74
6531,0,102,74
6532,0,103,74
6533,0,104,74
6534,0,105,74
6535,0,106,74
6536,0,107,74
6537,0,108,74
6538,0,109,74
6539,0,110,74
6540,0,111,74
6541,0,112,74
6542,0,113,74
6543,0,114,74
6544,0,115,74
6545,0,116,74
6546,0,117,74
6547,0,118,74
6548,0,119,74
6549,0,120,74
6550,0,121,74
6551,0,122,74
6552,0,123,74
6553,0,124,74
6554,0,125,74
6555,0,126,74
6556,0,127,74
6557,0,128,74
6558,0,129,74
6559,0,130,74
6560,0,131,74
6561,0,132,74
6562,0,133,74
6563,0,134,74
6564,0,135,74
6565,0,136,74
6566,0,137,74
6567,0,138,74
6568,0,139,74
6569,0,140,74
6570,0,141,74
6571,0,142,74
6572,0,143,74
6573,0,144,74
6574,0,145,74
6575,0,146,74
6576,0,306,74
6577,0,311,74
6578,0,312,74
6579,0,313,74
6580,0,314,74
6581,0,315,74
6582,0,316,74
6583,0,321,74
6584,0,322,74
6585,0,323,74
6586,0,324,74
6587,0,325,74
6588,0,326,74
6589,0,327,74
6590,0,328,74
6591,0,329,74
6592,0,330,74
6593,0,331,74
6594,0,332,74
6595,0,333,74
6596,0,334,74
6597,0,335,74
6598,0,336,74
6599,0,337,74
6600,0,338,74
6601,0,339,74
6602,0,340,74
6603,0,341,74
6604,0,342,74
6605,0,343,74
6606,0,344,74
6607,0,345,74
6608,0,346,74
6609,0,347,74
6610,0,348,74
6611,0,349,74
6612,0,350,74
6613,0,351,74
6614,0,352,74
6615,0,353,74
6616,0,354,74
6617,0,355,74
6618,0,356,74
6619,0,357,74
6620,0,358,74
6621,0,359,74
6622,0,360,74
6623,0,361,74
6624,0,362,74
6625,0,363,74
6626,0,364,74
6627,0,365,74
6628,0,366,74
6629,0,367,74
6630,0,368,74
6631,0,369,74
6632,0,370,74
6633,0,371,74
6634,0,372,74
6635,0,373,74
6636,0,374,74
6637,0,375,74
6638,0,376,74
6639,0,377,74
6640,0,378,74
6641,0,379,74
6642,0,380,74
6643,0,381,74
6644,0,382,74
6645,0,383,74
6646,0,384,74
6647,0,385,74
6648,0,386,74
6649,0,387,74
6650,0,388,74
6651,0,389,74
6652,0,390,74
6653,0,391,74
6654,0,392,74
6655,0,393,74
6656,0,394,74
6657,0,395,74
6658,0,396,74
6659,0,397,74
6660,0,398,74
6661,0,399,74
6662,0,400,74
6663,0,401,74
6664,0,418,74
6665,0,419,74
6666,0,420,74
6667,0,421,74
6668,0,422,74
6669,0,423,74
6670,0,424,74
6671,0,425,74
6672,0,426,74
6673,0,427,74
6674,0,428,74
6675,0,429,74
6676,0,430,74
6677,0,431,74
6678,0,432,74
6679,0,433,74
6680,0,33,75
6681,0,34,75
6682,0,35,75
6683,0,36,75
6684,0,37,75
6685,0,38,75
6686,0,39,75
6687,0,40,75
6688,0,41,75
6689,0,42,75
6690,0,43,75
6691,0,44,75
6692,0,45,75
6693,0,46,75
6694,0,47,75
6695,0,48,75
6696,0,49,75
6697,0,50,75
6698,0,51,75
6699,0,52,75
6700,0,53,75
6701,0,54,75
6702,0,55,75
6703,0,56,75
6704,0,57,75
6705,0,58,75
6706,0,59,75
6707,0,60,75
6708,0,61,75
6709,0,62,75
6710,0,63,75
6711,0,64,75
6712,0,65,75
6713,0,66,75
6714,0,67,75
6715,0,68,75
6716,0,69,75
6717,0,70,75
6718,0,71,75
6719,0,72,75
6720,0,73,75
6721,0,74,75
6722,0,75,75
6723,0,76,75
6724,0,77,75
6725,0,78,75
6726,0,79,75
6727,0,80,75
6728,0,81,75
6729,0,82,75
6730,0,83,75
6731,0,84,75
6732,0,85,75
6733,0,86,75
6734,0,87,75
6735,0,88,75
6736,0,89,75
6737,0,90,75
6738,0,91,75
6739,0,92,75
6740,0,93,75
6741,0,94,75
6742,0,95,75
6743,0,96,75
6744,0,97,75
6745,0,98,75
6746,0,99,75
6747,0,100,75
6748,0,101,75
6749,0,102,75
6750,0,103,75
6751,0,104,75
6752,0,105,75
6753,0,106,75
6754,0,107,75
6755,0,108,75
6756,0,109,75
6757,0,110,75
6758,0,111,75
6759,0,112,75
6760,0,113,75
6761,0,114,75
6762,0,115,75
6763,0,116,75
6764,0,117,75
6765,0,118,75
6766,0,119,75
6767,0,120,75
6768,0,121,75
6769,0,122,75
6770,0,123,75
6771,0,124,75
6772,0,125,75
6773,0,126,75
6774,0,127,75
6775,0,128,75
6776,0,129,75
6777,0,130,75
6778,0,131,75
6779,0,132,75
6780,0,133,75
6781,0,134,75
6782,0,135,75
6783,0,136,75
6784,0,137,75
6785,0,138,75
6786,0,139,75
6787,0,140,75
6788,0,141,75
6789,0,142,75
6790,0,143,75
6791,0,144,75
6792,0,145,75
6793,0,146,75
6794,0,306,75
6795,0,312,75
6796,0,313,75
6797,0,314,75
6798,0,315,75
6799,0,321,75
6800,0,322,75
6801,0,323,75
6802,0,324,75
6803,0,325,75
6804,0,326,75
6805,0,327,75
6806,0,328,75
6807,0,329,75
6808,0,330,75
6809,0,331,75
6810,0,332,75
6811,0,333,75
6812,0,334,75
6813,0,335,75
6814,0,336,75
6815,0,337,75
6816,0,338,75
6817,0,339,75
6818,0,340,75
6819,0,341,75
6820,0,342,75
6821,0,343,75
6822,0,344,75
6823,0,345,75
6824,0,346,75
6825,0,347,75
6826,0,348,75
6827,0,349,75
6828,0,350,75
6829,0,351,75
6830,0,352,75
6831,0,353,75
6832,0,354,75
6833,0,355,75
6834,0,356,75
6835,0,357,75
6836,0,358,75
6837,0,359,75
6838,0,360,75
6839,0,361,75
6840,0,362,75
6841,0,363,75
6842,0,364,75
6843,0,365,75
6844,0,366,75
6845,0,367,75
6846,0,368,75
6847,0,369,75
6848,0,370,75
6849,0,371,75
6850,0,372,75
6851,0,373,75
6852,0,374,75
6853,0,375,75
6854,0,376,75
6855,0,377,75
6856,0,378,75
6857,0,379,75
6858,0,380,75
6859,0,381,75
6860,0,382,75
6861,0,383,75
6862,0,384,75
6863,0,385,75
6864,0,386,75
6865,0,387,75
6866,0,388,75
6867,0,389,75
6868,0,390,75
6869,0,391,75
6870,0,392,75
6871,0,393,75
6872,0,394,75
6873,0,395,75
6874,0,396,75
6875,0,397,75
6876,0,398,75
6877,0,399,75
6878,0,400,75
6879,0,401,75
6880,0,418,75
6881,0,419,75
6882,0,420,75
6883,0,421,75
6884,0,422,75
6885,0,423,75
6886,0,424,75
6887,0,425,75
6888,0,426,75
6889,0,427,75
6890,0,428,75
6891,0,429,75
6892,0,430,75
6893,0,431,75
6894,0,432,75
6895,0,433,75
6896,0,33,76
6897,0,34,76
6898,0,35,76
6899,0,36,76
6900,0,37,76
6901,0,38,76
6902,0,39,76
6903,0,40,76
6904,0,41,76
6905,0,42,76
6906,0,43,76
6907,0,44,76
6908,0,45,76
6909,0,46,76
6910,0,47,76
6911,0,48,76
6912,0,49,76
6913,0,50,76
6914,0,51,76
6915,0,52,76
6916,0,53,76
6917,0,54,76
6918,0,55,76
6919,0,56,76
6920,0,57,76
6921,0,58,76
6922,0,59,76
6923,0,60,76
6924,0,61,76
6925,0,62,76
6926,0,63,76
6927,0,64,76
6928,0,65,76
6929,0,66,76
6930,0,67,76
6931,0,68,76
6932,0,69,76
6933,0,70,76
6934,0,71,76
6935,0,72,76
6936,0,73,76
6937,0,74,76
6938,0,75,76
6939,0,76,76
6940,0,77,76
6941,0,78,76
6942,0,79,76
6943,0,80,76
6944,0,81,76
6945,0,82,76
6946,0,83,76
6947,0,84,76
6948,0,85,76
6949,0,86,76
6950,0,87,76
6951,0,88,76
6952,0,89,76
6953,0,90,76
6954,0,91,76
6955,0,92,76
6956,0,93,76
6957,0,94,76
6958,0,95,76
6959,0,96,76
6960,0,97,76
6961,0,98,76
6962,0,99,76
6963,0,100,76
6964,0,101,76
6965,0,102,76
6966,0,103,76
6967,0,104,76
6968,0,105,76
6969,0,106,76
6970,0,107,76
6971,0,108,76
6972,0,109,76
6973,0,110,76
6974,0,111,76
6975,0,112,76
6976,0,113,76
6977,0,114,76
6978,0,115,76
6979,0,116,76
6980,0,117,76
6981,0,118,76
6982,0,119,76
6983,0,120,76
6984,0,121,76
6985,0,122,76
6986,0,123,76
6987,0,124,76
6988,0,125,76
6989,0,126,76
6990,0,127,76
6991,0,128,76
6992,0,129,76
6993,0,130,76
6994,0,131,76
6995,0,132,76
6996,0,133,76
6997,0,134,76
6998,0,135,76
6999,0,136,76
7000,0,137,76
7001,0,138,76
7002,0,139,76
7003,0,140,76
7004,0,141,76
7005,0,142,76
7006,0,143,76
7007,0,144,76
7008,0,145,76
7009,0,146,76
7010,0,306,76
7011,0,321,76
7012,0,322,76
7013,0,323,76
7014,0,324,76
7015,0,325,76
7016,0,326,76
7017,0,327,76
7018,0,328,76
7019,0,329,76
7020,0,330,76
7021,0,331,76
7022,0,332,76
7023,0,333,76
7024,0,334,76
7025,0,335,76
7026,0,336,76
7027,0,337,76
7028,0,338,76
7029,0,339,76
7030,0,340,76
7031,0,341,76
7032,0,342,76
7033,0,343,76
7034,0,344,76
7035,0,345,76
7036,0,346,76
7037,0,347,76
7038,0,348,76
7039,0,349,76
7040,0,350,76
7041,0,351,76
7042,0,352,76
7043,0,353,76
7044,0,354,76
7045,0,355,76
7046,0,356,76
7047,0,357,76
7048,0,358,76
7049,0,359,76
7050,0,360,76
7051,0,361,76
7052,0,362,76
7053,0,363,76
7054,0,364,76
7055,0,365,76
7056,0,366,76
7057,0,367,76
7058,0,368,76
7059,0,369,76
7060,0,370,76
7061,0,371,76
7062,0,372,76
7063,0,373,76
7064,0,374,76
7065,0,375,76
7066,0,376,76
7067,0,377,76
7068,0,378,76
7069,0,379,76
7070,0,380,76
7071,0,381,76
7072,0,382,76
7073,0,383,76
7074,0,384,76
7075,0,385,76
7076,0,386,76
7077,0,387,76
7078,0,388,76
7079,0,389,76
7080,0,390,76
7081,0,391,76
7082,0,392,76
7083,0,393,76
7084,0,394,76
7085,0,395,76
7086,0,396,76
7087,0,397,76
7088,0,398,76
7089,0,399,76
7090,0,400,76
7091,0,401,76
7092,0,418,76
7093,0,419,76
7094,0,420,76
7095,0,421,76
7096,0,422,76
7097,0,423,76
7098,0,424,76
7099,0,425,76
7100,0,426,76
7101,0,427,76
7102,0,428,76
7103,0,429,76
7104,0,430,76
7105,0,431,76
7106,0,432,76
7107,0,433,76
7108,0,33,77
7109,0,34,77
7110,0,35,77
7111,0,36,77
7112,0,37,77
7113,0,38,77
7114,0,39,77
7115,0,40,77
7116,0,41,77
7117,0,42,77
7118,0,43,77
7119,0,44,77
7120,0,45,77
7121,0,46,77
7122,0,47,77
7123,0,48,77
7124,0,49,77
7125,0,50,77
7126,0,51,77
7127,0,52,77
7128,0,53,77
7129,0,54,77
7130,0,55,77
7131,0,56,77
7132,0,57,77
7133,0,58,77
7134,0,59,77
7135,0,60,77
7136,0,61,77
7137,0,62,77
7138,0,63,77
7139,0,64,77
7140,0,65,77
7141,0,66,77
7142,0,67,77
7143,0,68,77
7144,0,69,77
7145,0,70,77
7146,0,71,77
7147,0,72,77
7148,0,73,77
7149,0,74,77
7150,0,75,77
7151,0,76,77
7152,0,77,77
7153,0,78,77
7154,0,79,77
7155,0,80,77
7156,0,81,77
7157,0,82,77
7158,0,83,77
7159,0,84,77
7160,0,85,77
7161,0,86,77
7162,0,87,77
7163,0,88,77
7164,0,89,77
7165,0,90,77
7166,0,91,77
7167,0,92,77
7168,0,93,77
7169,0,94,77
7170,0,95,77
7171,0,96,77
7172,0,97,77
7173,0,98,77
7174,0,99,77
7175,0,100,77
7176,0,101,77
7177,0,102,77
7178,0,103,77
7179,0,104,77
7180,0,105,77
7181,0,106,77
7182,0,107,77
7183,0,108,77
7184,0,109,77
7185,0,110,77
7186,0,111,77
7187,0,112,77
7188,0,113,77
7189,0,114,77
7190,0,115,77
7191,0,116,77
7192,0,117,77
7193,0,118,77
7194,0,119,77
7195,0,120,77
7196,0,121,77
7197,0,122,77
7198,0,123,77
7199,0,124,77
7200,0,125,77
7201,0,126,77
7202,0,127,77
7203,0,128,77
7204,0,129,77
7205,0,130,77
7206,0,131,77
7207,0,132,77
7208,0,133,77
7209,0,134,77
7210,0,135,77
7211,0,136,77
7212,0,137,77
7213,0,138,77
7214,0,139,77
7215,0,140,77
7216,0,141,77
7217,0,142,77
7218,0,143,77
7219,0,144,77
7220,0,145,77
7221,0,146,77
7222,0,306,77
7223,0,321,77
7224,0,322,77
7225,0,323,77
7226,0,324,77
7227,0,325,77
7228,0,326,77
7229,0,327,77
7230,0,328,77
7231,0,329,77
7232,0,330,77
7233,0,331,77
7234,0,332,77
7235,0,333,77
7236,0,334,77
7237,0,335,77
7238,0,336,77
7239,0,337,77
7240,0,338,77
7241,0,339,77
7242,0,340,77
7243,0,341,77
7244,0,342,77
7245,0,343,77
7246,0,344,77
7247,0,345,77
7248,0,346,77
7249,0,347,77
7250,0,348,77
7251,0,349,77
7252,0,350,77
7253,0,351,77
7254,0,352,77
7255,0,353,77
7256,0,354,77
7257,0,355,77
7258,0,356,77
7259,0,357,77
7260,0,358,77
7261,0,359,77
7262,0,360,77
7263,0,361,77
7264,0,362,77
7265,0,363,77
7266,0,364,77
7267,0,365,77
7268,0,366,77
7269,0,367,77
7270,0,368,77
7271,0,369,77
7272,0,370,77
7273,0,371,77
7274,0,372,77
7275,0,373,77
7276,0,374,77
7277,0,375,77
7278,0,376,77
7279,0,377,77
7280,0,378,77
7281,0,379,77
7282,0,380,77
7283,0,381,77
7284,0,382,77
7285,0,383,77
7286,0,384,77
7287,0,385,77
7288,0,386,77
7289,0,387,77
7290,0,388,77
7291,0,389,77
7292,0,390,77
7293,0,391,77
7294,0,392,77
7295,0,393,77
7296,0,394,77
7297,0,395,77
7298,0,396,77
7299,0,397,77
7300,0,398,77
7301,0,399,77
7302,0,400,77
7303,0,401,77
7304,0,418,77
7305,0,419,77
7306,0,420,77
7307,0,421,77
7308,0,422,77
7309,0,423,77
7310,0,424,77
7311,0,425,77
7312,0,426,77
7313,0,427,77
7314,0,428,77
7315,0,429,77
7316,0,430,77
7317,0,431,77
7318,0,432,77
7319,0,433,77
7320,0,33,78
7321,0,34,78
7322,0,35,78
7323,0,36,78
7324,0,37,78
7325,0,38,78
7326,0,39,78
7327,0,40,78
7328,0,41,78
7329,0,42,78
7330,0,43,78
7331,0,44,78
7332,0,45,78
7333,0,46,78
7334,0,47,78
7335,0,48,78
7336,0,49,78
7337,0,50,78
7338,0,51,78
7339,0,52,78
7340,0,53,78
7341,0,54,78
7342,0,55,78
7343,0,56,78
7344,0,57,78
7345,0,58,78
7346,0,59,78
7347,0,60,78
7348,0,61,78
7349,0,62,78
7350,0,63,78
7351,0,64,78
7352,0,65,78
7353,0,66,78
7354,0,67,78
7355,0,68,78
7356,0,69,78
7357,0,70,78
7358,0,71,78
7359,0,72,78
7360,0,73,78
7361,0,74,78
7362,0,75,78
7363,0,76,78
7364,0,77,78
7365,0,78,78
7366,0,79,78
7367,0,80,78
7368,0,81,78
7369,0,82,78
7370,0,83,78
7371,0,84,78
7372,0,85,78
7373,0,86,78
7374,0,87,78
7375,0,88,78
7376,0,89,78
7377,0,90,78
7378,0,91,78
7379,0,92,78
7380,0,93,78
7381,0,94,78
7382,0,95,78
7383,0,96,78
7384,0,97,78
7385,0,98,78
7386,0,99,78
7387,0,100,78
7388,0,101,78
7389,0,102,78
7390,0,103,78
7391,0,104,78
7392,0,105,78
7393,0,106,78
7394,0,107,78
7395,0,108,78
7396,0,109,78
7397,0,110,78
7398,0,111,78
7399,0,112,78
7400,0,113,78
7401,0,114,78
7402,0,115,78
7403,0,116,78
7404,0,117,78
7405,0,118,78
7406,0,119,78
7407,0,120,78
7408,0,121,78
7409,0,122,78
7410,0,123,78
7411,0,124,78
7412,0,125,78
7413,0,126,78
7414,0,127,78
7415,0,128,78
7416,0,129,78
7417,0,130,78
7418,0,131,78
7419,0,132,78
7420,0,133,78
7421,0,134,78
7422,0,135,78
7423,0,136,78
7424,0,137,78
7425,0,138,78
7426,0,139,78
7427,0,140,78
7428,0,141,78
7429,0,142,78
7430,0,143,78
7431,0,144,78
7432,0,145,78
7433,0,146,78
7434,0,306,78
7435,0,320,78
7436,0,321,78
7437,0,322,78
7438,0,323,78
7439,0,324,78
7440,0,325,78
7441,0,326,78
7442,0,327,78
7443,0,328,78
7444,0,329,78
7445,0,330,78
7446,0,331,78
7447,0,332,78
7448,0,333,78
7449,0,334,78
7450,0,335,78
7451,0,336,78
7452,0,337,78
7453,0,338,78
7454,0,339,78
7455,0,340,78
7456,0,341,78
7457,0,342,78
7458,0,343,78
7459,0,344,78
7460,0,345,78
7461,0,346,78
7462,0,347,78
7463,0,348,78
7464,0,349,78
7465,0,350,78
7466,0,351,78
7467,0,352,78
7468,0,353,78
7469,0,354,78
7470,0,355,78
7471,0,356,78
7472,0,357,78
7473,0,358,78
7474,0,359,78
7475,0,360,78
7476,0,361,78
7477,0,362,78
7478,0,363,78
7479,0,364,78
7480,0,365,78
7481,0,366,78
7482,0,367,78
7483,0,368,78
7484,0,369,78
7485,0,370,78
7486,0,371,78
7487,0,372,78
7488,0,373,78
7489,0,374,78
7490,0,375,78
7491,0,376,78
7492,0,377,78
7493,0,378,78
7494,0,379,78
7495,0,380,78
7496,0,381,78
7497,0,382,78
7498,0,383,78
7499,0,384,78
7500,0,385,78
7501,0,386,78
7502,0,387,78
7503,0,388,78
7504,0,389,78
7505,0,390,78
7506,0,391,78
7507,0,392,78
7508,0,393,78
7509,0,394,78
7510,0,395,78
7511,0,396,78
7512,0,397,78
7513,0,398,78
7514,0,399,78
7515,0,400,78
7516,0,401,78
7517,0,418,78
7518,0,419,78
7519,0,420,78
7520,0,421,78
7521,0,422,78
7522,0,423,78
7523,0,424,78
7524,0,425,78
7525,0,426,78
7526,0,427,78
7527,0,428,78
7528,0,429,78
7529,0,430,78
7530,0,431,78
7531,0,432,78
7532,0,433,78
7533,0,33,79
7534,0,34,79
7535,0,35,79
7536,0,36,79
7537,0,37,79
7538,0,38,79
7539,0,39,79
7540,0,40,79
7541,0,41,79
7542,0,42,79
7543,0,43,79
7544,0,44,79
7545,0,45,79
7546,0,46,79
7547,0,47,79
7548,0,48,79
7549,0,49,79
7550,0,50,79
7551,0,51,79
7552,0,52,79
7553,0,53,79
7554,0,54,79
7555,0,55,79
7556,0,56,79
7557,0,57,79
7558,0,58,79
7559,0,59,79
7560,0,60,79
7561,0,61,79
7562,0,62,79
7563,0,63,79
7564,0,64,79
7565,0,65,79
7566,0,66,79
7567,0,67,79
7568,0,68,79
7569,0,69,79
7570,0,70,79
7571,0,71,79
7572,0,72,79
7573,0,73,79
7574,0,74,79
7575,0,75,79
7576,0,76,79
7577,0,77,79
7578,0,78,79
7579,0,79,79
7580,0,80,79
7581,0,81,79
7582,0,82,79
7583,0,83,79
7584,0,84,79
7585,0,85,79
7586,0,86,79
7587,0,87,79
7588,0,88,79
7589,0,89,79
7590,0,90,79
7591,0,91,79
7592,0,92,79
7593,0,93,79
7594,0,94,79
7595,0,95,79
7596,0,96,79
7597,0,97,79
7598,0,98,79
7599,0,99,79
7600,0,100,79
7601,0,101,79
7602,0,102,79
7603,0,103,79
7604,0,104,79
7605,0,105,79
7606,0,106,79
7607,0,107,79
7608,0,108,79
7609,0,109,79
7610,0,110,79
7611,0,111,79
7612,0,112,79
7613,0,113,79
7614,0,114,79
7615,0,115,79
7616,0,116,79
7617,0,117,79
7618,0,118,79
7619,0,119,79
7620,0,120,79
7621,0,121,79
7622,0,122,79
7623,0,123,79
7624,0,124,79
7625,0,125,79
7626,0,126,79
7627,0,127,79
7628,0,128,79
7629,0,129,79
7630,0,130,79
7631,0,131,79
7632,0,132,79
7633,0,133,79
7634,0,134,79
7635,0,135,79
7636,0,136,79
7637,0,137,79
7638,0,138,79
7639,0,139,79
7640,0,140,79
7641,0,141,79
7642,0,142,79
7643,0,143,79
7644,0,144,79
7645,0,145,79
7646,0,146,79
7647,0,306,79
7648,0,307,79
7649,0,320,79
7650,0,321,79
7651,0,322,79
7652,0,323,79
7653,0,324,79
7654,0,325,79
7655,0,326,79
7656,0,327,79
7657,0,328,79
7658,0,329,79
7659,0,330,79
7660,0,331,79
7661,0,332,79
7662,0,333,79
7663,0,334,79
7664,0,335,79
7665,0,336,79
7666,0,337,79
7667,0,338,79
7668,0,339,79
7669,0,340,79
7670,0,341,79
7671,0,342,79
7672,0,343,79
7673,0,344,79
7674,0,345,79
7675,0,346,79
7676,0,347,79
7677,0,348,79
7678,0,349,79
7679,0,350,79
7680,0,351,79
7681,0,352,79
7682,0,353,79
7683,0,354,79
7684,0,355,79
7685,0,356,79
7686,0,357,79
7687,0,358,79
7688,0,359,79
7689,0,360,79
7690,0,361,79
7691,0,362,79
7692,0,363,79
7693,0,364,79
7694,0,365,79
7695,0,366,79
7696,0,367,79
7697,0,368,79
7698,0,369,79
7699,0,370,79
7700,0,371,79
7701,0,372,79
7702,0,373,79
7703,0,374,79
7704,0,375,79
7705,0,376,79
7706,0,377,79
7707,0,378,79
7708,0,379,79
7709,0,380,79
7710,0,381,79
7711,0,382,79
7712,0,383,79
7713,0,384,79
7714,0,385,79
7715,0,386,79
7716,0,387,79
7717,0,388,79
7718,0,389,79
7719,0,390,79
7720,0,391,79
7721,0,392,79
7722,0,393,79
7723,0,394,79
7724,0,395,79
7725,0,396,79
7726,0,397,79
7727,0,398,79
7728,0,399,79
7729,0,400,79
7730,0,401,79
7731,0,418,79
7732,0,419,79
7733,0,420,79
7734,0,421,79
7735,0,422,79
7736,0,423,79
7737,0,424,79
7738,0,425,79
7739,0,426,79
7740,0,427,79
7741,0,428,79
7742,0,429,79
7743,0,430,79
7744,0,431,79
7745,0,432,79
7746,0,433,79
7747,0,34,80
7748,0,35,80
7749,0,36,80
7750,0,37,80
7751,0,38,80
7752,0,39,80
7753,0,40,80
7754,0,41,80
7755,0,42,80
7756,0,43,80
7757,0,44,80
7758,0,45,80
7759,0,46,80
7760,0,47,80
7761,0,48,80
7762,0,49,80
7763,0,50,80
7764,0,51,80
7765,0,52,80
7766,0,53,80
7767,0,54,80
7768,0,55,80
7769,0,56,80
7770,0,57,80
7771,0,58,80
7772,0,59,80
7773,0,60,80
7774,0,61,80
7775,0,62,80
7776,0,63,80
7777,0,64,80
7778,0,65,80
7779,0,66,80
7780,0,67,80
7781,0,68,80
7782,0,69,80
7783,0,70,80
7784,0,71,80
7785,0,72,80
7786,0,73,80
7787,0,74,80
7788,0,75,80
7789,0,76,80
7790,0,77,80
7791,0,78,80
7792,0,79,80
7793,0,80,80
7794,0,81,80
7795,0,82,80
7796,0,83,80
7797,0,84,80
7798,0,85,80
7799,0,86,80
7800,0,87,80
7801,0,88,80
7802,0,89,80
7803,0,90,80
7804,0,91,80
7805,0,92,80
7806,0,93,80
7807,0,94,80
7808,0,95,80
7809,0,96,80
7810,0,97,80
7811,0,98,80
7812,0,99,80
7813,0,100,80
7814,0,101,80
7815,0,102,80
7816,0,103,80
7817,0,104,80
7818,0,105,80
7819,0,106,80
7820,0,107,80
7821,0,108,80
7822,0,109,80
7823,0,110,80
7824,0,111,80
7825,0,112,80
7826,0,113,80
7827,0,114,80
7828,0,115,80
7829,0,116,80
7830,0,117,80
7831,0,118,80
7832,0,119,80
7833,0,120,80
7834,0,121,80
7835,0,122,80
7836,0,123,80
7837,0,124,80
7838,0,125,80
7839,0,126,80
7840,0,127,80
7841,0,128,80
7842,0,129,80
7843,0,130,80
7844,0,131,80
7845,0,132,80
7846,0,133,80
7847,0,134,80
7848,0,135,80
7849,0,136,80
7850,0,137,80
7851,0,138,80
7852,0,139,80
7853,0,140,80
7854,0,141,80
7855,0,142,80
7856,0,143,80
7857,0,144,80
7858,0,145,80
7859,0,306,80
7860,0,307,80
7861,0,308,80
7862,0,309,80
7863,0,310,80
7864,0,311,80
7865,0,312,80
7866,0,313,80
7867,0,314,80
7868,0,315,80
7869,0,316,80
7870,0,317,80
7871,0,318,80
7872,0,319,80
7873,0,320,80
7874,0,321,80
7875,0,322,80
7876,0,323,80
7877,0,324,80
7878,0,325,80
7879,0,326,80
7880,0,327,80
7881,0,328,80
7882,0,329,80
7883,0,330,80
7884,0,331,80
7885,0,332,80
7886,0,333,80
7887,0,334,80
7888,0,335,80
7889,0,336,80
7890,0,337,80
7891,0,338,80
7892,0,339,80
7893,0,340,80
7894,0,341,80
7895,0,342,80
7896,0,343,80
7897,0,344,80
7898,0,345,80
7899,0,346,80
7900,0,347,80
7901,0,348,80
7902,0,349,80
7903,0,350,80
7904,0,351,80
7905,0,352,80
7906,0,353,80
7907,0,354,80
7908,0,355,80
7909,0,356,80
7910,0,357,80
7911,0,358,80
7912,0,359,80
7913,0,360,80
7914,0,361,80
7915,0,362,80
7916,0,363,80
7917,0,364,80
7918,0,365,80
7919,0,366,80
7920,0,367,80
7921,0,368,80
7922,0,369,80
7923,0,370,80
7924,0,371,80
7925,0,372,80
7926,0,373,80
7927,0,374,80
7928,0,375,80
7929,0,376,80
7930,0,377,80
7931,0,378,80
7932,0,379,80
7933,0,380,80
7934,0,381,80
7935,0,382,80
7936,0,383,80
7937,0,384,80
7938,0,385,80
7939,0,386,80
7940,0,387,80
7941,0,388,80
7942,0,389,80
7943,0,390,80
7944,0,391,80
7945,0,392,80
7946,0,393,80
7947,0,394,80
7948,0,395,80
7949,0,396,80
7950,0,397,80
7951,0,398,80
7952,0,399,80
7953,0,400,80
7954,0,401,80
7955,0,403,80
7956,0,404,80
7957,0,405,80
7958,0,406,80
7959,0,407,80
7960,0,408,80
7961,0,409,80
7962,0,410,80
7963,0,411,80
7964,0,412,80
7965,0,413,80
7966,0,414,80
7967,0,415,80
7968,0,416,80
7969,0,418,80
7970,0,419,80
7971,0,420,80
7972,0,421,80
7973,0,422,80
7974,0,423,80
7975,0,424,80
7976,0,425,80
7977,0,426,80
7978,0,427,80
7979,0,428,80
7980,0,429,80
7981,0,430,80
7982,0,431,80
7983,0,432,80
7984,0,433,80
7985,0,451,80
7986,0,452,80
7987,0,453,80
7988,0,454,80
7989,0,455,80
7990,0,456,80
7991,0,457,80
7992,0,458,80
7993,0,459,80
7994,0,460,80
7995,0,461,80
7996,0,462,80
7997,0,463,80
7998,0,464,80
7999,0,82,81
8000,0,83,81
8001,0,84,81
8002,0,85,81
8003,0,86,81
8004,0,87,81
8005,0,88,81
8006,0,89,81
8007,0,90,81
8008,0,91,81
8009,0,92,81
8010,0,93,81
8011,0,94,81
8012,0,95,81
8013,0,96,81
8014,0,97,81
8015,0,139,81
8016,0,140,81
8017,0,141,81
8018,0,142,81
8019,0,143,81
8020,0,144,81
8021,0,274,81
8022,0,275,81
8023,0,277,81
8024,0,278,81
8025,0,279,81
8026,0,280,81
8027,0,281,81
8028,0,282,81
8029,0,283,81
8030,0,284,81
8031,0,285,81
8032,0,286,81
8033,0,287,81
8034,0,288,81
8035,0,289,81
8036,0,290,81
8037,0,291,81
8038,0,292,81
8039,0,293,81
8040,0,294,81
8041,0,295,81
8042,0,296,81
8043,0,297,81
8044,0,298,81
8045,0,299,81
8046,0,300,81
8047,0,301,81
8048,0,302,81
8049,0,303,81
8050,0,304,81
8051,0,305,81
8052,0,306,81
8053,0,307,81
8054,0,308,81
8055,0,309,81
8056,0,310,81
8057,0,311,81
8058,0,312,81
8059,0,313,81
8060,0,314,81
8061,0,315,81
8062,0,316,81
8063,0,317,81
8064,0,318,81
8065,0,319,81
8066,0,320,81
8067,0,321,81
8068,0,322,81
8069,0,323,81
8070,0,324,81
8071,0,325,81
8072,0,326,81
8073,0,327,81
8074,0,328,81
8075,0,329,81
8076,0,330,81
8077,0,331,81
8078,0,332,81
8079,0,333,81
8080,0,334,81
8081,0,335,81
8082,0,336,81
8083,0,337,81
8084,0,338,81
8085,0,339,81
8086,0,340,81
8087,0,341,81
8088,0,342,81
8089,0,343,81
8090,0,344,81
8091,0,345,81
8092,0,346,81
8093,0,347,81
8094,0,348,81
8095,0,349,81
8096,0,350,81
8097,0,351,81
8098,0,352,81
8099,0,353,81
8100,0,354,81
8101,0,355,81
8102,0,356,81
8103,0,357,81
8104,0,358,81
8105,0,359,81
8106,0,360,81
8107,0,361,81
8108,0,362,81
8109,0,363,81
8110,0,364,81
8111,0,365,81
8112,0,366,81
8113,0,367,81
8114,0,368,81
8115,0,369,81
8116,0,370,81
8117,0,371,81
8118,0,372,81
8119,0,373,81
8120,0,374,81
8121,0,375,81
8122,0,376,81
8123,0,377,81
8124,0,378,81
8125,0,379,81
8126,0,380,81
8127,0,381,81
8128,0,382,81
8129,0,383,81
8130,0,384,81
8131,0,385,81
8132,0,386,81
8133,0,387,81
8134,0,388,81
8135,0,389,81
8136,0,390,81
8137,0,391,81
8138,0,392,81
8139,0,393,81
8140,0,394,81
8141,0,395,81
8142,0,396,81
8143,0,397,81
8144,0,398,81
8145,0,399,81
8146,0,400,81
8147,0,401,81
8148,0,402,81
8149,0,403,81
8150,0,404,81
8151,0,405,81
8152,0,406,81
8153,0,407,81
8154,0,408,81
8155,0,409,81
8156,0,410,81
8157,0,411,81
8158,0,412,81
8159,0,413,81
8160,0,414,81
8161,0,415,81
8162,0,416,81
8163,0,417,81
8164,0,418,81
8165,0,419,81
8166,0,420,81
8167,0,421,81
8168,0,422,81
8169,0,423,81
8170,0,424,81
8171,0,425,81
8172,0,426,81
8173,0,427,81
8174,0,428,81
8175,0,429,81
8176,0,430,81
8177,0,431,81
8178,0,432,81
8179,0,433,81
8180,0,434,81
8181,0,435,81
8182,0,436,81
8183,0,437,81
8184,0,438,81
8185,0,439,81
8186,0,440,81
8187,0,441,81
8188,0,442,81
8189,0,443,81
8190,0,444,81
8191,0,445,81
8192,0,446,81
8193,0,447,81
8194,0,448,81
8195,0,449,81
8196,0,450,81
8197,0,451,81
8198,0,452,81
8199,0,453,81
8200,0,454,81
8201,0,455,81
8202,0,456,81
8203,0,457,81
8204,0,458,81
8205,0,459,81
8206,0,460,81
8207,0,461,81
8208,0,462,81
8209,0,463,81
8210,0,464,81
8211,0,465,81
8212,0,466,81
8213,0,467,81
8214,0,468,81
8215,0,469,81
8216,0,470,81
8217,0,471,81
8218,0,472,81
8219,0,473,81
8220,0,474,81
8221,0,475,81
8222,0,476,81
8223,0,477,81
8224,0,478,81
8225,0,479,81
8226,0,480,81
8227,0,481,81
8228,0,82,82
8229,0,83,82
8230,0,84,82
8231,0,85,82
8232,0,86,82
8233,0,87,82
8234,0,88,82
8235,0,89,82
8236,0,90,82
8237,0,91,82
8238,0,92,82
8239,0,93,82
8240,0,94,82
8241,0,95,82
8242,0,96,82
8243,0,97,82
8244,0,273,82
8245,0,274,82
8246,0,275,82
8247,0,276,82
8248,0,277,82
8249,0,278,82
8250,0,279,82
8251,0,280,82
8252,0,281,82
8253,0,282,82
8254,0,283,82
8255,0,284,82
8256,0,285,82
8257,0,286,82
8258,0,287,82
8259,0,288,82
8260,0,289,82
8261,0,290,82
8262,0,291,82
8263,0,292,82
8264,0,293,82
8265,0,294,82
8266,0,295,82
8267,0,296,82
8268,0,297,82
8269,0,298,82
8270,0,299,82
8271,0,300,82
8272,0,301,82
8273,0,302,82
8274,0,303,82
8275,0,304,82
8276,0,305,82
8277,0,306,82
8278,0,307,82
8279,0,308,82
8280,0,309,82
8281,0,310,82
8282,0,311,82
8283,0,312,82
8284,0,313,82
8285,0,314,82
8286,0,315,82
8287,0,316,82
8288,0,317,82
8289,0,318,82
8290,0,319,82
8291,0,320,82
8292,0,321,82
8293,0,322,82
8294,0,323,82
8295,0,324,82
8296,0,325,82
8297,0,326,82
8298,0,327,82
8299,0,328,82
8300,0,329,82
8301,0,330,82
8302,0,331,82
8303,0,332,82
8304,0,333,82
8305,0,334,82
8306,0,335,82
8307,0,336,82
8308,0,337,82
8309,0,338,82
8310,0,339,82
8311,0,340,82
8312,0,341,82
8313,0,342,82
8314,0,343,82
8315,0,344,82
8316,0,345,82
8317,0,346,82
8318,0,347,82
8319,0,348,82
8320,0,349,82
8321,0,350,82
8322,0,351,82
8323,0,352,82
8324,0,353,82
8325,0,354,82
8326,0,355,82
8327,0,356,82
8328,0,357,82
8329,0,358,82
8330,0,359,82
8331,0,360,82
8332,0,361,82
8333,0,362,82
8334,0,363,82
8335,0,364,82
8336,0,365,82
8337,0,366,82
8338,0,367,82
8339,0,368,82
8340,0,369,82
8341,0,370,82
8342,0,371,82
8343,0,372,82
8344,0,373,82
8345,0,374,82
8346,0,375,82
8347,0,376,82
8348,0,377,82
8349,0,378,82
8350,0,379,82
8351,0,380,82
8352,0,381,82
8353,0,382,82
8354,0,383,82
8355,0,384,82
8356,0,385,82
8357,0,386,82
8358,0,387,82
8359,0,388,82
8360,0,389,82
8361,0,390,82
8362,0,391,82
8363,0,392,82
8364,0,393,82
8365,0,394,82
8366,0,395,82
8367,0,396,82
8368,0,397,82
8369,0,398,82
8370,0,399,82
8371,0,400,82
8372,0,401,82
8373,0,402,82
8374,0,403,82
8375,0,404,82
8376,0,405,82
8377,0,406,82
8378,0,407,82
8379,0,408,82
8380,0,409,82
8381,0,410,82
8382,0,411,82
8383,0,412,82
8384,0,413,82
8385,0,414,82
8386,0,415,82
8387,0,416,82
8388,0,417,82
8389,0,418,82
8390,0,419,82
8391,0,420,82
8392,0,421,82
8393,0,422,82
8394,0,423,82
8395,0,424,82
8396,0,425,82
8397,0,426,82
8398,0,427,82
8399,0,428,82
8400,0,429,82
8401,0,430,82
8402,0,431,82
8403,0,432,82
8404,0,433,82
8405,0,434,82
8406,0,435,82
8407,0,436,82
8408,0,437,82
8409,0,438,82
8410,0,439,82
8411,0,440,82
8412,0,441,82
8413,0,442,82
8414,0,443,82
8415,0,444,82
8416,0,445,82
8417,0,446,82
8418,0,447,82
8419,0,448,82
8420,0,449,82
8421,0,450,82
8422,0,451,82
8423,0,452,82
8424,0,453,82
8425,0,454,82
8426,0,455,82
8427,0,456,82
8428,0,457,82
8429,0,458,82
8430,0,459,82
8431,0,460,82
8432,0,461,82
8433,0,462,82
8434,0,463,82
8435,0,464,82
8436,0,465,82
8437,0,466,82
8438,0,467,82
8439,0,468,82
8440,0,469,82
8441,0,470,82
8442,0,471,82
8443,0,472,82
8444,0,473,82
8445,0,474,82
8446,0,475,82
8447,0,476,82
8448,0,477,82
8449,0,478,82
8450,0,479,82
8451,0,480,82
8452,0,481,82
8453,0,82,83
8454,0,83,83
8455,0,84,83
8456,0,85,83
8457,0,86,83
8458,0,87,83
8459,0,88,83
8460,0,89,83
8461,0,90,83
8462,0,91,83
8463,0,92,83
8464,0,93,83
8465,0,94,83
8466,0,95,83
8467,0,96,83
8468,0,97,83
8469,0,273,83
8470,0,277,83
8471,0,278,83
8472,0,279,83
8473,0,280,83
8474,0,281,83
8475,0,282,83
8476,0,283,83
8477,0,284,83
8478,0,285,83
8479,0,286,83
8480,0,287,83
8481,0,288,83
8482,0,289,83
8483,0,290,83
8484,0,291,83
8485,0,292,83
8486,0,293,83
8487,0,294,83
8488,0,295,83
8489,0,296,83
8490,0,297,83
8491,0,298,83
8492,0,299,83
8493,0,300,83
8494,0,301,83
8495,0,302,83
8496,0,303,83
8497,0,304,83
8498,0,305,83
8499,0,306,83
8500,0,307,83
8501,0,308,83
8502,0,309,83
8503,0,310,83
8504,0,311,83
8505,0,312,83
8506,0,313,83
8507,0,314,83
8508,0,315,83
8509,0,316,83
8510,0,317,83
8511,0,318,83
8512,0,319,83
8513,0,320,83
8514,0,321,83
8515,0,322,83
8516,0,323,83
8517,0,324,83
8518,0,325,83
8519,0,326,83
8520,0,327,83
8521,0,328,83
8522,0,329,83
8523,0,330,83
8524,0,331,83
8525,0,332,83
8526,0,333,83
8527,0,334,83
8528,0,335,83
8529,0,336,83
8530,0,337,83
8531,0,338,83
8532,0,339,83
8533,0,340,83
8534,0,341,83
8535,0,342,83
8536,0,343,83
8537,0,344,83
8538,0,345,83
8539,0,346,83
8540,0,347,83
8541,0,348,83
8542,0,349,83
8543,0,350,83
8544,0,351,83
8545,0,352,83
8546,0,353,83
8547,0,354,83
8548,0,355,83
8549,0,356,83
8550,0,357,83
8551,0,358,83
8552,0,359,83
8553,0,360,83
8554,0,361,83
8555,0,362,83
8556,0,363,83
8557,0,364,83
8558,0,365,83
8559,0,366,83
8560,0,367,83
8561,0,368,83
8562,0,369,83
8563,0,370,83
8564,0,371,83
8565,0,372,83
8566,0,373,83
8567,0,374,83
8568,0,375,83
8569,0,376,83
8570,0,377,83
8571,0,378,83
8572,0,379,83
8573,0,380,83
8574,0,381,83
8575,0,382,83
8576,0,383,83
8577,0,384,83
8578,0,385,83
8579,0,386,83
8580,0,387,83
8581,0,388,83
8582,0,389,83
8583,0,390,83
8584,0,391,83
8585,0,392,83
8586,0,393,83
8587,0,394,83
8588,0,395,83
8589,0,396,83
8590,0,397,83
8591,0,398,83
8592,0,399,83
8593,0,400,83
8594,0,401,83
8595,0,402,83
8596,0,403,83
8597,0,404,83
8598,0,405,83
8599,0,406,83
8600,0,407,83
8601,0,408,83
8602,0,409,83
8603,0,410,83
8604,0,411,83
8605,0,412,83
8606,0,413,83
8607,0,414,83
8608,0,415,83
8609,0,416,83
8610,0,417,83
8611,0,418,83
8612,0,419,83
8613,0,420,83
8614,0,421,83
8615,0,422,83
8616,0,423,83
8617,0,424,83
8618,0,425,83
8619,0,426,83
8620,0,427,83
8621,0,428,83
8622,0,429,83
8623,0,430,83
8624,0,431,83
8625,0,432,83
8626,0,433,83
8627,0,434,83
8628,0,435,83
8629,0,436,83
8630,0,437,83
8631,0,438,83
8632,0,439,83
8633,0,440,83
8634,0,441,83
8635,0,442,83
8636,0,443,83
8637,0,444,83
8638,0,445,83
8639,0,446,83
8640,0,447,83
8641,0,448,83
8642,0,449,83
8643,0,450,83
8644,0,451,83
8645,0,452,83
8646,0,453,83
8647,0,454,83
8648,0,455,83
8649,0,456,83
8650,0,457,83
8651,0,458,83
8652,0,459,83
8653,0,460,83
8654,0,461,83
8655,0,462,83
8656,0,463,83
8657,0,464,83
8658,0,465,83
8659,0,466,83
8660,0,467,83
8661,0,468,83
8662,0,469,83
8663,0,470,83
8664,0,471,83
8665,0,472,83
8666,0,473,83
8667,0,474,83
8668,0,475,83
8669,0,476,83
8670,0,477,83
8671,0,478,83
8672,0,479,83
8673,0,480,83
8674,0,481,83
8675,0,82,84
8676,0,83,84
8677,0,84,84
8678,0,85,84
8679,0,86,84
8680,0,87,84
8681,0,88,84
8682,0,89,84
8683,0,90,84
8684,0,91,84
8685,0,92,84
8686,0,93,84
8687,0,94,84
8688,0,95,84
8689,0,96,84
8690,0,97,84
8691,0,273,84
8692,0,274,84
8693,0,275,84
8694,0,276,84
8695,0,277,84
8696,0,278,84
8697,0,279,84
8698,0,280,84
8699,0,281,84
8700,0,282,84
8701,0,283,84
8702,0,284,84
8703,0,285,84
8704,0,286,84
8705,0,287,84
8706,0,288,84
8707,0,289,84
8708,0,290,84
8709,0,291,84
8710,0,292,84
8711,0,293,84
8712,0,294,84
8713,0,295,84
8714,0,296,84
8715,0,297,84
8716,0,298,84
8717,0,299,84
8718,0,300,84
8719,0,301,84
8720,0,302,84
8721,0,303,84
8722,0,304,84
8723,0,305,84
8724,0,306,84
8725,0,307,84
8726,0,308,84
8727,0,309,84
8728,0,310,84
8729,0,311,84
8730,0,312,84
8731,0,313,84
8732,0,314,84
8733,0,315,84
8734,0,316,84
8735,0,317,84
8736,0,318,84
8737,0,319,84
8738,0,320,84
8739,0,321,84
8740,0,322,84
8741,0,323,84
8742,0,324,84
8743,0,325,84
8744,0,326,84
8745,0,327,84
8746,0,328,84
8747,0,329,84
8748,0,330,84
8749,0,331,84
8750,0,332,84
8751,0,333,84
8752,0,334,84
8753,0,335,84
8754,0,336,84
8755,0,337,84
8756,0,338,84
8757,0,339,84
8758,0,340,84
8759,0,341,84
8760,0,342,84
8761,0,343,84
8762,0,344,84
8763,0,345,84
8764,0,346,84
8765,0,347,84
8766,0,348,84
8767,0,349,84
8768,0,350,84
8769,0,351,84
8770,0,352,84
8771,0,353,84
8772,0,354,84
8773,0,355,84
8774,0,356,84
8775,0,357,84
8776,0,358,84
8777,0,359,84
8778,0,360,84
8779,0,361,84
8780,0,362,84
8781,0,363,84
8782,0,364,84
8783,0,365,84
8784,0,366,84
8785,0,367,84
8786,0,368,84
8787,0,369,84
8788,0,370,84
8789,0,371,84
8790,0,372,84
8791,0,373,84
8792,0,374,84
8793,0,375,84
8794,0,376,84
8795,0,377,84
8796,0,378,84
8797,0,379,84
8798,0,380,84
8799,0,381,84
8800,0,382,84
8801,0,383,84
8802,0,384,84
8803,0,385,84
8804,0,386,84
8805,0,387,84
8806,0,388,84
8807,0,389,84
8808,0,390,84
8809,0,391,84
8810,0,392,84
8811,0,393,84
8812,0,394,84
8813,0,395,84
8814,0,396,84
8815,0,397,84
8816,0,398,84
8817,0,399,84
8818,0,400,84
8819,0,401,84
8820,0,402,84
8821,0,403,84
8822,0,404,84
8823,0,405,84
8824,0,406,84
8825,0,407,84
8826,0,408,84
8827,0,409,84
8828,0,410,84
8829,0,411,84
8830,0,412,84
8831,0,413,84
8832,0,414,84
8833,0,415,84
8834,0,416,84
8835,0,417,84
8836,0,418,84
8837,0,419,84
8838,0,420,84
8839,0,421,84
8840,0,422,84
8841,0,423,84
8842,0,424,84
8843,0,425,84
8844,0,426,84
8845,0,427,84
8846,0,428,84
8847,0,429,84
8848,0,430,84
8849,0,431,84
8850,0,432,84
8851,0,433,84
8852,0,434,84
8853,0,435,84
8854,0,436,84
8855,0,437,84
8856,0,438,84
8857,0,439,84
8858,0,440,84
8859,0,441,84
8860,0,442,84
8861,0,443,84
8862,0,444,84
8863,0,445,84
8864,0,446,84
8865,0,447,84
8866,0,448,84
8867,0,449,84
8868,0,450,84
8869,0,451,84
8870,0,452,84
8871,0,453,84
8872,0,454,84
8873,0,455,84
8874,0,456,84
8875,0,457,84
8876,0,458,84
8877,0,459,84
8878,0,460,84
8879,0,461,84
8880,0,462,84
8881,0,463,84
8882,0,464,84
8883,0,465,84
8884,0,466,84
8885,0,467,84
8886,0,468,84
8887,0,469,84
8888,0,470,84
8889,0,471,84
8890,0,472,84
8891,0,473,84
8892,0,474,84
8893,0,475,84
8894,0,476,84
8895,0,477,84
8896,0,478,84
8897,0,479,84
8898,0,480,84
8899,0,481,84
8900,0,82,85
8901,0,83,85
8902,0,84,85
8903,0,85,85
8904,0,86,85
8905,0,87,85
8906,0,88,85
8907,0,89,85
8908,0,90,85
8909,0,91,85
8910,0,92,85
8911,0,93,85
8912,0,94,85
8913,0,95,85
8914,0,96,85
8915,0,97,85
8916,0,273,85
8917,0,274,85
8918,0,275,85
8919,0,276,85
8920,0,277,85
8921,0,278,85
8922,0,279,85
8923,0,280,85
8924,0,281,85
8925,0,282,85
8926,0,283,85
8927,0,284,85
8928,0,285,85
8929,0,286,85
8930,0,287,85
8931,0,288,85
8932,0,289,85
8933,0,290,85
8934,0,291,85
8935,0,292,85
8936,0,293,85
8937,0,294,85
8938,0,295,85
8939,0,296,85
8940,0,297,85
8941,0,298,85
8942,0,299,85
8943,0,300,85
8944,0,301,85
8945,0,302,85
8946,0,303,85
8947,0,304,85
8948,0,305,85
8949,0,306,85
8950,0,307,85
8951,0,308,85
8952,0,309,85
8953,0,310,85
8954,0,311,85
8955,0,312,85
8956,0,313,85
8957,0,314,85
8958,0,315,85
8959,0,316,85
8960,0,317,85
8961,0,318,85
8962,0,319,85
8963,0,320,85
8964,0,321,85
8965,0,322,85
8966,0,323,85
8967,0,324,85
8968,0,325,85
8969,0,326,85
8970,0,327,85
8971,0,328,85
8972,0,329,85
8973,0,330,85
8974,0,331,85
8975,0,332,85
8976,0,333,85
8977,0,334,85
8978,0,335,85
8979,0,336,85
8980,0,337,85
8981,0,338,85
8982,0,339,85
8983,0,340,85
8984,0,341,85
8985,0,342,85
8986,0,343,85
8987,0,344,85
8988,0,345,85
8989,0,346,85
8990,0,347,85
8991,0,348,85
8992,0,349,85
8993,0,350,85
8994,0,351,85
8995,0,352,85
8996,0,353,85
8997,0,354,85
8998,0,355,85
8999,0,356,85
9000,0,357,85
9001,0,358,85
9002,0,359,85
9003,0,360,85
9004,0,361,85
9005,0,362,85
9006,0,363,85
9007,0,364,85
9008,0,365,85
9009,0,366,85
9010,0,367,85
9011,0,368,85
9012,0,369,85
9013,0,370,85
9014,0,371,85
9015,0,372,85
9016,0,373,85
9017,0,374,85
9018,0,375,85
9019,0,376,85
9020,0,377,85
9021,0,378,85
9022,0,379,85
9023,0,380,85
9024,0,381,85
9025,0,382,85
9026,0,383,85
9027,0,384,85
9028,0,385,85
9029,0,386,85
9030,0,387,85
9031,0,388,85
9032,0,389,85
9033,0,390,85
9034,0,391,85
9035,0,392,85
9036,0,393,85
9037,0,394,85
9038,0,395,85
9039,0,396,85
9040,0,397,85
9041,0,398,85
9042,0,399,85
9043,0,400,85
9044,0,401,85
9045,0,402,85
9046,0,403,85
9047,0,404,85
9048,0,405,85
9049,0,406,85
9050,0,407,85
9051,0,408,85
9052,0,409,85
9053,0,410,85
9054,0,411,85
9055,0,412,85
9056,0,413,85
9057,0,414,85
9058,0,415,85
9059,0,416,85
9060,0,417,85
9061,0,418,85
9062,0,419,85
9063,0,420,85
9064,0,421,85
9065,0,422,85
9066,0,423,85
9067,0,424,85
9068,0,425,85
9069,0,426,85
9070,0,427,85
9071,0,428,85
9072,0,429,85
9073,0,430,85
9074,0,431,85
9075,0,432,85
9076,0,433,85
9077,0,434,85
9078,0,435,85
9079,0,436,85
9080,0,437,85
9081,0,438,85
9082,0,439,85
9083,0,440,85
9084,0,441,85
9085,0,442,85
9086,0,443,85
9087,0,444,85
9088,0,445,85
9089,0,446,85
9090,0,447,85
9091,0,448,85
9092,0,449,85
9093,0,450,85
9094,0,451,85
9095,0,452,85
9096,0,453,85
9097,0,454,85
9098,0,455,85
9099,0,456,85
9100,0,457,85
9101,0,458,85
9102,0,459,85
9103,0,460,85
9104,0,461,85
9105,0,462,85
9106,0,463,85
9107,0,464,85
9108,0,465,85
9109,0,466,85
9110,0,467,85
9111,0,468,85
9112,0,469,85
9113,0,470,85
9114,0,471,85
9115,0,472,85
9116,0,473,85
9117,0,474,85
9118,0,475,85
9119,0,476,85
9120,0,477,85
9121,0,478,85
9122,0,479,85
9123,0,480,85
9124,0,481,85
9125,0,82,86
9126,0,83,86
9127,0,84,86
9128,0,85,86
9129,0,86,86
9130,0,87,86
9131,0,88,86
9132,0,89,86
9133,0,90,86
9134,0,91,86
9135,0,92,86
9136,0,93,86
9137,0,94,86
9138,0,95,86
9139,0,96,86
9140,0,97,86
9141,0,273,86
9142,0,274,86
9143,0,275,86
9144,0,276,86
9145,0,277,86
9146,0,278,86
9147,0,279,86
9148,0,280,86
9149,0,281,86
9150,0,282,86
9151,0,283,86
9152,0,284,86
9153,0,285,86
9154,0,286,86
9155,0,287,86
9156,0,288,86
9157,0,289,86
9158,0,290,86
9159,0,291,86
9160,0,292,86
9161,0,293,86
9162,0,294,86
9163,0,295,86
9164,0,296,86
9165,0,297,86
9166,0,298,86
9167,0,299,86
9168,0,300,86
9169,0,301,86
9170,0,302,86
9171,0,303,86
9172,0,304,86
9173,0,305,86
9174,0,306,86
9175,0,307,86
9176,0,308,86
9177,0,309,86
9178,0,310,86
9179,0,311,86
9180,0,312,86
9181,0,313,86
9182,0,314,86
9183,0,315,86
9184,0,316,86
9185,0,317,86
9186,0,318,86
9187,0,319,86
9188,0,320,86
9189,0,321,86
9190,0,322,86
9191,0,323,86
9192,0,324,86
9193,0,325,86
9194,0,326,86
9195,0,327,86
9196,0,328,86
9197,0,329,86
9198,0,330,86
9199,0,331,86
9200,0,332,86
9201,0,333,86
9202,0,334,86
9203,0,335,86
9204,0,336,86
9205,0,337,86
9206,0,338,86
9207,0,339,86
9208,0,340,86
9209,0,341,86
9210,0,342,86
9211,0,343,86
9212,0,344,86
9213,0,345,86
9214,0,346,86
9215,0,347,86
9216,0,348,86
9217,0,349,86
9218,0,350,86
9219,0,351,86
9220,0,352,86
9221,0,353,86
9222,0,354,86
9223,0,355,86
9224,0,356,86
9225,0,357,86
9226,0,358,86
9227,0,359,86
9228,0,360,86
9229,0,361,86
9230,0,362,86
9231,0,363,86
9232,0,364,86
9233,0,365,86
9234,0,366,86
9235,0,367,86
9236,0,368,86
9237,0,369,86
9238,0,370,86
9239,0,371,86
9240,0,372,86
9241,0,373,86
9242,0,374,86
9243,0,375,86
9244,0,376,86
9245,0,377,86
9246,0,378,86
9247,0,379,86
9248,0,380,86
9249,0,381,86
9250,0,382,86
9251,0,383,86
9252,0,384,86
9253,0,385,86
9254,0,386,86
9255,0,387,86
9256,0,388,86
9257,0,389,86
9258,0,390,86
9259,0,391,86
9260,0,392,86
9261,0,393,86
9262,0,394,86
9263,0,395,86
9264,0,396,86
9265,0,397,86
9266,0,398,86
9267,0,399,86
9268,0,400,86
9269,0,401,86
9270,0,402,86
9271,0,403,86
9272,0,404,86
9273,0,405,86
9274,0,406,86
9275,0,407,86
9276,0,408,86
9277,0,409,86
9278,0,410,86
9279,0,411,86
9280,0,412,86
9281,0,413,86
9282,0,414,86
9283,0,415,86
9284,0,416,86
9285,0,417,86
9286,0,418,86
9287,0,419,86
9288,0,420,86
9289,0,421,86
9290,0,422,86
9291,0,423,86
9292,0,424,86
9293,0,425,86
9294,0,426,86
9295,0,427,86
9296,0,428,86
9297,0,429,86
9298,0,430,86
9299,0,431,86
9300,0,432,86
9301,0,433,86
9302,0,434,86
9303,0,435,86
9304,0,436,86
9305,0,437,86
9306,0,438,86
9307,0,439,86
9308,0,440,86
9309,0,441,86
9310,0,442,86
9311,0,443,86
9312,0,444,86
9313,0,445,86
9314,0,446,86
9315,0,447,86
9316,0,448,86
9317,0,449,86
9318,0,450,86
9319,0,451,86
9320,0,452,86
9321,0,453,86
9322,0,454,86
9323,0,455,86
9324,0,456,86
9325,0,457,86
9326,0,458,86
9327,0,459,86
9328,0,460,86
9329,0,461,86
9330,0,462,86
9331,0,463,86
9332,0,464,86
9333,0,465,86
9334,0,466,86
9335,0,467,86
9336,0,468,86
9337,0,469,86
9338,0,470,86
9339,0,471,86
9340,0,472,86
9341,0,473,86
9342,0,474,86
9343,0,475,86
9344,0,476,86
9345,0,477,86
9346,0,478,86
9347,0,479,86
9348,0,480,86
9349,0,481,86
9350,0,82,87
9351,0,83,87
9352,0,84,87
9353,0,85,87
9354,0,86,87
9355,0,87,87
9356,0,88,87
9357,0,89,87
9358,0,90,87
9359,0,91,87
9360,0,92,87
9361,0,93,87
9362,0,94,87
9363,0,95,87
9364,0,96,87
9365,0,97,87
9366,0,273,87
9367,0,274,87
9368,0,275,87
9369,0,276,87
9370,0,277,87
9371,0,278,87
9372,0,279,87
9373,0,280,87
9374,0,281,87
9375,0,282,87
9376,0,283,87
9377,0,284,87
9378,0,285,87
9379,0,286,87
9380,0,287,87
9381,0,288,87
9382,0,289,87
9383,0,290,87
9384,0,291,87
9385,0,292,87
9386,0,293,87
9387,0,294,87
9388,0,295,87
9389,0,296,87
9390,0,297,87
9391,0,298,87
9392,0,299,87
9393,0,300,87
9394,0,301,87
9395,0,302,87
9396,0,303,87
9397,0,304,87
9398,0,305,87
9399,0,306,87
9400,0,307,87
9401,0,308,87
9402,0,309,87
9403,0,310,87
9404,0,311,87
9405,0,312,87
9406,0,313,87
9407,0,314,87
9408,0,315,87
9409,0,316,87
9410,0,317,87
9411,0,318,87
9412,0,319,87
9413,0,320,87
9414,0,321,87
9415,0,322,87
9416,0,323,87
9417,0,324,87
9418,0,325,87
9419,0,326,87
9420,0,327,87
9421,0,328,87
9422,0,329,87
9423,0,330,87
9424,0,331,87
9425,0,332,87
9426,0,333,87
9427,0,334,87
9428,0,335,87
9429,0,336,87
9430,0,337,87
9431,0,338,87
9432,0,339,87
9433,0,340,87
9434,0,341,87
9435,0,342,87
9436,0,343,87
9437,0,344,87
9438,0,345,87
9439,0,346,87
9440,0,347,87
9441,0,348,87
9442,0,349,87
9443,0,350,87
9444,0,351,87
9445,0,352,87
9446,0,353,87
9447,0,354,87
9448,0,355,87
9449,0,356,87
9450,0,357,87
9451,0,358,87
9452,0,359,87
9453,0,360,87
9454,0,361,87
9455,0,362,87
9456,0,363,87
9457,0,364,87
9458,0,365,87
9459,0,366,87
9460,0,367,87
9461,0,368,87
9462,0,369,87
9463,0,370,87
9464,0,371,87
9465,0,372,87
9466,0,373,87
9467,0,374,87
9468,0,375,87
9469,0,376,87
9470,0,377,87
9471,0,378,87
9472,0,379,87
9473,0,380,87
9474,0,381,87
9475,0,382,87
9476,0,383,87
9477,0,384,87
9478,0,385,87
9479,0,386,87
9480,0,387,87
9481,0,388,87
9482,0,389,87
9483,0,390,87
9484,0,391,87
9485,0,392,87
9486,0,393,87
9487,0,394,87
9488,0,395,87
9489,0,396,87
9490,0,397,87
9491,0,398,87
9492,0,399,87
9493,0,400,87
9494,0,401,87
9495,0,402,87
9496,0,403,87
9497,0,404,87
9498,0,405,87
9499,0,406,87
9500,0,407,87
9501,0,408,87
9502,0,409,87
9503,0,410,87
9504,0,411,87
9505,0,412,87
9506,0,413,87
9507,0,414,87
9508,0,415,87
9509,0,416,87
9510,0,417,87
9511,0,418,87
9512,0,419,87
9513,0,420,87
9514,0,421,87
9515,0,422,87
9516,0,423,87
9517,0,424,87
9518,0,425,87
9519,0,426,87
9520,0,427,87
9521,0,428,87
9522,0,429,87
9523,0,430,87
9524,0,431,87
9525,0,432,87
9526,0,433,87
9527,0,434,87
9528,0,435,87
9529,0,436,87
9530,0,437,87
9531,0,438,87
9532,0,439,87
9533,0,440,87
9534,0,441,87
9535,0,442,87
9536,0,443,87
9537,0,444,87
9538,0,445,87
9539,0,446,87
9540,0,447,87
9541,0,448,87
9542,0,449,87
9543,0,450,87
9544,0,451,87
9545,0,452,87
9546,0,453,87
9547,0,454,87
9548,0,455,87
9549,0,456,87
9550,0,457,87
9551,0,458,87
9552,0,459,87
9553,0,460,87
9554,0,461,87
9555,0,462,87
9556,0,463,87
9557,0,464,87
9558,0,465,87
9559,0,466,87
9560,0,467,87
9561,0,468,87
9562,0,469,87
9563,0,470,87
9564,0,471,87
9565,0,472,87
9566,0,473,87
9567,0,474,87
9568,0,475,87
9569,0,476,87
9570,0,477,87
9571,0,478,87
9572,0,479,87
9573,0,480,87
9574,0,481,87
9575,0,82,88
9576,0,83,88
9577,0,84,88
9578,0,85,88
9579,0,86,88
9580,0,87,88
9581,0,88,88
9582,0,89,88
9583,0,90,88
9584,0,91,88
9585,0,92,88
9586,0,93,88
9587,0,94,88
9588,0,95,88
9589,0,96,88
9590,0,97,88
9591,0,273,88
9592,0,274,88
9593,0,275,88
9594,0,276,88
9595,0,277,88
9596,0,278,88
9597,0,279,88
9598,0,280,88
9599,0,281,88
9600,0,282,88
9601,0,283,88
9602,0,284,88
9603,0,285,88
9604,0,286,88
9605,0,287,88
9606,0,288,88
9607,0,289,88
9608,0,290,88
9609,0,291,88
9610,0,292,88
9611,0,293,88
9612,0,294,88
9613,0,295,88
9614,0,296,88
9615,0,297,88
9616,0,298,88
9617,0,299,88
9618,0,300,88
9619,0,301,88
9620,0,302,88
9621,0,303,88
9622,0,304,88
9623,0,305,88
9624,0,306,88
9625,0,307,88
9626,0,308,88
9627,0,309,88
9628,0,310,88
9629,0,311,88
9630,0,312,88
9631,0,313,88
9632,0,314,88
9633,0,315,88
9634,0,316,88
9635,0,317,88
9636,0,318,88
9637,0,319,88
9638,0,320,88
9639,0,321,88
9640,0,322,88
9641,0,323,88
9642,0,324,88
9643,0,325,88
9644,0,326,88
9645,0,327,88
9646,0,328,88
9647,0,329,88
9648,0,330,88
9649,0,331,88
9650,0,332,88
9651,0,333,88
9652,0,334,88
9653,0,335,88
9654,0,336,88
9655,0,337,88
9656,0,338,88
9657,0,339,88
9658,0,340,88
9659,0,341,88
9660,0,342,88
9661,0,343,88
9662,0,344,88
9663,0,345,88
9664,0,346,88
9665,0,347,88
9666,0,348,88
9667,0,349,88
9668,0,350,88
9669,0,351,88
9670,0,352,88
9671,0,353,88
9672,0,354,88
9673,0,355,88
9674,0,356,88
9675,0,357,88
9676,0,358,88
9677,0,359,88
9678,0,360,88
9679,0,361,88
9680,0,362,88
9681,0,363,88
9682,0,364,88
9683,0,365,88
9684,0,366,88
9685,0,367,88
9686,0,368,88
9687,0,369,88
9688,0,370,88
9689,0,371,88
9690,0,372,88
9691,0,373,88
9692,0,374,88
9693,0,375,88
9694,0,376,88
9695,0,377,88
9696,0,378,88
9697,0,379,88
9698,0,380,88
9699,0,381,88
9700,0,382,88
9701,0,383,88
9702,0,384,88
9703,0,385,88
9704,0,386,88
9705,0,387,88
9706,0,388,88
9707,0,389,88
9708,0,390,88
9709,0,391,88
9710,0,392,88
9711,0,393,88
9712,0,394,88
9713,0,395,88
9714,0,396,88
9715,0,397,88
9716,0,398,88
9717,0,399,88
9718,0,400,88
9719,0,401,88
9720,0,402,88
9721,0,403,88
9722,0,404,88
9723,0,405,88
9724,0,406,88
9725,0,407,88
9726,0,408,88
9727,0,409,88
9728,0,410,88
9729,0,411,88
9730,0,412,88
9731,0,413,88
9732,0,414,88
9733,0,415,88
9734,0,416,88
9735,0,417,88
9736,0,418,88
9737,0,419,88
9738,0,420,88
9739,0,421,88
9740,0,422,88
9741,0,423,88
9742,0,424,88
9743,0,425,88
9744,0,426,88
9745,0,427,88
9746,0,428,88
9747,0,429,88
9748,0,430,88
9749,0,431,88
9750,0,432,88
9751,0,433,88
9752,0,434,88
9753,0,435,88
9754,0,436,88
9755,0,437,88
9756,0,438,88
9757,0,439,88
9758,0,440,88
9759,0,441,88
9760,0,442,88
9761,0,443,88
9762,0,444,88
9763,0,445,88
9764,0,446,88
9765,0,447,88
9766,0,448,88
9767,0,449,88
9768,0,450,88
9769,0,451,88
9770,0,452,88
9771,0,453,88
9772,0,454,88
9773,0,455,88
9774,0,456,88
9775,0,457,88
9776,0,458,88
9777,0,459,88
9778,0,460,88
9779,0,461,88
9780,0,462,88
9781,0,463,88
9782,0,464,88
9783,0,465,88
9784,0,466,88
9785,0,467,88
9786,0,468,88
9787,0,469,88
9788,0,470,88
9789,0,471,88
9790,0,472,88
9791,0,473,88
9792,0,474,88
9793,0,475,88
9794,0,476,88
9795,0,477,88
9796,0,478,88
9797,0,479,88
9798,0,480,88
9799,0,481,88
9800,0,82,89
9801,0,83,89
9802,0,84,89
9803,0,85,89
9804,0,86,89
9805,0,87,89
9806,0,88,89
9807,0,89,89
9808,0,90,89
9809,0,91,89
9810,0,92,89
9811,0,93,89
9812,0,94,89
9813,0,95,89
9814,0,96,89
9815,0,97,89
9816,0,273,89
9817,0,274,89
9818,0,275,89
9819,0,276,89
9820,0,277,89
9821,0,278,89
9822,0,279,89
9823,0,280,89
9824,0,281,89
9825,0,282,89
9826,0,283,89
9827,0,284,89
9828,0,285,89
9829,0,286,89
9830,0,287,89
9831,0,288,89
9832,0,289,89
9833,0,290,89
9834,0,291,89
9835,0,292,89
9836,0,293,89
9837,0,294,89
9838,0,295,89
9839,0,296,89
9840,0,297,89
9841,0,298,89
9842,0,299,89
9843,0,300,89
9844,0,301,89
9845,0,302,89
9846,0,303,89
9847,0,304,89
9848,0,305,89
9849,0,306,89
9850,0,307,89
9851,0,308,89
9852,0,309,89
9853,0,310,89
9854,0,311,89
9855,0,312,89
9856,0,313,89
9857,0,314,89
9858,0,315,89
9859,0,316,89
9860,0,317,89
9861,0,318,89
9862,0,319,89
9863,0,320,89
9864,0,321,89
9865,0,322,89
9866,0,323,89
9867,0,324,89
9868,0,325,89
9869,0,326,89
9870,0,327,89
9871,0,328,89
9872,0,329,89
9873,0,330,89
9874,0,331,89
9875,0,332,89
9876,0,333,89
9877,0,334,89
9878,0,335,89
9879,0,336,89
9880,0,337,89
9881,0,338,89
9882,0,339,89
9883,0,340,89
9884,0,341,89
9885,0,342,89
9886,0,343,89
9887,0,344,89
9888,0,345,89
9889,0,346,89
9890,0,347,89
9891,0,348,89
9892,0,349,89
9893,0,350,89
9894,0,351,89
9895,0,352,89
9896,0,353,89
9897,0,354,89
9898,0,355,89
9899,0,356,89
9900,0,357,89
9901,0,358,89
9902,0,359,89
9903,0,360,89
9904,0,361,89
9905,0,362,89
9906,0,363,89
9907,0,364,89
9908,0,365,89
9909,0,366,89
9910,0,367,89
9911,0,368,89
9912,0,369,89
9913,0,370,89
9914,0,371,89
9915,0,372,89
9916,0,373,89
9917,0,374,89
9918,0,375,89
9919,0,376,89
9920,0,377,89
9921,0,378,89
9922,0,379,89
9923,0,380,89
9924,0,381,89
9925,0,382,89
9926,0,383,89
9927,0,384,89
9928,0,385,89
9929,0,386,89
9930,0,387,89
9931,0,388,89
9932,0,389,89
9933,0,390,89
9934,0,391,89
9935,0,392,89
9936,0,393,89
9937,0,394,89
9938,0,395,89
9939,0,396,89
9940,0,397,89
9941,0,398,89
9942,0,399,89
9943,0,400,89
9944,0,401,89
9945,0,402,89
9946,0,403,89
9947,0,404,89
9948,0,405,89
9949,0,406,89
9950,0,407,89
9951,0,408,89
9952,0,409,89
9953,0,410,89
9954,0,411,89
9955,0,412,89
9956,0,413,89
9957,0,414,89
9958,0,415,89
9959,0,416,89
9960,0,417,89
9961,0,418,89
9962,0,419,89
9963,0,420,89
9964,0,421,89
9965,0,422,89
9966,0,423,89
9967,0,424,89
9968,0,425,89
9969,0,426,89
9970,0,427,89
9971,0,428,89
9972,0,429,89
9973,0,430,89
9974,0,431,89
9975,0,432,89
9976,0,433,89
9977,0,434,89
9978,0,435,89
9979,0,436,89
9980,0,437,89
9981,0,438,89
9982,0,439,89
9983,0,440,89
9984,0,441,89
9985,0,442,89
9986,0,443,89
9987,0,444,89
9988,0,445,89
9989,0,446,89
9990,0,447,89
9991,0,448,89
9992,0,449,89
9993,0,450,89
9994,0,451,89
9995,0,452,89
9996,0,453,89
9997,0,454,89
9998,0,455,89
9999,0,456,89
10000,0,457,89
10001,0,458,89
10002,0,459,89
10003,0,460,89
10004,0,461,89
10005,0,462,89
10006,0,463,89
10007,0,464,89
10008,0,465,89
10009,0,466,89
10010,0,467,89
10011,0,468,89
10012,0,469,89
10013,0,470,89
10014,0,471,89
10015,0,472,89
10016,0,473,89
10017,0,474,89
10018,0,475,89
10019,0,476,89
10020,0,477,89
10021,0,478,89
10022,0,479,89
10023,0,480,89
10024,0,481,89
10025,0,82,90
10026,0,83,90
10027,0,84,90
10028,0,85,90
10029,0,86,90
10030,0,87,90
10031,0,88,90
10032,0,89,90
10033,0,90,90
10034,0,91,90
10035,0,92,90
10036,0,93,90
10037,0,94,90
10038,0,95,90
10039,0,96,90
10040,0,97,90
10041,0,273,90
10042,0,274,90
10043,0,275,90
10044,0,276,90
10045,0,277,90
10046,0,278,90
10047,0,279,90
10048,0,280,90
10049,0,281,90
10050,0,282,90
10051,0,283,90
10052,0,284,90
10053,0,285,90
10054,0,286,90
10055,0,287,90
10056,0,288,90
10057,0,289,90
10058,0,290,90
10059,0,291,90
10060,0,292,90
10061,0,293,90
10062,0,294,90
10063,0,295,90
10064,0,296,90
10065,0,297,90
10066,0,298,90
10067,0,299,90
10068,0,300,90
10069,0,301,90
10070,0,302,90
10071,0,303,90
10072,0,304,90
10073,0,305,90
10074,0,306,90
10075,0,307,90
10076,0,308,90
10077,0,309,90
10078,0,310,90
10079,0,311,90
10080,0,312,90
10081,0,313,90
10082,0,314,90
10083,0,315,90
10084,0,316,90
10085,0,317,90
10086,0,318,90
10087,0,319,90
10088,0,320,90
10089,0,321,90
10090,0,322,90
10091,0,323,90
10092,0,324,90
10093,0,325,90
10094,0,326,90
10095,0,327,90
10096,0,328,90
10097,0,329,90
10098,0,330,90
10099,0,331,90
10100,0,332,90
10101,0,333,90
10102,0,334,90
10103,0,335,90
10104,0,336,90
10105,0,337,90
10106,0,338,90
10107,0,339,90
10108,0,340,90
10109,0,341,90
10110,0,342,90
10111,0,343,90
10112,0,344,90
10113,0,345,90
10114,0,346,90
10115,0,347,90
10116,0,348,90
10117,0,349,90
10118,0,350,90
10119,0,351,90
10120,0,352,90
10121,0,353,90
10122,0,354,90
10123,0,355,90
10124,0,356,90
10125,0,357,90
10126,0,358,90
10127,0,359,90
10128,0,360,90
10129,0,361,90
10130,0,362,90
10131,0,363,90
10132,0,364,90
10133,0,365,90
10134,0,366,90
10135,0,367,90
10136,0,368,90
10137,0,369,90
10138,0,370,90
10139,0,371,90
10140,0,372,90
10141,0,373,90
10142,0,374,90
10143,0,375,90
10144,0,376,90
10145,0,377,90
10146,0,378,90
10147,0,379,90
10148,0,380,90
10149,0,381,90
10150,0,382,90
10151,0,383,90
10152,0,384,90
10153,0,385,90
10154,0,386,90
10155,0,387,90
10156,0,388,90
10157,0,389,90
10158,0,390,90
10159,0,391,90
10160,0,392,90
10161,0,393,90
10162,0,394,90
10163,0,395,90
10164,0,396,90
10165,0,397,90
10166,0,398,90
10167,0,399,90
10168,0,400,90
10169,0,401,90
10170,0,402,90
10171,0,403,90
10172,0,404,90
10173,0,405,90
10174,0,406,90
10175,0,407,90
10176,0,408,90
10177,0,409,90
10178,0,410,90
10179,0,411,90
10180,0,412,90
10181,0,413,90
10182,0,414,90
10183,0,415,90
10184,0,416,90
10185,0,417,90
10186,0,418,90
10187,0,419,90
10188,0,420,90
10189,0,421,90
10190,0,422,90
10191,0,423,90
10192,0,424,90
10193,0,425,90
10194,0,426,90
10195,0,427,90
10196,0,428,90
10197,0,429,90
10198,0,430,90
10199,0,431,90
10200,0,432,90
10201,0,433,90
10202,0,434,90
10203,0,435,90
10204,0,436,90
10205,0,437,90
10206,0,438,90
10207,0,439,90
10208,0,440,90
10209,0,441,90
10210,0,442,90
10211,0,443,90
10212,0,444,90
10213,0,445,90
10214,0,446,90
10215,0,447,90
10216,0,448,90
10217,0,449,90
10218,0,450,90
10219,0,451,90
10220,0,452,90
10221,0,453,90
10222,0,454,90
10223,0,455,90
10224,0,456,90
10225,0,457,90
10226,0,458,90
10227,0,459,90
10228,0,460,90
10229,0,461,90
10230,0,462,90
10231,0,463,90
10232,0,464,90
10233,0,465,90
10234,0,466,90
10235,0,467,90
10236,0,468,90
10237,0,469,90
10238,0,470,90
10239,0,471,90
10240,0,472,90
10241,0,473,90
10242,0,474,90
10243,0,475,90
10244,0,476,90
10245,0,477,90
10246,0,478,90
10247,0,479,90
10248,0,480,90
10249,0,481,90
10250,0,82,91
10251,0,83,91
10252,0,84,91
10253,0,85,91
10254,0,86,91
10255,0,87,91
10256,0,88,91
10257,0,89,91
10258,0,90,91
10259,0,91,91
10260,0,92,91
10261,0,93,91
10262,0,94,91
10263,0,95,91
10264,0,96,91
10265,0,97,91
10266,0,273,91
10267,0,274,91
10268,0,275,91
10269,0,276,91
10270,0,277,91
10271,0,278,91
10272,0,279,91
10273,0,280,91
10274,0,281,91
10275,0,282,91
10276,0,283,91
10277,0,284,91
10278,0,285,91
10279,0,286,91
10280,0,287,91
10281,0,288,91
10282,0,289,91
10283,0,290,91
10284,0,291,91
10285,0,292,91
10286,0,293,91
10287,0,294,91
10288,0,295,91
10289,0,296,91
10290,0,297,91
10291,0,298,91
10292,0,299,91
10293,0,300,91
10294,0,301,91
10295,0,302,91
10296,0,303,91
10297,0,304,91
10298,0,305,91
10299,0,306,91
10300,0,307,91
10301,0,308,91
10302,0,309,91
10303,0,310,91
10304,0,311,91
10305,0,312,91
10306,0,313,91
10307,0,314,91
10308,0,315,91
10309,0,316,91
10310,0,317,91
10311,0,318,91
10312,0,319,91
10313,0,320,91
10314,0,321,91
10315,0,322,91
10316,0,323,91
10317,0,324,91
10318,0,325,91
10319,0,326,91
10320,0,327,91
10321,0,328,91
10322,0,329,91
10323,0,330,91
10324,0,331,91
10325,0,332,91
10326,0,333,91
10327,0,334,91
10328,0,335,91
10329,0,336,91
10330,0,337,91
10331,0,338,91
10332,0,339,91
10333,0,340,91
10334,0,341,91
10335,0,342,91
10336,0,343,91
10337,0,344,91
10338,0,345,91
10339,0,346,91
10340,0,347,91
10341,0,348,91
10342,0,349,91
10343,0,350,91
10344,0,351,91
10345,0,352,91
10346,0,353,91
10347,0,354,91
10348,0,355,91
10349,0,356,91
10350,0,357,91
10351,0,358,91
10352,0,359,91
10353,0,360,91
10354,0,361,91
10355,0,362,91
10356,0,363,91
10357,0,364,91
10358,0,365,91
10359,0,366,91
10360,0,367,91
10361,0,368,91
10362,0,369,91
10363,0,370,91
10364,0,371,91
10365,0,372,91
10366,0,373,91
10367,0,374,91
10368,0,375,91
10369,0,376,91
10370,0,377,91
10371,0,378,91
10372,0,379,91
10373,0,380,91
10374,0,381,91
10375,0,382,91
10376,0,383,91
10377,0,384,91
10378,0,385,91
10379,0,386,91
10380,0,387,91
10381,0,388,91
10382,0,389,91
10383,0,390,91
10384,0,391,91
10385,0,392,91
10386,0,393,91
10387,0,394,91
10388,0,395,91
10389,0,396,91
10390,0,397,91
10391,0,398,91
10392,0,399,91
10393,0,400,91
10394,0,401,91
10395,0,402,91
10396,0,403,91
10397,0,404,91
10398,0,405,91
10399,0,406,91
10400,0,407,91
10401,0,408,91
10402,0,409,91
10403,0,410,91
10404,0,411,91
10405,0,412,91
10406,0,413,91
10407,0,414,91
10408,0,415,91
10409,0,416,91
10410,0,417,91
10411,0,418,91
10412,0,419,91
10413,0,420,91
10414,0,421,91
10415,0,422,91
10416,0,423,91
10417,0,424,91
10418,0,425,91
10419,0,426,91
10420,0,427,91
10421,0,428,91
10422,0,429,91
10423,0,430,91
10424,0,431,91
10425,0,432,91
10426,0,433,91
10427,0,434,91
10428,0,435,91
10429,0,436,91
10430,0,437,91
10431,0,438,91
10432,0,439,91
10433,0,440,91
10434,0,441,91
10435,0,442,91
10436,0,443,91
10437,0,444,91
10438,0,445,91
10439,0,446,91
10440,0,447,91
10441,0,448,91
10442,0,449,91
10443,0,450,91
10444,0,451,91
10445,0,452,91
10446,0,453,91
10447,0,454,91
10448,0,455,91
10449,0,456,91
10450,0,457,91
10451,0,458,91
10452,0,459,91
10453,0,460,91
10454,0,461,91
10455,0,462,91
10456,0,463,91
10457,0,464,91
10458,0,465,91
10459,0,466,91
10460,0,467,91
10461,0,468,91
10462,0,469,91
10463,0,470,91
10464,0,471,91
10465,0,472,91
10466,0,473,91
10467,0,474,91
10468,0,475,91
10469,0,476,91
10470,0,477,91
10471,0,478,91
10472,0,479,91
10473,0,480,91
10474,0,481,91
10475,0,82,92
10476,0,83,92
10477,0,84,92
10478,0,85,92
10479,0,86,92
10480,0,87,92
10481,0,88,92
10482,0,89,92
10483,0,90,92
10484,0,91,92
10485,0,92,92
10486,0,93,92
10487,0,94,92
10488,0,95,92
10489,0,96,92
10490,0,97,92
10491,0,273,92
10492,0,274,92
10493,0,275,92
10494,0,276,92
10495,0,277,92
10496,0,278,92
10497,0,279,92
10498,0,280,92
10499,0,281,92
10500,0,282,92
10501,0,283,92
10502,0,284,92
10503,0,285,92
10504,0,286,92
10505,0,287,92
10506,0,288,92
10507,0,289,92
10508,0,290,92
10509,0,291,92
10510,0,292,92
10511,0,293,92
10512,0,294,92
10513,0,295,92
10514,0,296,92
10515,0,297,92
10516,0,298,92
10517,0,299,92
10518,0,300,92
10519,0,301,92
10520,0,302,92
10521,0,303,92
10522,0,304,92
10523,0,305,92
10524,0,306,92
10525,0,307,92
10526,0,308,92
10527,0,309,92
10528,0,310,92
10529,0,311,92
10530,0,312,92
10531,0,313,92
10532,0,314,92
10533,0,315,92
10534,0,316,92
10535,0,317,92
10536,0,318,92
10537,0,319,92
10538,0,320,92
10539,0,321,92
10540,0,322,92
10541,0,323,92
10542,0,324,92
10543,0,325,92
10544,0,326,92
10545,0,327,92
10546,0,328,92
10547,0,329,92
10548,0,330,92
10549,0,331,92
10550,0,332,92
10551,0,333,92
10552,0,334,92
10553,0,335,92
10554,0,336,92
10555,0,337,92
10556,0,338,92
10557,0,339,92
10558,0,340,92
10559,0,341,92
10560,0,342,92
10561,0,343,92
10562,0,344,92
10563,0,345,92
10564,0,346,92
10565,0,347,92
10566,0,348,92
10567,0,349,92
10568,0,350,92
10569,0,351,92
10570,0,352,92
10571,0,353,92
10572,0,354,92
10573,0,355,92
10574,0,356,92
10575,0,357,92
10576,0,358,92
10577,0,359,92
10578,0,360,92
10579,0,361,92
10580,0,362,92
10581,0,363,92
10582,0,364,92
10583,0,365,92
10584,0,366,92
10585,0,367,92
10586,0,368,92
10587,0,369,92
10588,0,370,92
10589,0,371,92
10590,0,372,92
10591,0,373,92
10592,0,374,92
10593,0,375,92
10594,0,376,92
10595,0,377,92
10596,0,378,92
10597,0,379,92
10598,0,380,92
10599,0,381,92
10600,0,382,92
10601,0,383,92
10602,0,384,92
10603,0,385,92
10604,0,386,92
10605,0,387,92
10606,0,388,92
10607,0,389,92
10608,0,390,92
10609,0,391,92
10610,0,392,92
10611,0,393,92
10612,0,394,92
10613,0,395,92
10614,0,396,92
10615,0,397,92
10616,0,398,92
10617,0,399,92
10618,0,400,92
10619,0,401,92
10620,0,402,92
10621,0,403,92
10622,0,404,92
10623,0,405,92
10624,0,406,92
10625,0,407,92
10626,0,408,92
10627,0,409,92
10628,0,410,92
10629,0,411,92
10630,0,412,92
10631,0,413,92
10632,0,414,92
10633,0,415,92
10634,0,416,92
10635,0,417,92
10636,0,418,92
10637,0,419,92
10638,0,420,92
10639,0,421,92
10640,0,422,92
10641,0,423,92
10642,0,424,92
10643,0,425,92
10644,0,426,92
10645,0,427,92
10646,0,428,92
10647,0,429,92
10648,0,430,92
10649,0,431,92
10650,0,432,92
10651,0,433,92
10652,0,434,92
10653,0,435,92
10654,0,436,92
10655,0,437,92
10656,0,438,92
10657,0,439,92
10658,0,440,92
10659,0,441,92
10660,0,442,92
10661,0,443,92
10662,0,444,92
10663,0,445,92
10664,0,446,92
10665,0,447,92
10666,0,448,92
10667,0,449,92
10668,0,450,92
10669,0,451,92
10670,0,452,92
10671,0,453,92
10672,0,454,92
10673,0,455,92
10674,0,456,92
10675,0,457,92
10676,0,458,92
10677,0,459,92
10678,0,460,92
10679,0,461,92
10680,0,462,92
10681,0,463,92
10682,0,464,92
10683,0,465,92
10684,0,466,92
10685,0,467,92
10686,0,468,92
10687,0,469,92
10688,0,470,92
10689,0,471,92
10690,0,472,92
10691,0,473,92
10692,0,474,92
10693,0,475,92
10694,0,476,92
10695,0,477,92
10696,0,478,92
10697,0,479,92
10698,0,480,92
10699,0,481,92
10700,0,482,92
10701,0,82,93
10702,0,83,93
10703,0,84,93
10704,0,85,93
10705,0,86,93
10706,0,87,93
10707,0,88,93
10708,0,89,93
10709,0,90,93
10710,0,91,93
10711,0,92,93
10712,0,93,93
10713,0,94,93
10714,0,95,93
10715,0,96,93
10716,0,97,93
10717,0,100,93
10718,0,273,93
10719,0,274,93
10720,0,275,93
10721,0,276,93
10722,0,277,93
10723,0,278,93
10724,0,279,93
10725,0,280,93
10726,0,281,93
10727,0,282,93
10728,0,283,93
10729,0,284,93
10730,0,285,93
10731,0,286,93
10732,0,287,93
10733,0,288,93
10734,0,289,93
10735,0,290,93
10736,0,291,93
10737,0,292,93
10738,0,293,93
10739,0,294,93
10740,0,295,93
10741,0,296,93
10742,0,297,93
10743,0,298,93
10744,0,299,93
10745,0,300,93
10746,0,301,93
10747,0,302,93
10748,0,303,93
10749,0,304,93
10750,0,305,93
10751,0,306,93
10752,0,307,93
10753,0,308,93
10754,0,309,93
10755,0,310,93
10756,0,311,93
10757,0,312,93
10758,0,313,93
10759,0,314,93
10760,0,315,93
10761,0,316,93
10762,0,317,93
10763,0,318,93
10764,0,319,93
10765,0,320,93
10766,0,321,93
10767,0,322,93
10768,0,323,93
10769,0,324,93
10770,0,325,93
10771,0,326,93
10772,0,327,93
10773,0,328,93
10774,0,329,93
10775,0,330,93
10776,0,331,93
10777,0,332,93
10778,0,333,93
10779,0,334,93
10780,0,335,93
10781,0,336,93
10782,0,337,93
10783,0,338,93
10784,0,339,93
10785,0,340,93
10786,0,341,93
10787,0,342,93
10788,0,343,93
10789,0,344,93
10790,0,345,93
10791,0,346,93
10792,0,347,93
10793,0,348,93
10794,0,349,93
10795,0,350,93
10796,0,351,93
10797,0,352,93
10798,0,353,93
10799,0,354,93
10800,0,355,93
10801,0,356,93
10802,0,357,93
10803,0,358,93
10804,0,359,93
10805,0,360,93
10806,0,361,93
10807,0,362,93
10808,0,363,93
10809,0,364,93
10810,0,365,93
10811,0,366,93
10812,0,367,93
10813,0,368,93
10814,0,369,93
10815,0,370,93
10816,0,371,93
10817,0,372,93
10818,0,373,93
10819,0,374,93
10820,0,375,93
10821,0,376,93
10822,0,377,93
10823,0,378,93
10824,0,379,93
10825,0,380,93
10826,0,381,93
10827,0,382,93
10828,0,383,93
10829,0,384,93
10830,0,385,93
10831,0,386,93
10832,0,387,93
10833,0,388,93
10834,0,389,93
10835,0,390,93
10836,0,391,93
10837,0,392,93
10838,0,393,93
10839,0,394,93
10840,0,395,93
10841,0,396,93
10842,0,397,93
10843,0,398,93
10844,0,399,93
10845,0,400,93
10846,0,401,93
10847,0,402,93
10848,0,403,93
10849,0,404,93
10850,0,405,93
10851,0,406,93
10852,0,407,93
10853,0,408,93
10854,0,409,93
10855,0,410,93
10856,0,411,93
10857,0,412,93
10858,0,413,93
10859,0,414,93
10860,0,415,93
10861,0,416,93
10862,0,417,93
10863,0,418,93
10864,0,419,93
10865,0,420,93
10866,0,421,93
10867,0,422,93
10868,0,423,93
10869,0,424,93
10870,0,425,93
10871,0,426,93
10872,0,427,93
10873,0,428,93
10874,0,429,93
10875,0,430,93
10876,0,431,93
10877,0,432,93
10878,0,433,93
10879,0,434,93
10880,0,435,93
10881,0,436,93
10882,0,437,93
10883,0,438,93
10884,0,439,93
10885,0,440,93
10886,0,441,93
10887,0,442,93
10888,0,443,93
10889,0,444,93
10890,0,445,93
10891,0,446,93
10892,0,447,93
10893,0,448,93
10894,0,449,93
10895,0,450,93
10896,0,451,93
10897,0,452,93
10898,0,453,93
10899,0,454,93
10900,0,455,93
10901,0,456,93
10902,0,457,93
10903,0,458,93
10904,0,459,93
10905,0,460,93
10906,0,461,93
10907,0,462,93
10908,0,463,93
10909,0,464,93
10910,0,465,93
10911,0,466,93
10912,0,467,93
10913,0,468,93
10914,0,469,93
10915,0,470,93
10916,0,471,93
10917,0,472,93
10918,0,473,93
10919,0,474,93
10920,0,475,93
10921,0,476,93
10922,0,477,93
10923,0,478,93
10924,0,479,93
10925,0,480,93
10926,0,481,93
10927,0,482,93
10928,0,82,94
10929,0,83,94
10930,0,84,94
10931,0,85,94
10932,0,86,94
10933,0,87,94
10934,0,88,94
10935,0,89,94
10936,0,90,94
10937,0,91,94
10938,0,92,94
10939,0,93,94
10940,0,94,94
10941,0,95,94
10942,0,96,94
10943,0,97,94
10944,0,98,94
10945,0,101,94
10946,0,104,94
10947,0,273,94
10948,0,274,94
10949,0,275,94
10950,0,276,94
10951,0,277,94
10952,0,278,94
10953,0,279,94
10954,0,280,94
10955,0,281,94
10956,0,282,94
10957,0,283,94
10958,0,284,94
10959,0,285,94
10960,0,286,94
10961,0,287,94
10962,0,288,94
10963,0,289,94
10964,0,290,94
10965,0,291,94
10966,0,292,94
10967,0,293,94
10968,0,294,94
10969,0,295,94
10970,0,296,94
10971,0,297,94
10972,0,298,94
10973,0,299,94
10974,0,300,94
10975,0,301,94
10976,0,302,94
10977,0,303,94
10978,0,304,94
10979,0,305,94
10980,0,306,94
10981,0,307,94
10982,0,308,94
10983,0,309,94
10984,0,310,94
10985,0,311,94
10986,0,312,94
10987,0,313,94
10988,0,314,94
10989,0,315,94
10990,0,316,94
10991,0,317,94
10992,0,318,94
10993,0,319,94
10994,0,320,94
10995,0,321,94
10996,0,322,94
10997,0,323,94
10998,0,324,94
10999,0,325,94
11000,0,326,94
11001,0,327,94
11002,0,328,94
11003,0,329,94
11004,0,330,94
11005,0,331,94
11006,0,332,94
11007,0,333,94
11008,0,334,94
11009,0,335,94
11010,0,336,94
11011,0,337,94
11012,0,338,94
11013,0,339,94
11014,0,340,94
11015,0,341,94
11016,0,342,94
11017,0,343,94
11018,0,344,94
11019,0,345,94
11020,0,346,94
11021,0,347,94
11022,0,348,94
11023,0,349,94
11024,0,350,94
11025,0,351,94
11026,0,352,94
11027,0,353,94
11028,0,354,94
11029,0,355,94
11030,0,356,94
11031,0,357,94
11032,0,358,94
11033,0,359,94
11034,0,360,94
11035,0,361,94
11036,0,362,94
11037,0,363,94
11038,0,364,94
11039,0,365,94
11040,0,366,94
11041,0,367,94
11042,0,368,94
11043,0,369,94
11044,0,370,94
11045,0,371,94
11046,0,372,94
11047,0,373,94
11048,0,374,94
11049,0,375,94
11050,0,376,94
11051,0,377,94
11052,0,378,94
11053,0,379,94
11054,0,380,94
11055,0,381,94
11056,0,382,94
11057,0,383,94
11058,0,384,94
11059,0,385,94
11060,0,386,94
11061,0,387,94
11062,0,388,94
11063,0,389,94
11064,0,390,94
11065,0,391,94
11066,0,392,94
11067,0,393,94
11068,0,394,94
11069,0,395,94
11070,0,396,94
11071,0,397,94
11072,0,398,94
11073,0,399,94
11074,0,400,94
11075,0,401,94
11076,0,402,94
11077,0,403,94
11078,0,404,94
11079,0,405,94
11080,0,406,94
11081,0,407,94
11082,0,408,94
11083,0,409,94
11084,0,410,94
11085,0,411,94
11086,0,412,94
11087,0,413,94
11088,0,414,94
11089,0,415,94
11090,0,416,94
11091,0,417,94
11092,0,418,94
11093,0,419,94
11094,0,420,94
11095,0,421,94
11096,0,422,94
11097,0,423,94
11098,0,424,94
11099,0,425,94
11100,0,426,94
11101,0,427,94
11102,0,428,94
11103,0,429,94
11104,0,430,94
11105,0,431,94
11106,0,432,94
11107,0,433,94
11108,0,434,94
11109,0,435,94
11110,0,436,94
11111,0,437,94
11112,0,438,94
11113,0,439,94
11114,0,440,94
11115,0,441,94
11116,0,442,94
11117,0,443,94
11118,0,444,94
11119,0,445,94
11120,0,446,94
11121,0,447,94
11122,0,448,94
11123,0,449,94
11124,0,450,94
11125,0,451,94
11126,0,452,94
11127,0,453,94
11128,0,454,94
11129,0,455,94
11130,0,456,94
11131,0,457,94
11132,0,458,94
11133,0,459,94
11134,0,460,94
11135,0,461,94
11136,0,462,94
11137,0,463,94
11138,0,464,94
11139,0,465,94
11140,0,466,94
11141,0,467,94
11142,0,468,94
11143,0,469,94
11144,0,470,94
11145,0,471,94
11146,0,472,94
11147,0,473,94
11148,0,474,94
11149,0,475,94
11150,0,476,94
11151,0,477,94
11152,0,478,94
11153,0,479,94
11154,0,480,94
11155,0,481,94
11156,0,482,94
11157,0,483,94
11158,0,80,95
11159,0,81,95
11160,0,82,95
11161,0,83,95
11162,0,84,95
11163,0,85,95
11164,0,86,95
11165,0,87,95
11166,0,88,95
11167,0,89,95
11168,0,90,95
11169,0,91,95
11170,0,92,95
11171,0,93,95
11172,0,94,95
11173,0,95,95
11174,0,96,95
11175,0,97,95
11176,0,98,95
11177,0,103,95
11178,0,105,95
11179,0,273,95
11180,0,274,95
11181,0,275,95
11182,0,276,95
11183,0,277,95
11184,0,278,95
11185,0,279,95
11186,0,280,95
11187,0,281,95
11188,0,282,95
11189,0,283,95
11190,0,284,95
11191,0,285,95
11192,0,286,95
11193,0,287,95
11194,0,288,95
11195,0,289,95
11196,0,290,95
11197,0,291,95
11198,0,292,95
11199,0,293,95
11200,0,294,95
11201,0,295,95
11202,0,296,95
11203,0,297,95
11204,0,298,95
11205,0,299,95
11206,0,300,95
11207,0,301,95
11208,0,302,95
11209,0,303,95
11210,0,304,95
11211,0,305,95
11212,0,306,95
11213,0,307,95
11214,0,308,95
11215,0,309,95
11216,0,310,95
11217,0,311,95
11218,0,312,95
11219,0,313,95
11220,0,314,95
11221,0,315,95
11222,0,316,95
11223,0,317,95
11224,0,318,95
11225,0,319,95
11226,0,320,95
11227,0,321,95
11228,0,322,95
11229,0,323,95
11230,0,324,95
11231,0,325,95
11232,0,326,95
11233,0,327,95
11234,0,328,95
11235,0,329,95
11236,0,330,95
11237,0,331,95
11238,0,332,95
11239,0,333,95
11240,0,334,95
11241,0,335,95
11242,0,336,95
11243,0,337,95
11244,0,338,95
11245,0,339,95
11246,0,340,95
11247,0,341,95
11248,0,342,95
11249,0,343,95
11250,0,344,95
11251,0,345,95
11252,0,346,95
11253,0,347,95
11254,0,348,95
11255,0,349,95
11256,0,350,95
11257,0,351,95
11258,0,352,95
11259,0,353,95
11260,0,354,95
11261,0,355,95
11262,0,356,95
11263,0,357,95
11264,0,358,95
11265,0,359,95
11266,0,360,95
11267,0,361,95
11268,0,362,95
11269,0,363,95
11270,0,364,95
11271,0,365,95
11272,0,366,95
11273,0,367,95
11274,0,368,95
11275,0,369,95
11276,0,370,95
11277,0,371,95
11278,0,372,95
11279,0,373,95
11280,0,374,95
11281,0,375,95
11282,0,376,95
11283,0,377,95
11284,0,378,95
11285,0,379,95
11286,0,380,95
11287,0,381,95
11288,0,382,95
11289,0,383,95
11290,0,384,95
11291,0,385,95
11292,0,386,95
11293,0,387,95
11294,0,388,95
11295,0,389,95
11296,0,390,95
11297,0,391,95
11298,0,392,95
11299,0,393,95
11300,0,394,95
11301,0,395,95
11302,0,396,95
11303,0,397,95
11304,0,398,95
11305,0,399,95
11306,0,400,95
11307,0,401,95
11308,0,402,95
11309,0,403,95
11310,0,404,95
11311,0,405,95
11312,0,406,95
11313,0,407,95
11314,0,408,95
11315,0,409,95
11316,0,410,95
11317,0,411,95
11318,0,412,95
11319,0,413,95
11320,0,414,95
11321,0,415,95
11322,0,416,95
11323,0,417,95
11324,0,418,95
11325,0,419,95
11326,0,420,95
11327,0,421,95
11328,0,422,95
11329,0,423,95
11330,0,424,95
11331,0,425,95
11332,0,426,95
11333,0,427,95
11334,0,428,95
11335,0,429,95
11336,0,430,95
11337,0,431,95
11338,0,432,95
11339,0,433,95
11340,0,434,95
11341,0,435,95
11342,0,436,95
11343,0,437,95
11344,0,438,95
11345,0,439,95
11346,0,440,95
11347,0,441,95
11348,0,442,95
11349,0,443,95
11350,0,444,95
11351,0,445,95
11352,0,446,95
11353,0,447,95
11354,0,448,95
11355,0,449,95
11356,0,450,95
11357,0,451,95
11358,0,452,95
11359,0,453,95
11360,0,454,95
11361,0,455,95
11362,0,456,95
11363,0,457,95
11364,0,458,95
11365,0,459,95
11366,0,460,95
11367,0,461,95
11368,0,462,95
11369,0,463,95
11370,0,464,95
11371,0,465,95
11372,0,466,95
11373,0,467,95
11374,0,468,95
11375,0,469,95
11376,0,470,95
11377,0,471,95
11378,0,472,95
11379,0,473,95
11380,0,474,95
11381,0,475,95
11382,0,476,95
11383,0,477,95
11384,0,478,95
11385,0,479,95
11386,0,480,95
11387,0,481,95
11388,0,482,95
11389,0,483,95
11390,0,67,96
11391,0,79,96
11392,0,80,96
11393,0,81,96
11394,0,82,96
11395,0,83,96
11396,0,84,96
11397,0,85,96
11398,0,86,96
11399,0,87,96
11400,0,88,96
11401,0,89,96
11402,0,90,96
11403,0,91,96
11404,0,92,96
11405,0,93,96
11406,0,94,96
11407,0,95,96
11408,0,96,96
11409,0,97,96
11410,0,98,96
11411,0,99,96
11412,0,103,96
11413,0,104,96
11414,0,105,96
11415,0,106,96
11416,0,107,96
11417,0,274,96
11418,0,275,96
11419,0,276,96
11420,0,277,96
11421,0,278,96
11422,0,279,96
11423,0,280,96
11424,0,281,96
11425,0,282,96
11426,0,283,96
11427,0,284,96
11428,0,285,96
11429,0,286,96
11430,0,287,96
11431,0,288,96
11432,0,289,96
11433,0,290,96
11434,0,291,96
11435,0,292,96
11436,0,293,96
11437,0,294,96
11438,0,295,96
11439,0,296,96
11440,0,297,96
11441,0,298,96
11442,0,299,96
11443,0,300,96
11444,0,301,96
11445,0,302,96
11446,0,303,96
11447,0,304,96
11448,0,305,96
11449,0,306,96
11450,0,307,96
11451,0,308,96
11452,0,309,96
11453,0,310,96
11454,0,311,96
11455,0,312,96
11456,0,313,96
11457,0,314,96
11458,0,315,96
11459,0,316,96
11460,0,317,96
11461,0,318,96
11462,0,319,96
11463,0,320,96
11464,0,321,96
11465,0,322,96
11466,0,323,96
11467,0,324,96
11468,0,325,96
11469,0,326,96
11470,0,327,96
11471,0,328,96
11472,0,329,96
11473,0,330,96
11474,0,331,96
11475,0,332,96
11476,0,333,96
11477,0,334,96
11478,0,335,96
11479,0,336,96
11480,0,337,96
11481,0,338,96
11482,0,339,96
11483,0,340,96
11484,0,341,96
11485,0,342,96
11486,0,343,96
11487,0,344,96
11488,0,345,96
11489,0,346,96
11490,0,347,96
11491,0,348,96
11492,0,349,96
11493,0,350,96
11494,0,351,96
11495,0,352,96
11496,0,353,96
11497,0,354,96
11498,0,355,96
11499,0,356,96
11500,0,357,96
11501,0,358,96
11502,0,359,96
11503,0,360,96
11504,0,361,96
11505,0,362,96
11506,0,363,96
11507,0,364,96
11508,0,365,96
11509,0,366,96
11510,0,367,96
11511,0,368,96
11512,0,369,96
11513,0,370,96
11514,0,371,96
11515,0,372,96
11516,0,373,96
11517,0,374,96
11518,0,375,96
11519,0,376,96
11520,0,377,96
11521,0,378,96
11522,0,379,96
11523,0,380,96
11524,0,381,96
11525,0,382,96
11526,0,383,96
11527,0,384,96
11528,0,385,96
11529,0,386,96
11530,0,387,96
11531,0,388,96
11532,0,389,96
11533,0,390,96
11534,0,391,96
11535,0,392,96
11536,0,393,96
11537,0,394,96
11538,0,395,96
11539,0,396,96
11540,0,397,96
11541,0,398,96
11542,0,399,96
11543,0,400,96
11544,0,401,96
11545,0,402,96
11546,0,403,96
11547,0,404,96
11548,0,405,96
11549,0,406,96
11550,0,407,96
11551,0,408,96
11552,0,409,96
11553,0,410,96
11554,0,411,96
11555,0,412,96
11556,0,413,96
11557,0,414,96
11558,0,415,96
11559,0,416,96
11560,0,417,96
11561,0,418,96
11562,0,419,96
11563,0,420,96
11564,0,421,96
11565,0,422,96
11566,0,423,96
11567,0,424,96
11568,0,425,96
11569,0,426,96
11570,0,427,96
11571,0,428,96
11572,0,429,96
11573,0,430,96
11574,0,431,96
11575,0,432,96
11576,0,433,96
11577,0,434,96
11578,0,435,96
11579,0,436,96
11580,0,437,96
11581,0,438,96
11582,0,439,96
11583,0,440,96
11584,0,441,96
11585,0,442,96
11586,0,443,96
11587,0,444,96
11588,0,445,96
11589,0,446,96
11590,0,447,96
11591,0,448,96
11592,0,449,96
11593,0,450,96
11594,0,451,96
11595,0,452,96
11596,0,453,96
11597,0,454,96
11598,0,455,96
11599,0,456,96
11600,0,457,96
11601,0,458,96
11602,0,459,96
11603,0,460,96
11604,0,461,96
11605,0,462,96
11606,0,463,96
11607,0,464,96
11608,0,465,96
11609,0,466,96
11610,0,467,96
11611,0,468,96
11612,0,469,96
11613,0,470,96
11614,0,471,96
11615,0,472,96
11616,0,473,96
11617,0,474,96
11618,0,475,96
11619,0,476,96
11620,0,477,96
11621,0,478,96
11622,0,479,96
11623,0,480,96
11624,0,481,96
11625,0,482,96
11626,0,483,96
11627,0,50,97
11628,0,51,97
11629,0,52,97
11630,0,53,97
11631,0,54,97
11632,0,55,97
11633,0,56,97
11634,0,57,97
11635,0,58,97
11636,0,59,97
11637,0,60,97
11638,0,61,97
11639,0,62,97
11640,0,63,97
11641,0,64,97
11642,0,65,97
11643,0,66,97
11644,0,67,97
11645,0,68,97
11646,0,69,97
11647,0,70,97
11648,0,71,97
11649,0,72,97
11650,0,73,97
11651,0,74,97
11652,0,75,97
11653,0,76,97
11654,0,77,97
11655,0,78,97
11656,0,79,97
11657,0,80,97
11658,0,81,97
11659,0,82,97
11660,0,83,97
11661,0,84,97
11662,0,85,97
11663,0,86,97
11664,0,87,97
11665,0,88,97
11666,0,89,97
11667,0,90,97
11668,0,91,97
11669,0,92,97
11670,0,93,97
11671,0,94,97
11672,0,95,97
11673,0,96,97
11674,0,97,97
11675,0,98,97
11676,0,99,97
11677,0,100,97
11678,0,101,97
11679,0,102,97
11680,0,103,97
11681,0,104,97
11682,0,105,97
11683,0,106,97
11684,0,107,97
11685,0,108,97
11686,0,109,97
11687,0,110,97
11688,0,111,97
11689,0,112,97
11690,0,113,97
11691,0,114,97
11692,0,115,97
11693,0,116,97
11694,0,117,97
11695,0,118,97
11696,0,119,97
11697,0,120,97
11698,0,121,97
11699,0,122,97
11700,0,123,97
11701,0,124,97
11702,0,125,97
11703,0,126,97
11704,0,127,97
11705,0,128,97
11706,0,129,97
11707,0,274,97
11708,0,275,97
11709,0,276,97
11710,0,277,97
11711,0,278,97
11712,0,279,97
11713,0,280,97
11714,0,281,97
11715,0,282,97
11716,0,283,97
11717,0,284,97
11718,0,285,97
11719,0,286,97
11720,0,287,97
11721,0,288,97
11722,0,289,97
11723,0,306,97
11724,0,307,97
11725,0,308,97
11726,0,313,97
11727,0,314,97
11728,0,319,97
11729,0,320,97
11730,0,321,97
11731,0,322,97
11732,0,323,97
11733,0,324,97
11734,0,325,97
11735,0,326,97
11736,0,327,97
11737,0,328,97
11738,0,329,97
11739,0,330,97
11740,0,331,97
11741,0,332,97
11742,0,333,97
11743,0,334,97
11744,0,335,97
11745,0,336,97
11746,0,337,97
11747,0,338,97
11748,0,339,97
11749,0,340,97
11750,0,341,97
11751,0,342,97
11752,0,343,97
11753,0,344,97
11754,0,345,97
11755,0,346,97
11756,0,347,97
11757,0,348,97
11758,0,349,97
11759,0,350,97
11760,0,351,97
11761,0,352,97
11762,0,353,97
11763,0,354,97
11764,0,355,97
11765,0,356,97
11766,0,357,97
11767,0,358,97
11768,0,359,97
11769,0,360,97
11770,0,361,97
11771,0,362,97
11772,0,363,97
11773,0,364,97
11774,0,365,97
11775,0,366,97
11776,0,367,97
11777,0,368,97
11778,0,369,97
11779,0,370,97
11780,0,371,97
11781,0,372,97
11782,0,373,97
11783,0,374,97
11784,0,375,97
11785,0,376,97
11786,0,377,97
11787,0,378,97
11788,0,379,97
11789,0,380,97
11790,0,381,97
11791,0,382,97
11792,0,383,97
11793,0,384,97
11794,0,385,97
11795,0,386,97
11796,0,387,97
11797,0,388,97
11798,0,389,97
11799,0,390,97
11800,0,391,97
11801,0,392,97
11802,0,393,97
11803,0,394,97
11804,0,395,97
11805,0,396,97
11806,0,397,97
11807,0,398,97
11808,0,399,97
11809,0,400,97
11810,0,401,97
11811,0,403,97
11812,0,404,97
11813,0,405,97
11814,0,406,97
11815,0,407,97
11816,0,408,97
11817,0,409,97
11818,0,410,97
11819,0,411,97
11820,0,412,97
11821,0,413,97
11822,0,414,97
11823,0,415,97
11824,0,416,97
11825,0,418,97
11826,0,419,97
11827,0,420,97
11828,0,421,97
11829,0,422,97
11830,0,423,97
11831,0,424,97
11832,0,425,97
11833,0,426,97
11834,0,427,97
11835,0,428,97
11836,0,429,97
11837,0,430,97
11838,0,431,97
11839,0,432,97
11840,0,433,97
11841,0,434,97
11842,0,435,97
11843,0,436,97
11844,0,437,97
11845,0,438,97
11846,0,439,97
11847,0,440,97
11848,0,441,97
11849,0,442,97
11850,0,443,97
11851,0,444,97
11852,0,445,97
11853,0,449,97
11854,0,450,97
11855,0,451,97
11856,0,452,97
11857,0,453,97
11858,0,454,97
11859,0,455,97
11860,0,456,97
11861,0,457,97
11862,0,458,97
11863,0,459,97
11864,0,460,97
11865,0,461,97
11866,0,462,97
11867,0,463,97
11868,0,464,97
11869,0,465,97
11870,0,466,97
11871,0,467,97
11872,0,468,97
11873,0,469,97
11874,0,470,97
11875,0,471,97
11876,0,472,97
11877,0,473,97
11878,0,474,97
11879,0,475,97
11880,0,476,97
11881,0,477,97
11882,0,478,97
11883,0,479,97
11884,0,480,97
11885,0,481,97
11886,0,482,97
11887,0,483,97
11888,0,50,98
11889,0,51,98
11890,0,52,98
11891,0,53,98
11892,0,54,98
11893,0,55,98
11894,0,56,98
11895,0,57,98
11896,0,58,98
11897,0,59,98
11898,0,60,98
11899,0,61,98
11900,0,62,98
11901,0,63,98
11902,0,64,98
11903,0,65,98
11904,0,66,98
11905,0,67,98
11906,0,68,98
11907,0,69,98
11908,0,70,98
11909,0,71,98
11910,0,72,98
11911,0,73,98
11912,0,74,98
11913,0,75,98
11914,0,76,98
11915,0,77,98
11916,0,78,98
11917,0,79,98
11918,0,80,98
11919,0,81,98
11920,0,82,98
11921,0,83,98
11922,0,84,98
11923,0,85,98
11924,0,86,98
11925,0,87,98
11926,0,88,98
11927,0,89,98
11928,0,90,98
11929,0,91,98
11930,0,92,98
11931,0,93,98
11932,0,94,98
11933,0,95,98
11934,0,96,98
11935,0,97,98
11936,0,98,98
11937,0,99,98
11938,0,100,98
11939,0,102,98
11940,0,103,98
11941,0,104,98
11942,0,105,98
11943,0,106,98
11944,0,107,98
11945,0,108,98
11946,0,109,98
11947,0,110,98
11948,0,111,98
11949,0,112,98
11950,0,113,98
11951,0,114,98
11952,0,115,98
11953,0,128,98
11954,0,129,98
11955,0,274,98
11956,0,275,98
11957,0,276,98
11958,0,277,98
11959,0,278,98
11960,0,279,98
11961,0,280,98
11962,0,281,98
11963,0,282,98
11964,0,283,98
11965,0,284,98
11966,0,285,98
11967,0,286,98
11968,0,287,98
11969,0,288,98
11970,0,289,98
11971,0,306,98
11972,0,307,98
11973,0,308,98
11974,0,313,98
11975,0,314,98
11976,0,319,98
11977,0,320,98
11978,0,321,98
11979,0,322,98
11980,0,323,98
11981,0,324,98
11982,0,325,98
11983,0,326,98
11984,0,327,98
11985,0,328,98
11986,0,329,98
11987,0,330,98
11988,0,331,98
11989,0,332,98
11990,0,333,98
11991,0,334,98
11992,0,335,98
11993,0,336,98
11994,0,337,98
11995,0,338,98
11996,0,339,98
11997,0,340,98
11998,0,341,98
11999,0,342,98
12000,0,343,98
12001,0,344,98
12002,0,345,98
12003,0,346,98
12004,0,347,98
12005,0,348,98
12006,0,349,98
12007,0,350,98
12008,0,351,98
12009,0,352,98
12010,0,353,98
12011,0,354,98
12012,0,355,98
12013,0,356,98
12014,0,357,98
12015,0,358,98
12016,0,359,98
12017,0,360,98
12018,0,361,98
12019,0,362,98
12020,0,363,98
12021,0,364,98
12022,0,365,98
12023,0,366,98
12024,0,367,98
12025,0,368,98
12026,0,369,98
12027,0,370,98
12028,0,371,98
12029,0,372,98
12030,0,373,98
12031,0,374,98
12032,0,375,98
12033,0,376,98
12034,0,377,98
12035,0,378,98
12036,0,379,98
12037,0,380,98
12038,0,381,98
12039,0,382,98
12040,0,383,98
12041,0,384,98
12042,0,385,98
12043,0,386,98
12044,0,387,98
12045,0,388,98
12046,0,389,98
12047,0,390,98
12048,0,391,98
12049,0,392,98
12050,0,393,98
12051,0,394,98
12052,0,395,98
12053,0,396,98
12054,0,397,98
12055,0,398,98
12056,0,399,98
12057,0,400,98
12058,0,401,98
12059,0,417,98
12060,0,418,98
12061,0,419,98
12062,0,420,98
12063,0,421,98
12064,0,422,98
12065,0,423,98
12066,0,424,98
12067,0,425,98
12068,0,426,98
12069,0,427,98
12070,0,428,98
12071,0,429,98
12072,0,430,98
12073,0,431,98
12074,0,432,98
12075,0,433,98
12076,0,449,98
12077,0,450,98
12078,0,451,98
12079,0,452,98
12080,0,453,98
12081,0,454,98
12082,0,455,98
12083,0,456,98
12084,0,457,98
12085,0,458,98
12086,0,459,98
12087,0,460,98
12088,0,461,98
12089,0,462,98
12090,0,463,98
12091,0,464,98
12092,0,465,98
12093,0,466,98
12094,0,467,98
12095,0,468,98
12096,0,469,98
12097,0,470,98
12098,0,471,98
12099,0,472,98
12100,0,473,98
12101,0,474,98
12102,0,475,98
12103,0,476,98
12104,0,477,98
12105,0,478,98
12106,0,479,98
12107,0,480,98
12108,0,481,98
12109,0,482,98
12110,0,483,98
12111,0,50,99
12112,0,51,99
12113,0,52,99
12114,0,53,99
12115,0,54,99
12116,0,55,99
12117,0,56,99
12118,0,57,99
12119,0,58,99
12120,0,59,99
12121,0,60,99
12122,0,61,99
12123,0,62,99
12124,0,63,99
12125,0,64,99
12126,0,65,99
12127,0,66,99
12128,0,67,99
12129,0,68,99
12130,0,69,99
12131,0,70,99
12132,0,71,99
12133,0,72,99
12134,0,73,99
12135,0,74,99
12136,0,75,99
12137,0,76,99
12138,0,77,99
12139,0,78,99
12140,0,79,99
12141,0,80,99
12142,0,81,99
12143,0,82,99
12144,0,83,99
12145,0,84,99
12146,0,85,99
12147,0,86,99
12148,0,87,99
12149,0,88,99
12150,0,89,99
12151,0,90,99
12152,0,91,99
12153,0,92,99
12154,0,93,99
12155,0,94,99
12156,0,95,99
12157,0,96,99
12158,0,97,99
12159,0,98,99
12160,0,99,99
12161,0,100,99
12162,0,101,99
12163,0,102,99
12164,0,103,99
12165,0,104,99
12166,0,105,99
12167,0,106,99
12168,0,107,99
12169,0,108,99
12170,0,109,99
12171,0,110,99
12172,0,111,99
12173,0,112,99
12174,0,113,99
12175,0,114,99
12176,0,129,99
12177,0,274,99
12178,0,275,99
12179,0,276,99
12180,0,277,99
12181,0,278,99
12182,0,279,99
12183,0,280,99
12184,0,281,99
12185,0,282,99
12186,0,283,99
12187,0,284,99
12188,0,285,99
12189,0,286,99
12190,0,287,99
12191,0,288,99
12192,0,289,99
12193,0,320,99
12194,0,321,99
12195,0,322,99
12196,0,323,99
12197,0,324,99
12198,0,325,99
12199,0,326,99
12200,0,327,99
12201,0,328,99
12202,0,329,99
12203,0,330,99
12204,0,331,99
12205,0,332,99
12206,0,333,99
12207,0,334,99
12208,0,335,99
12209,0,336,99
12210,0,337,99
12211,0,338,99
12212,0,339,99
12213,0,340,99
12214,0,341,99
12215,0,342,99
12216,0,343,99
12217,0,344,99
12218,0,345,99
12219,0,346,99
12220,0,347,99
12221,0,348,99
12222,0,349,99
12223,0,350,99
12224,0,351,99
12225,0,352,99
12226,0,353,99
12227,0,354,99
12228,0,355,99
12229,0,356,99
12230,0,357,99
12231,0,358,99
12232,0,359,99
12233,0,360,99
12234,0,361,99
12235,0,362,99
12236,0,363,99
12237,0,364,99
12238,0,365,99
12239,0,366,99
12240,0,367,99
12241,0,368,99
12242,0,369,99
12243,0,370,99
12244,0,371,99
12245,0,372,99
12246,0,373,99
12247,0,374,99
12248,0,375,99
12249,0,376,99
12250,0,377,99
12251,0,378,99
12252,0,379,99
12253,0,380,99
12254,0,381,99
12255,0,382,99
12256,0,383,99
12257,0,384,99
12258,0,385,99
12259,0,386,99
12260,0,387,99
12261,0,388,99
12262,0,389,99
12263,0,390,99
12264,0,391,99
12265,0,392,99
12266,0,393,99
12267,0,394,99
12268,0,395,99
12269,0,396,99
12270,0,397,99
12271,0,398,99
12272,0,399,99
12273,0,400,99
12274,0,401,99
12275,0,417,99
12276,0,418,99
12277,0,419,99
12278,0,420,99
12279,0,421,99
12280,0,422,99
12281,0,423,99
12282,0,424,99
12283,0,425,99
12284,0,426,99
12285,0,427,99
12286,0,428,99
12287,0,429,99
12288,0,430,99
12289,0,431,99
12290,0,432,99
12291,0,433,99
12292,0,434,99
12293,0,449,99
12294,0,450,99
12295,0,451,99
12296,0,452,99
12297,0,453,99
12298,0,454,99
12299,0,455,99
12300,0,456,99
12301,0,457,99
12302,0,458,99
12303,0,459,99
12304,0,460,99
12305,0,461,99
12306,0,462,99
12307,0,463,99
12308,0,464,99
12309,0,465,99
12310,0,466,99
12311,0,467,99
12312,0,468,99
12313,0,469,99
12314,0,470,99
12315,0,471,99
12316,0,472,99
12317,0,473,99
12318,0,474,99
12319,0,475,99
12320,0,476,99
12321,0,477,99
12322,0,478,99
12323,0,479,99
12324,0,480,99
12325,0,481,99
12326,0,482,99
12327,0,50,100
12328,0,51,100
12329,0,52,100
12330,0,53,100
12331,0,54,100
12332,0,55,100
12333,0,56,100
12334,0,57,100
12335,0,58,100
12336,0,59,100
12337,0,60,100
12338,0,61,100
12339,0,62,100
12340,0,63,100
12341,0,64,100
12342,0,65,100
12343,0,66,100
12344,0,67,100
12345,0,68,100
12346,0,69,100
12347,0,70,100
12348,0,71,100
12349,0,72,100
12350,0,73,100
12351,0,74,100
12352,0,75,100
12353,0,76,100
12354,0,77,100
12355,0,78,100
12356,0,79,100
12357,0,80,100
12358,0,81,100
12359,0,82,100
12360,0,83,100
12361,0,84,100
12362,0,85,100
12363,0,86,100
12364,0,87,100
12365,0,88,100
12366,0,89,100
12367,0,90,100
12368,0,91,100
12369,0,92,100
12370,0,93,100
12371,0,94,100
12372,0,95,100
12373,0,96,100
12374,0,97,100
12375,0,98,100
12376,0,99,100
12377,0,100,100
12378,0,101,100
12379,0,102,100
12380,0,103,100
12381,0,104,100
12382,0,105,100
12383,0,106,100
12384,0,107,100
12385,0,108,100
12386,0,109,100
12387,0,110,100
12388,0,111,100
12389,0,112,100
12390,0,113,100
12391,0,114,100
12392,0,129,100
12393,0,274,100
12394,0,275,100
12395,0,276,100
12396,0,277,100
12397,0,278,100
12398,0,279,100
12399,0,280,100
12400,0,281,100
12401,0,282,100
12402,0,283,100
12403,0,284,100
12404,0,285,100
12405,0,286,100
12406,0,287,100
12407,0,288,100
12408,0,289,100
12409,0,322,100
12410,0,323,100
12411,0,324,100
12412,0,325,100
12413,0,326,100
12414,0,327,100
12415,0,328,100
12416,0,329,100
12417,0,330,100
12418,0,331,100
12419,0,332,100
12420,0,333,100
12421,0,334,100
12422,0,335,100
12423,0,336,100
12424,0,337,100
12425,0,338,100
12426,0,339,100
12427,0,340,100
12428,0,341,100
12429,0,342,100
12430,0,343,100
12431,0,344,100
12432,0,345,100
12433,0,346,100
12434,0,347,100
12435,0,348,100
12436,0,349,100
12437,0,350,100
12438,0,351,100
12439,0,352,100
12440,0,353,100
12441,0,354,100
12442,0,355,100
12443,0,356,100
12444,0,357,100
12445,0,358,100
12446,0,359,100
12447,0,360,100
12448,0,361,100
12449,0,362,100
12450,0,363,100
12451,0,364,100
12452,0,365,100
12453,0,366,100
12454,0,367,100
12455,0,368,100
12456,0,369,100
12457,0,370,100
12458,0,371,100
12459,0,372,100
12460,0,373,100
12461,0,374,100
12462,0,375,100
12463,0,376,100
12464,0,377,100
12465,0,378,100
12466,0,379,100
12467,0,380,100
12468,0,381,100
12469,0,382,100
12470,0,383,100
12471,0,384,100
12472,0,385,100
12473,0,386,100
12474,0,387,100
12475,0,388,100
12476,0,389,100
12477,0,390,100
12478,0,391,100
12479,0,392,100
12480,0,393,100
12481,0,394,100
12482,0,395,100
12483,0,396,100
12484,0,397,100
12485,0,398,100
12486,0,399,100
12487,0,400,100
12488,0,401,100
12489,0,417,100
12490,0,418,100
12491,0,419,100
12492,0,420,100
12493,0,421,100
12494,0,422,100
12495,0,423,100
12496,0,424,100
12497,0,425,100
12498,0,426,100
12499,0,427,100
12500,0,428,100
12501,0,429,100
12502,0,430,100
12503,0,431,100
12504,0,432,100
12505,0,433,100
12506,0,434,100
12507,0,435,100
12508,0,449,100
12509,0,450,100
12510,0,451,100
12511,0,452,100
12512,0,453,100
12513,0,454,100
12514,0,455,100
12515,0,456,100
12516,0,457,100
12517,0,458,100
12518,0,459,100
12519,0,460,100
12520,0,461,100
12521,0,462,100
12522,0,463,100
12523,0,464,100
12524,0,465,100
12525,0,466,100
12526,0,467,100
12527,0,468,100
12528,0,469,100
12529,0,470,100
12530,0,471,100
12531,0,472,100
12532,0,473,100
12533,0,474,100
12534,0,475,100
12535,0,476,100
12536,0,477,100
12537,0,478,100
12538,0,479,100
12539,0,480,100
12540,0,481,100
12541,0,482,100
12542,0,50,101
12543,0,51,101
12544,0,52,101
12545,0,53,101
12546,0,54,101
12547,0,55,101
12548,0,56,101
12549,0,57,101
12550,0,58,101
12551,0,59,101
12552,0,60,101
12553,0,61,101
12554,0,62,101
12555,0,63,101
12556,0,64,101
12557,0,65,101
12558,0,66,101
12559,0,67,101
12560,0,68,101
12561,0,69,101
12562,0,70,101
12563,0,71,101
12564,0,72,101
12565,0,73,101
12566,0,74,101
12567,0,75,101
12568,0,76,101
12569,0,77,101
12570,0,78,101
12571,0,79,101
12572,0,80,101
12573,0,81,101
12574,0,82,101
12575,0,83,101
12576,0,84,101
12577,0,85,101
12578,0,86,101
12579,0,87,101
12580,0,88,101
12581,0,89,101
12582,0,90,101
12583,0,91,101
12584,0,92,101
12585,0,93,101
12586,0,94,101
12587,0,95,101
12588,0,96,101
12589,0,97,101
12590,0,98,101
12591,0,99,101
12592,0,100,101
12593,0,101,101
12594,0,102,101
12595,0,103,101
12596,0,104,101
12597,0,105,101
12598,0,106,101
12599,0,107,101
12600,0,108,101
12601,0,109,101
12602,0,110,101
12603,0,111,101
12604,0,112,101
12605,0,113,101
12606,0,114,101
12607,0,129,101
12608,0,274,101
12609,0,275,101
12610,0,276,101
12611,0,277,101
12612,0,278,101
12613,0,279,101
12614,0,280,101
12615,0,281,101
12616,0,282,101
12617,0,283,101
12618,0,284,101
12619,0,285,101
12620,0,286,101
12621,0,287,101
12622,0,288,101
12623,0,289,101
12624,0,322,101
12625,0,323,101
12626,0,324,101
12627,0,325,101
12628,0,326,101
12629,0,327,101
12630,0,328,101
12631,0,329,101
12632,0,330,101
12633,0,331,101
12634,0,332,101
12635,0,333,101
12636,0,334,101
12637,0,335,101
12638,0,336,101
12639,0,337,101
12640,0,338,101
12641,0,339,101
12642,0,340,101
12643,0,341,101
12644,0,342,101
12645,0,343,101
12646,0,344,101
12647,0,345,101
12648,0,346,101
12649,0,347,101
12650,0,348,101
12651,0,349,101
12652,0,350,101
12653,0,351,101
12654,0,352,101
12655,0,353,101
12656,0,354,101
12657,0,355,101
12658,0,356,101
12659,0,357,101
12660,0,358,101
12661,0,359,101
12662,0,360,101
12663,0,361,101
12664,0,362,101
12665,0,363,101
12666,0,364,101
12667,0,365,101
12668,0,366,101
12669,0,367,101
12670,0,368,101
12671,0,369,101
12672,0,370,101
12673,0,371,101
12674,0,372,101
12675,0,373,101
12676,0,374,101
12677,0,375,101
12678,0,376,101
12679,0,377,101
12680,0,378,101
12681,0,379,101
12682,0,380,101
12683,0,381,101
12684,0,382,101
12685,0,383,101
12686,0,384,101
12687,0,385,101
12688,0,386,101
12689,0,387,101
12690,0,388,101
12691,0,389,101
12692,0,390,101
12693,0,391,101
12694,0,392,101
12695,0,393,101
12696,0,394,101
12697,0,395,101
12698,0,396,101
12699,0,397,101
12700,0,398,101
12701,0,399,101
12702,0,400,101
12703,0,401,101
12704,0,417,101
12705,0,418,101
12706,0,419,101
12707,0,420,101
12708,0,421,101
12709,0,422,101
12710,0,423,101
12711,0,424,101
12712,0,425,101
12713,0,426,101
12714,0,427,101
12715,0,428,101
12716,0,429,101
12717,0,430,101
12718,0,431,101
12719,0,432,101
12720,0,433,101
12721,0,434,101
12722,0,435,101
12723,0,449,101
12724,0,450,101
12725,0,451,101
12726,0,452,101
12727,0,453,101
12728,0,454,101
12729,0,455,101
12730,0,456,101
12731,0,457,101
12732,0,458,101
12733,0,459,101
12734,0,460,101
12735,0,461,101
12736,0,462,101
12737,0,463,101
12738,0,464,101
12739,0,465,101
12740,0,466,101
12741,0,467,101
12742,0,468,101
12743,0,469,101
12744,0,470,101
12745,0,471,101
12746,0,472,101
12747,0,473,101
12748,0,474,101
12749,0,475,101
12750,0,476,101
12751,0,477,101
12752,0,478,101
12753,0,479,101
12754,0,480,101
12755,0,481,101
12756,0,482,101
12757,0,50,102
12758,0,51,102
12759,0,52,102
12760,0,53,102
12761,0,54,102
12762,0,55,102
12763,0,56,102
12764,0,57,102
12765,0,58,102
12766,0,59,102
12767,0,60,102
12768,0,61,102
12769,0,62,102
12770,0,63,102
12771,0,64,102
12772,0,65,102
12773,0,66,102
12774,0,67,102
12775,0,68,102
12776,0,69,102
12777,0,70,102
12778,0,71,102
12779,0,72,102
12780,0,73,102
12781,0,74,102
12782,0,75,102
12783,0,76,102
12784,0,77,102
12785,0,78,102
12786,0,79,102
12787,0,80,102
12788,0,81,102
12789,0,82,102
12790,0,83,102
12791,0,84,102
12792,0,85,102
12793,0,86,102
12794,0,87,102
12795,0,88,102
12796,0,89,102
12797,0,90,102
12798,0,91,102
12799,0,92,102
12800,0,93,102
12801,0,94,102
12802,0,95,102
12803,0,96,102
12804,0,97,102
12805,0,98,102
12806,0,99,102
12807,0,100,102
12808,0,101,102
12809,0,102,102
12810,0,103,102
12811,0,104,102
12812,0,105,102
12813,0,106,102
12814,0,107,102
12815,0,108,102
12816,0,109,102
12817,0,110,102
12818,0,111,102
12819,0,112,102
12820,0,113,102
12821,0,114,102
12822,0,129,102
12823,0,274,102
12824,0,275,102
12825,0,276,102
12826,0,277,102
12827,0,278,102
12828,0,279,102
12829,0,280,102
12830,0,281,102
12831,0,282,102
12832,0,283,102
12833,0,284,102
12834,0,285,102
12835,0,286,102
12836,0,287,102
12837,0,288,102
12838,0,289,102
12839,0,312,102
12840,0,313,102
12841,0,314,102
12842,0,315,102
12843,0,322,102
12844,0,323,102
12845,0,324,102
12846,0,325,102
12847,0,326,102
12848,0,327,102
12849,0,328,102
12850,0,329,102
12851,0,330,102
12852,0,331,102
12853,0,332,102
12854,0,333,102
12855,0,334,102
12856,0,335,102
12857,0,336,102
12858,0,337,102
12859,0,338,102
12860,0,339,102
12861,0,340,102
12862,0,341,102
12863,0,342,102
12864,0,343,102
12865,0,344,102
12866,0,345,102
12867,0,346,102
12868,0,347,102
12869,0,348,102
12870,0,349,102
12871,0,350,102
12872,0,351,102
12873,0,352,102
12874,0,353,102
12875,0,354,102
12876,0,355,102
12877,0,356,102
12878,0,357,102
12879,0,358,102
12880,0,359,102
12881,0,360,102
12882,0,361,102
12883,0,362,102
12884,0,363,102
12885,0,364,102
12886,0,365,102
12887,0,366,102
12888,0,367,102
12889,0,368,102
12890,0,369,102
12891,0,370,102
12892,0,371,102
12893,0,372,102
12894,0,373,102
12895,0,374,102
12896,0,375,102
12897,0,376,102
12898,0,377,102
12899,0,378,102
12900,0,379,102
12901,0,380,102
12902,0,381,102
12903,0,382,102
12904,0,383,102
12905,0,384,102
12906,0,385,102
12907,0,386,102
12908,0,387,102
12909,0,388,102
12910,0,389,102
12911,0,390,102
12912,0,391,102
12913,0,392,102
12914,0,393,102
12915,0,394,102
12916,0,395,102
12917,0,396,102
12918,0,397,102
12919,0,398,102
12920,0,399,102
12921,0,400,102
12922,0,401,102
12923,0,417,102
12924,0,418,102
12925,0,419,102
12926,0,420,102
12927,0,421,102
12928,0,422,102
12929,0,423,102
12930,0,424,102
12931,0,425,102
12932,0,426,102
12933,0,427,102
12934,0,428,102
12935,0,429,102
12936,0,430,102
12937,0,431,102
12938,0,432,102
12939,0,433,102
12940,0,434,102
12941,0,435,102
12942,0,449,102
12943,0,450,102
12944,0,451,102
12945,0,452,102
12946,0,453,102
12947,0,454,102
12948,0,455,102
12949,0,456,102
12950,0,457,102
12951,0,458,102
12952,0,459,102
12953,0,460,102
12954,0,461,102
12955,0,462,102
12956,0,463,102
12957,0,464,102
12958,0,465,102
12959,0,466,102
12960,0,467,102
12961,0,468,102
12962,0,469,102
12963,0,470,102
12964,0,471,102
12965,0,472,102
12966,0,473,102
12967,0,474,102
12968,0,475,102
12969,0,476,102
12970,0,477,102
12971,0,478,102
12972,0,479,102
12973,0,480,102
12974,0,481,102
12975,0,50,103
12976,0,51,103
12977,0,52,103
12978,0,53,103
12979,0,54,103
12980,0,55,103
12981,0,56,103
12982,0,57,103
12983,0,58,103
12984,0,59,103
12985,0,60,103
12986,0,61,103
12987,0,62,103
12988,0,63,103
12989,0,64,103
12990,0,65,103
12991,0,66,103
12992,0,67,103
12993,0,68,103
12994,0,69,103
12995,0,70,103
12996,0,71,103
12997,0,72,103
12998,0,73,103
12999,0,74,103
13000,0,75,103
13001,0,76,103
13002,0,77,103
13003,0,78,103
13004,0,79,103
13005,0,80,103
13006,0,81,103
13007,0,82,103
13008,0,83,103
13009,0,84,103
13010,0,85,103
13011,0,86,103
13012,0,87,103
13013,0,88,103
13014,0,89,103
13015,0,90,103
13016,0,91,103
13017,0,92,103
13018,0,93,103
13019,0,94,103
13020,0,95,103
13021,0,96,103
13022,0,97,103
13023,0,98,103
13024,0,99,103
13025,0,100,103
13026,0,101,103
13027,0,102,103
13028,0,103,103
13029,0,104,103
13030,0,105,103
13031,0,106,103
13032,0,107,103
13033,0,108,103
13034,0,109,103
13035,0,110,103
13036,0,111,103
13037,0,112,103
13038,0,113,103
13039,0,114,103
13040,0,120,103
13041,0,121,103
13042,0,122,103
13043,0,123,103
13044,0,129,103
13045,0,274,103
13046,0,275,103
13047,0,276,103
13048,0,277,103
13049,0,278,103
13050,0,279,103
13051,0,280,103
13052,0,281,103
13053,0,282,103
13054,0,283,103
13055,0,284,103
13056,0,285,103
13057,0,286,103
13058,0,287,103
13059,0,288,103
13060,0,289,103
13061,0,311,103
13062,0,312,103
13063,0,313,103
13064,0,314,103
13065,0,315,103
13066,0,316,103
13067,0,322,103
13068,0,323,103
13069,0,324,103
13070,0,325,103
13071,0,326,103
13072,0,327,103
13073,0,328,103
13074,0,329,103
13075,0,330,103
13076,0,331,103
13077,0,332,103
13078,0,333,103
13079,0,334,103
13080,0,335,103
13081,0,336,103
13082,0,337,103
13083,0,338,103
13084,0,339,103
13085,0,340,103
13086,0,341,103
13087,0,342,103
13088,0,343,103
13089,0,344,103
13090,0,345,103
13091,0,346,103
13092,0,347,103
13093,0,348,103
13094,0,349,103
13095,0,350,103
13096,0,351,103
13097,0,352,103
13098,0,353,103
13099,0,354,103
13100,0,355,103
13101,0,356,103
13102,0,357,103
13103,0,358,103
13104,0,359,103
13105,0,360,103
13106,0,361,103
13107,0,362,103
13108,0,363,103
13109,0,364,103
13110,0,365,103
13111,0,366,103
13112,0,367,103
13113,0,368,103
13114,0,369,103
13115,0,370,103
13116,0,371,103
13117,0,372,103
13118,0,373,103
13119,0,374,103
13120,0,375,103
13121,0,376,103
13122,0,377,103
13123,0,378,103
13124,0,379,103
13125,0,380,103
13126,0,381,103
13127,0,382,103
13128,0,383,103
13129,0,384,103
13130,0,385,103
13131,0,386,103
13132,0,387,103
13133,0,388,103
13134,0,389,103
13135,0,390,103
13136,0,391,103
13137,0,392,103
13138,0,393,103
13139,0,394,103
13140,0,395,103
13141,0,396,103
13142,0,397,103
13143,0,398,103
13144,0,399,103
13145,0,400,103
13146,0,401,103
13147,0,417,103
13148,0,418,103
13149,0,419,103
13150,0,420,103
13151,0,421,103
13152,0,422,103
13153,0,423,103
13154,0,424,103
13155,0,425,103
13156,0,426,103
13157,0,427,103
13158,0,428,103
13159,0,429,103
13160,0,430,103
13161,0,431,103
13162,0,432,103
13163,0,433,103
13164,0,434,103
13165,0,435,103
13166,0,449,103
13167,0,450,103
13168,0,451,103
13169,0,452,103
13170,0,453,103
13171,0,454,103
13172,0,455,103
13173,0,456,103
13174,0,457,103
13175,0,458,103
13176,0,459,103
13177,0,460,103
13178,0,461,103
13179,0,462,103
13180,0,463,103
13181,0,464,103
13182,0,465,103
13183,0,466,103
13184,0,467,103
13185,0,468,103
13186,0,469,103
13187,0,470,103
13188,0,471,103
13189,0,472,103
13190,0,473,103
13191,0,474,103
13192,0,475,103
13193,0,476,103
13194,0,477,103
13195,0,478,103
13196,0,479,103
13197,0,480,103
13198,0,481,103
13199,0,50,104
13200,0,51,104
13201,0,52,104
13202,0,53,104
13203,0,54,104
13204,0,55,104
13205,0,56,104
13206,0,57,104
13207,0,58,104
13208,0,59,104
13209,0,60,104
13210,0,61,104
13211,0,62,104
13212,0,63,104
13213,0,64,104
13214,0,65,104
13215,0,66,104
13216,0,67,104
13217,0,68,104
13218,0,69,104
13219,0,70,104
13220,0,71,104
13221,0,72,104
13222,0,73,104
13223,0,74,104
13224,0,75,104
13225,0,76,104
13226,0,77,104
13227,0,78,104
13228,0,79,104
13229,0,80,104
13230,0,81,104
13231,0,82,104
13232,0,83,104
13233,0,84,104
13234,0,85,104
13235,0,86,104
13236,0,87,104
13237,0,88,104
13238,0,89,104
13239,0,90,104
13240,0,91,104
13241,0,92,104
13242,0,93,104
13243,0,94,104
13244,0,95,104
13245,0,96,104
13246,0,97,104
13247,0,98,104
13248,0,99,104
13249,0,100,104
13250,0,101,104
13251,0,102,104
13252,0,103,104
13253,0,104,104
13254,0,105,104
13255,0,106,104
13256,0,107,104
13257,0,108,104
13258,0,109,104
13259,0,110,104
13260,0,111,104
13261,0,112,104
13262,0,113,104
13263,0,114,104
13264,0,119,104
13265,0,120,104
13266,0,121,104
13267,0,122,104
13268,0,123,104
13269,0,124,104
13270,0,129,104
13271,0,274,104
13272,0,275,104
13273,0,276,104
13274,0,277,104
13275,0,278,104
13276,0,279,104
13277,0,280,104
13278,0,281,104
13279,0,282,104
13280,0,283,104
13281,0,284,104
13282,0,285,104
13283,0,286,104
13284,0,287,104
13285,0,288,104
13286,0,289,104
13287,0,311,104
13288,0,312,104
13289,0,313,104
13290,0,314,104
13291,0,315,104
13292,0,316,104
13293,0,320,104
13294,0,321,104
13295,0,322,104
13296,0,323,104
13297,0,324,104
13298,0,325,104
13299,0,326,104
13300,0,327,104
13301,0,328,104
13302,0,329,104
13303,0,330,104
13304,0,331,104
13305,0,332,104
13306,0,333,104
13307,0,334,104
13308,0,335,104
13309,0,336,104
13310,0,337,104
13311,0,338,104
13312,0,339,104
13313,0,340,104
13314,0,341,104
13315,0,342,104
13316,0,343,104
13317,0,344,104
13318,0,345,104
13319,0,346,104
13320,0,347,104
13321,0,348,104
13322,0,349,104
13323,0,350,104
13324,0,351,104
13325,0,352,104
13326,0,353,104
13327,0,354,104
13328,0,355,104
13329,0,356,104
13330,0,357,104
13331,0,358,104
13332,0,359,104
13333,0,360,104
13334,0,361,104
13335,0,362,104
13336,0,363,104
13337,0,364,104
13338,0,365,104
13339,0,366,104
13340,0,367,104
13341,0,368,104
13342,0,369,104
13343,0,370,104
13344,0,371,104
13345,0,372,104
13346,0,373,104
13347,0,374,104
13348,0,375,104
13349,0,376,104
13350,0,377,104
13351,0,378,104
13352,0,379,104
13353,0,380,104
13354,0,381,104
13355,0,382,104
13356,0,383,104
13357,0,384,104
13358,0,385,104
13359,0,386,104
13360,0,387,104
13361,0,388,104
13362,0,389,104
13363,0,390,104
13364,0,391,104
13365,0,392,104
13366,0,393,104
13367,0,394,104
13368,0,395,104
13369,0,396,104
13370,0,397,104
13371,0,398,104
13372,0,399,104
13373,0,400,104
13374,0,401,104
13375,0,417,104
13376,0,418,104
13377,0,419,104
13378,0,420,104
13379,0,421,104
13380,0,422,104
13381,0,423,104
13382,0,424,104
13383,0,425,104
13384,0,426,104
13385,0,427,104
13386,0,428,104
13387,0,429,104
13388,0,430,104
13389,0,431,104
13390,0,432,104
13391,0,433,104
13392,0,434,104
13393,0,449,104
13394,0,450,104
13395,0,451,104
13396,0,452,104
13397,0,453,104
13398,0,454,104
13399,0,455,104
13400,0,456,104
13401,0,457,104
13402,0,458,104
13403,0,459,104
13404,0,460,104
13405,0,461,104
13406,0,462,104
13407,0,463,104
13408,0,464,104
13409,0,465,104
13410,0,466,104
13411,0,467,104
13412,0,468,104
13413,0,469,104
13414,0,470,104
13415,0,471,104
13416,0,472,104
13417,0,473,104
13418,0,474,104
13419,0,475,104
13420,0,476,104
13421,0,477,104
13422,0,478,104
13423,0,479,104
13424,0,480,104
13425,0,481,104
13426,0,482,104
13427,0,50,105
13428,0,51,105
13429,0,52,105
13430,0,53,105
13431,0,54,105
13432,0,55,105
13433,0,56,105
13434,0,57,105
13435,0,58,105
13436,0,59,105
13437,0,60,105
13438,0,61,105
13439,0,62,105
13440,0,63,105
13441,0,64,105
13442,0,65,105
13443,0,66,105
13444,0,67,105
13445,0,68,105
13446,0,69,105
13447,0,70,105
13448,0,71,105
13449,0,72,105
13450,0,73,105
13451,0,74,105
13452,0,75,105
13453,0,76,105
13454,0,77,105
13455,0,78,105
13456,0,79,105
13457,0,80,105
13458,0,81,105
13459,0,82,105
13460,0,83,105
13461,0,84,105
13462,0,85,105
13463,0,86,105
13464,0,87,105
13465,0,88,105
13466,0,89,105
13467,0,90,105
13468,0,91,105
13469,0,92,105
13470,0,93,105
13471,0,94,105
13472,0,95,105
13473,0,96,105
13474,0,97,105
13475,0,98,105
13476,0,99,105
13477,0,100,105
13478,0,101,105
13479,0,102,105
13480,0,103,105
13481,0,104,105
13482,0,105,105
13483,0,106,105
13484,0,107,105
13485,0,108,105
13486,0,109,105
13487,0,110,105
13488,0,111,105
13489,0,112,105
13490,0,113,105
13491,0,114,105
13492,0,119,105
13493,0,120,105
13494,0,121,105
13495,0,122,105
13496,0,123,105
13497,0,124,105
13498,0,129,105
13499,0,274,105
13500,0,275,105
13501,0,276,105
13502,0,277,105
13503,0,278,105
13504,0,279,105
13505,0,280,105
13506,0,281,105
13507,0,282,105
13508,0,283,105
13509,0,284,105
13510,0,285,105
13511,0,286,105
13512,0,287,105
13513,0,288,105
13514,0,289,105
13515,0,311,105
13516,0,312,105
13517,0,313,105
13518,0,314,105
13519,0,315,105
13520,0,316,105
13521,0,320,105
13522,0,321,105
13523,0,322,105
13524,0,323,105
13525,0,324,105
13526,0,325,105
13527,0,326,105
13528,0,327,105
13529,0,328,105
13530,0,329,105
13531,0,330,105
13532,0,331,105
13533,0,332,105
13534,0,333,105
13535,0,334,105
13536,0,335,105
13537,0,336,105
13538,0,337,105
13539,0,338,105
13540,0,339,105
13541,0,340,105
13542,0,341,105
13543,0,342,105
13544,0,343,105
13545,0,344,105
13546,0,345,105
13547,0,346,105
13548,0,347,105
13549,0,348,105
13550,0,349,105
13551,0,350,105
13552,0,351,105
13553,0,352,105
13554,0,353,105
13555,0,354,105
13556,0,355,105
13557,0,356,105
13558,0,357,105
13559,0,358,105
13560,0,359,105
13561,0,360,105
13562,0,361,105
13563,0,362,105
13564,0,363,105
13565,0,364,105
13566,0,365,105
13567,0,366,105
13568,0,367,105
13569,0,368,105
13570,0,369,105
13571,0,370,105
13572,0,371,105
13573,0,372,105
13574,0,373,105
13575,0,374,105
13576,0,375,105
13577,0,376,105
13578,0,377,105
13579,0,378,105
13580,0,379,105
13581,0,380,105
13582,0,381,105
13583,0,382,105
13584,0,383,105
13585,0,384,105
13586,0,385,105
13587,0,386,105
13588,0,387,105
13589,0,388,105
13590,0,389,105
13591,0,390,105
13592,0,391,105
13593,0,392,105
13594,0,393,105
13595,0,394,105
13596,0,395,105
13597,0,396,105
13598,0,397,105
13599,0,398,105
13600,0,399,105
13601,0,400,105
13602,0,401,105
13603,0,417,105
13604,0,418,105
13605,0,419,105
13606,0,420,105
13607,0,421,105
13608,0,422,105
13609,0,423,105
13610,0,424,105
13611,0,425,105
13612,0,426,105
13613,0,427,105
13614,0,428,105
13615,0,429,105
13616,0,430,105
13617,0,431,105
13618,0,432,105
13619,0,433,105
13620,0,434,105
13621,0,449,105
13622,0,450,105
13623,0,451,105
13624,0,452,105
13625,0,453,105
13626,0,454,105
13627,0,455,105
13628,0,456,105
13629,0,457,105
13630,0,458,105
13631,0,459,105
13632,0,460,105
13633,0,461,105
13634,0,462,105
13635,0,463,105
13636,0,464,105
13637,0,465,105
13638,0,466,105
13639,0,467,105
13640,0,468,105
13641,0,469,105
13642,0,470,105
13643,0,471,105
13644,0,472,105
13645,0,473,105
13646,0,474,105
13647,0,475,105
13648,0,476,105
13649,0,477,105
13650,0,478,105
13651,0,479,105
13652,0,480,105
13653,0,481,105
13654,0,482,105
13655,0,50,106
13656,0,51,106
13657,0,52,106
13658,0,53,106
13659,0,54,106
13660,0,55,106
13661,0,56,106
13662,0,57,106
13663,0,58,106
13664,0,59,106
13665,0,60,106
13666,0,61,106
13667,0,62,106
13668,0,63,106
13669,0,64,106
13670,0,65,106
13671,0,66,106
13672,0,67,106
13673,0,68,106
13674,0,69,106
13675,0,70,106
13676,0,71,106
13677,0,72,106
13678,0,73,106
13679,0,74,106
13680,0,75,106
13681,0,76,106
13682,0,77,106
13683,0,78,106
13684,0,79,106
13685,0,80,106
13686,0,81,106
13687,0,82,106
13688,0,83,106
13689,0,84,106
13690,0,85,106
13691,0,86,106
13692,0,87,106
13693,0,88,106
13694,0,89,106
13695,0,90,106
13696,0,91,106
13697,0,92,106
13698,0,93,106
13699,0,94,106
13700,0,95,106
13701,0,96,106
13702,0,97,106
13703,0,98,106
13704,0,99,106
13705,0,100,106
13706,0,101,106
13707,0,102,106
13708,0,103,106
13709,0,104,106
13710,0,105,106
13711,0,106,106
13712,0,107,106
13713,0,108,106
13714,0,109,106
13715,0,110,106
13716,0,111,106
13717,0,112,106
13718,0,113,106
13719,0,114,106
13720,0,119,106
13721,0,120,106
13722,0,121,106
13723,0,122,106
13724,0,123,106
13725,0,124,106
13726,0,129,106
13727,0,274,106
13728,0,275,106
13729,0,276,106
13730,0,277,106
13731,0,278,106
13732,0,279,106
13733,0,280,106
13734,0,281,106
13735,0,282,106
13736,0,283,106
13737,0,284,106
13738,0,285,106
13739,0,286,106
13740,0,287,106
13741,0,288,106
13742,0,289,106
13743,0,311,106
13744,0,312,106
13745,0,313,106
13746,0,314,106
13747,0,315,106
13748,0,316,106
13749,0,322,106
13750,0,323,106
13751,0,324,106
13752,0,325,106
13753,0,326,106
13754,0,327,106
13755,0,328,106
13756,0,329,106
13757,0,330,106
13758,0,331,106
13759,0,332,106
13760,0,333,106
13761,0,334,106
13762,0,335,106
13763,0,336,106
13764,0,337,106
13765,0,338,106
13766,0,339,106
13767,0,340,106
13768,0,341,106
13769,0,342,106
13770,0,343,106
13771,0,344,106
13772,0,345,106
13773,0,346,106
13774,0,347,106
13775,0,348,106
13776,0,349,106
13777,0,350,106
13778,0,351,106
13779,0,352,106
13780,0,353,106
13781,0,354,106
13782,0,355,106
13783,0,356,106
13784,0,357,106
13785,0,358,106
13786,0,359,106
13787,0,360,106
13788,0,361,106
13789,0,362,106
13790,0,363,106
13791,0,364,106
13792,0,365,106
13793,0,366,106
13794,0,367,106
13795,0,368,106
13796,0,369,106
13797,0,370,106
13798,0,371,106
13799,0,372,106
13800,0,373,106
13801,0,374,106
13802,0,375,106
13803,0,376,106
13804,0,377,106
13805,0,378,106
13806,0,379,106
13807,0,380,106
13808,0,381,106
13809,0,382,106
13810,0,383,106
13811,0,384,106
13812,0,385,106
13813,0,386,106
13814,0,387,106
13815,0,388,106
13816,0,389,106
13817,0,390,106
13818,0,391,106
13819,0,392,106
13820,0,393,106
13821,0,394,106
13822,0,395,106
13823,0,396,106
13824,0,397,106
13825,0,398,106
13826,0,399,106
13827,0,400,106
13828,0,401,106
13829,0,417,106
13830,0,418,106
13831,0,419,106
13832,0,420,106
13833,0,421,106
13834,0,422,106
13835,0,423,106
13836,0,424,106
13837,0,425,106
13838,0,426,106
13839,0,427,106
13840,0,428,106
13841,0,429,106
13842,0,430,106
13843,0,431,106
13844,0,432,106
13845,0,433,106
13846,0,434,106
13847,0,449,106
13848,0,450,106
13849,0,451,106
13850,0,452,106
13851,0,453,106
13852,0,454,106
13853,0,455,106
13854,0,456,106
13855,0,457,106
13856,0,458,106
13857,0,459,106
13858,0,460,106
13859,0,461,106
13860,0,462,106
13861,0,463,106
13862,0,464,106
13863,0,465,106
13864,0,466,106
13865,0,467,106
13866,0,468,106
13867,0,469,106
13868,0,470,106
13869,0,471,106
13870,0,472,106
13871,0,473,106
13872,0,474,106
13873,0,475,106
13874,0,476,106
13875,0,477,106
13876,0,478,106
13877,0,479,106
13878,0,480,106
13879,0,481,106
13880,0,482,106
13881,0,50,107
13882,0,51,107
13883,0,52,107
13884,0,53,107
13885,0,54,107
13886,0,55,107
13887,0,56,107
13888,0,57,107
13889,0,58,107
13890,0,59,107
13891,0,60,107
13892,0,61,107
13893,0,62,107
13894,0,63,107
13895,0,64,107
13896,0,65,107
13897,0,66,107
13898,0,67,107
13899,0,68,107
13900,0,69,107
13901,0,70,107
13902,0,71,107
13903,0,72,107
13904,0,73,107
13905,0,74,107
13906,0,75,107
13907,0,76,107
13908,0,77,107
13909,0,78,107
13910,0,79,107
13911,0,80,107
13912,0,81,107
13913,0,82,107
13914,0,83,107
13915,0,84,107
13916,0,85,107
13917,0,86,107
13918,0,87,107
13919,0,88,107
13920,0,89,107
13921,0,90,107
13922,0,91,107
13923,0,92,107
13924,0,93,107
13925,0,94,107
13926,0,95,107
13927,0,96,107
13928,0,97,107
13929,0,98,107
13930,0,99,107
13931,0,100,107
13932,0,101,107
13933,0,102,107
13934,0,103,107
13935,0,104,107
13936,0,105,107
13937,0,106,107
13938,0,107,107
13939,0,108,107
13940,0,109,107
13941,0,110,107
13942,0,111,107
13943,0,112,107
13944,0,113,107
13945,0,114,107
13946,0,119,107
13947,0,120,107
13948,0,121,107
13949,0,122,107
13950,0,123,107
13951,0,124,107
13952,0,129,107
13953,0,274,107
13954,0,275,107
13955,0,276,107
13956,0,277,107
13957,0,278,107
13958,0,279,107
13959,0,280,107
13960,0,281,107
13961,0,282,107
13962,0,283,107
13963,0,284,107
13964,0,285,107
13965,0,286,107
13966,0,287,107
13967,0,288,107
13968,0,289,107
13969,0,312,107
13970,0,313,107
13971,0,314,107
13972,0,315,107
13973,0,322,107
13974,0,323,107
13975,0,324,107
13976,0,325,107
13977,0,326,107
13978,0,327,107
13979,0,328,107
13980,0,329,107
13981,0,330,107
13982,0,331,107
13983,0,332,107
13984,0,333,107
13985,0,334,107
13986,0,335,107
13987,0,336,107
13988,0,337,107
13989,0,338,107
13990,0,339,107
13991,0,340,107
13992,0,341,107
13993,0,342,107
13994,0,343,107
13995,0,344,107
13996,0,345,107
13997,0,346,107
13998,0,347,107
13999,0,348,107
14000,0,349,107
14001,0,350,107
14002,0,351,107
14003,0,352,107
14004,0,353,107
14005,0,354,107
14006,0,355,107
14007,0,356,107
14008,0,357,107
14009,0,358,107
14010,0,359,107
14011,0,360,107
14012,0,361,107
14013,0,362,107
14014,0,363,107
14015,0,364,107
14016,0,365,107
14017,0,366,107
14018,0,367,107
14019,0,368,107
14020,0,369,107
14021,0,370,107
14022,0,371,107
14023,0,372,107
14024,0,373,107
14025,0,374,107
14026,0,375,107
14027,0,376,107
14028,0,377,107
14029,0,378,107
14030,0,379,107
14031,0,380,107
14032,0,381,107
14033,0,382,107
14034,0,383,107
14035,0,384,107
14036,0,385,107
14037,0,386,107
14038,0,387,107
14039,0,388,107
14040,0,389,107
14041,0,390,107
14042,0,391,107
14043,0,392,107
14044,0,393,107
14045,0,394,107
14046,0,395,107
14047,0,396,107
14048,0,397,107
14049,0,398,107
14050,0,399,107
14051,0,400,107
14052,0,401,107
14053,0,417,107
14054,0,418,107
14055,0,419,107
14056,0,420,107
14057,0,421,107
14058,0,422,107
14059,0,423,107
14060,0,424,107
14061,0,425,107
14062,0,426,107
14063,0,427,107
14064,0,428,107
14065,0,429,107
14066,0,430,107
14067,0,431,107
14068,0,432,107
14069,0,433,107
14070,0,434,107
14071,0,435,107
14072,0,449,107
14073,0,450,107
14074,0,451,107
14075,0,452,107
14076,0,453,107
14077,0,454,107
14078,0,455,107
14079,0,456,107
14080,0,457,107
14081,0,458,107
14082,0,459,107
14083,0,460,107
14084,0,461,107
14085,0,462,107
14086,0,463,107
14087,0,464,107
14088,0,465,107
14089,0,466,107
14090,0,467,107
14091,0,468,107
14092,0,469,107
14093,0,470,107
14094,0,471,107
14095,0,472,107
14096,0,473,107
14097,0,474,107
14098,0,475,107
14099,0,476,107
14100,0,477,107
14101,0,478,107
14102,0,479,107
14103,0,480,107
14104,0,481,107
14105,0,482,107
14106,0,483,107
14107,0,50,108
14108,0,51,108
14109,0,52,108
14110,0,53,108
14111,0,54,108
14112,0,55,108
14113,0,56,108
14114,0,57,108
14115,0,58,108
14116,0,59,108
14117,0,60,108
14118,0,61,108
14119,0,62,108
14120,0,63,108
14121,0,64,108
14122,0,65,108
14123,0,66,108
14124,0,67,108
14125,0,68,108
14126,0,69,108
14127,0,70,108
14128,0,71,108
14129,0,72,108
14130,0,73,108
14131,0,74,108
14132,0,75,108
14133,0,76,108
14134,0,77,108
14135,0,78,108
14136,0,79,108
14137,0,80,108
14138,0,81,108
14139,0,82,108
14140,0,83,108
14141,0,84,108
14142,0,85,108
14143,0,86,108
14144,0,87,108
14145,0,88,108
14146,0,89,108
14147,0,90,108
14148,0,91,108
14149,0,92,108
14150,0,93,108
14151,0,94,108
14152,0,95,108
14153,0,96,108
14154,0,97,108
14155,0,98,108
14156,0,99,108
14157,0,100,108
14158,0,101,108
14159,0,102,108
14160,0,103,108
14161,0,104,108
14162,0,105,108
14163,0,106,108
14164,0,107,108
14165,0,108,108
14166,0,109,108
14167,0,110,108
14168,0,111,108
14169,0,112,108
14170,0,113,108
14171,0,114,108
14172,0,120,108
14173,0,121,108
14174,0,122,108
14175,0,123,108
14176,0,129,108
14177,0,274,108
14178,0,275,108
14179,0,276,108
14180,0,277,108
14181,0,278,108
14182,0,279,108
14183,0,280,108
14184,0,281,108
14185,0,282,108
14186,0,283,108
14187,0,284,108
14188,0,285,108
14189,0,286,108
14190,0,287,108
14191,0,288,108
14192,0,289,108
14193,0,322,108
14194,0,323,108
14195,0,324,108
14196,0,325,108
14197,0,326,108
14198,0,327,108
14199,0,328,108
14200,0,329,108
14201,0,330,108
14202,0,331,108
14203,0,332,108
14204,0,333,108
14205,0,334,108
14206,0,335,108
14207,0,336,108
14208,0,337,108
14209,0,338,108
14210,0,339,108
14211,0,340,108
14212,0,341,108
14213,0,342,108
14214,0,343,108
14215,0,344,108
14216,0,345,108
14217,0,346,108
14218,0,347,108
14219,0,348,108
14220,0,349,108
14221,0,350,108
14222,0,351,108
14223,0,352,108
14224,0,353,108
14225,0,354,108
14226,0,355,108
14227,0,356,108
14228,0,357,108
14229,0,358,108
14230,0,359,108
14231,0,360,108
14232,0,361,108
14233,0,362,108
14234,0,363,108
14235,0,364,108
14236,0,365,108
14237,0,366,108
14238,0,367,108
14239,0,368,108
14240,0,369,108
14241,0,370,108
14242,0,371,108
14243,0,372,108
14244,0,373,108
14245,0,374,108
14246,0,375,108
14247,0,376,108
14248,0,377,108
14249,0,378,108
14250,0,379,108
14251,0,380,108
14252,0,381,108
14253,0,382,108
14254,0,383,108
14255,0,384,108
14256,0,385,108
14257,0,386,108
14258,0,387,108
14259,0,388,108
14260,0,389,108
14261,0,390,108
14262,0,391,108
14263,0,392,108
14264,0,393,108
14265,0,394,108
14266,0,395,108
14267,0,396,108
14268,0,397,108
14269,0,398,108
14270,0,399,108
14271,0,400,108
14272,0,401,108
14273,0,417,108
14274,0,418,108
14275,0,419,108
14276,0,420,108
14277,0,421,108
14278,0,422,108
14279,0,423,108
14280,0,424,108
14281,0,425,108
14282,0,426,108
14283,0,427,108
14284,0,428,108
14285,0,429,108
14286,0,430,108
14287,0,431,108
14288,0,432,108
14289,0,433,108
14290,0,434,108
14291,0,435,108
14292,0,449,108
14293,0,450,108
14294,0,451,108
14295,0,452,108
14296,0,453,108
14297,0,454,108
14298,0,455,108
14299,0,456,108
14300,0,457,108
14301,0,458,108
14302,0,459,108
14303,0,460,108
14304,0,461,108
14305,0,462,108
14306,0,463,108
14307,0,464,108
14308,0,465,108
14309,0,466,108
14310,0,467,108
14311,0,468,108
14312,0,469,108
14313,0,470,108
14314,0,471,108
14315,0,472,108
14316,0,473,108
14317,0,474,108
14318,0,475,108
14319,0,476,108
14320,0,477,108
14321,0,478,108
14322,0,479,108
14323,0,480,108
14324,0,481,108
14325,0,482,108
14326,0,483,108
14327,0,484,108
14328,0,50,109
14329,0,51,109
14330,0,52,109
14331,0,53,109
14332,0,54,109
14333,0,55,109
14334,0,56,109
14335,0,57,109
14336,0,58,109
14337,0,59,109
14338,0,60,109
14339,0,61,109
14340,0,62,109
14341,0,63,109
14342,0,64,109
14343,0,65,109
14344,0,66,109
14345,0,67,109
14346,0,68,109
14347,0,69,109
14348,0,70,109
14349,0,71,109
14350,0,72,109
14351,0,73,109
14352,0,74,109
14353,0,75,109
14354,0,76,109
14355,0,77,109
14356,0,78,109
14357,0,79,109
14358,0,80,109
14359,0,81,109
14360,0,82,109
14361,0,83,109
14362,0,84,109
14363,0,85,109
14364,0,86,109
14365,0,87,109
14366,0,88,109
14367,0,89,109
14368,0,90,109
14369,0,91,109
14370,0,92,109
14371,0,93,109
14372,0,94,109
14373,0,95,109
14374,0,96,109
14375,0,97,109
14376,0,98,109
14377,0,99,109
14378,0,100,109
14379,0,101,109
14380,0,102,109
14381,0,103,109
14382,0,104,109
14383,0,105,109
14384,0,106,109
14385,0,107,109
14386,0,108,109
14387,0,109,109
14388,0,110,109
14389,0,111,109
14390,0,112,109
14391,0,113,109
14392,0,114,109
14393,0,129,109
14394,0,274,109
14395,0,275,109
14396,0,276,109
14397,0,277,109
14398,0,278,109
14399,0,279,109
14400,0,280,109
14401,0,281,109
14402,0,282,109
14403,0,283,109
14404,0,284,109
14405,0,285,109
14406,0,286,109
14407,0,287,109
14408,0,288,109
14409,0,289,109
14410,0,322,109
14411,0,323,109
14412,0,324,109
14413,0,325,109
14414,0,326,109
14415,0,327,109
14416,0,328,109
14417,0,329,109
14418,0,330,109
14419,0,331,109
14420,0,332,109
14421,0,333,109
14422,0,334,109
14423,0,335,109
14424,0,336,109
14425,0,337,109
14426,0,338,109
14427,0,339,109
14428,0,340,109
14429,0,341,109
14430,0,342,109
14431,0,343,109
14432,0,344,109
14433,0,345,109
14434,0,346,109
14435,0,347,109
14436,0,348,109
14437,0,349,109
14438,0,350,109
14439,0,351,109
14440,0,352,109
14441,0,353,109
14442,0,354,109
14443,0,355,109
14444,0,356,109
14445,0,357,109
14446,0,358,109
14447,0,359,109
14448,0,360,109
14449,0,361,109
14450,0,362,109
14451,0,363,109
14452,0,364,109
14453,0,365,109
14454,0,366,109
14455,0,367,109
14456,0,368,109
14457,0,369,109
14458,0,370,109
14459,0,371,109
14460,0,372,109
14461,0,373,109
14462,0,374,109
14463,0,375,109
14464,0,376,109
14465,0,377,109
14466,0,378,109
14467,0,379,109
14468,0,380,109
14469,0,381,109
14470,0,382,109
14471,0,383,109
14472,0,384,109
14473,0,385,109
14474,0,386,109
14475,0,387,109
14476,0,388,109
14477,0,389,109
14478,0,390,109
14479,0,391,109
14480,0,392,109
14481,0,393,109
14482,0,394,109
14483,0,395,109
14484,0,396,109
14485,0,397,109
14486,0,398,109
14487,0,399,109
14488,0,400,109
14489,0,401,109
14490,0,417,109
14491,0,418,109
14492,0,419,109
14493,0,420,109
14494,0,421,109
14495,0,422,109
14496,0,423,109
14497,0,424,109
14498,0,425,109
14499,0,426,109
14500,0,427,109
14501,0,428,109
14502,0,429,109
14503,0,430,109
14504,0,431,109
14505,0,432,109
14506,0,433,109
14507,0,434,109
14508,0,435,109
14509,0,449,109
14510,0,450,109
14511,0,451,109
14512,0,452,109
14513,0,453,109
14514,0,454,109
14515,0,455,109
14516,0,456,109
14517,0,457,109
14518,0,458,109
14519,0,459,109
14520,0,460,109
14521,0,461,109
14522,0,462,109
14523,0,463,109
14524,0,464,109
14525,0,465,109
14526,0,466,109
14527,0,467,109
14528,0,468,109
14529,0,469,109
14530,0,470,109
14531,0,471,109
14532,0,472,109
14533,0,473,109
14534,0,474,109
14535,0,475,109
14536,0,476,109
14537,0,477,109
14538,0,478,109
14539,0,479,109
14540,0,480,109
14541,0,481,109
14542,0,482,109
14543,0,483,109
14544,0,484,109
14545,0,50,110
14546,0,51,110
14547,0,52,110
14548,0,53,110
14549,0,54,110
14550,0,55,110
14551,0,56,110
14552,0,57,110
14553,0,58,110
14554,0,59,110
14555,0,60,110
14556,0,61,110
14557,0,62,110
14558,0,63,110
14559,0,64,110
14560,0,65,110
14561,0,66,110
14562,0,67,110
14563,0,68,110
14564,0,69,110
14565,0,70,110
14566,0,71,110
14567,0,72,110
14568,0,73,110
14569,0,74,110
14570,0,75,110
14571,0,76,110
14572,0,77,110
14573,0,78,110
14574,0,79,110
14575,0,80,110
14576,0,81,110
14577,0,82,110
14578,0,83,110
14579,0,84,110
14580,0,85,110
14581,0,86,110
14582,0,87,110
14583,0,88,110
14584,0,89,110
14585,0,90,110
14586,0,91,110
14587,0,92,110
14588,0,93,110
14589,0,94,110
14590,0,95,110
14591,0,96,110
14592,0,97,110
14593,0,98,110
14594,0,99,110
14595,0,100,110
14596,0,101,110
14597,0,102,110
14598,0,103,110
14599,0,104,110
14600,0,105,110
14601,0,106,110
14602,0,107,110
14603,0,108,110
14604,0,109,110
14605,0,110,110
14606,0,111,110
14607,0,112,110
14608,0,113,110
14609,0,114,110
14610,0,129,110
14611,0,274,110
14612,0,275,110
14613,0,276,110
14614,0,277,110
14615,0,278,110
14616,0,279,110
14617,0,280,110
14618,0,281,110
14619,0,282,110
14620,0,283,110
14621,0,284,110
14622,0,285,110
14623,0,286,110
14624,0,287,110
14625,0,288,110
14626,0,289,110
14627,0,320,110
14628,0,321,110
14629,0,322,110
14630,0,323,110
14631,0,324,110
14632,0,325,110
14633,0,326,110
14634,0,327,110
14635,0,328,110
14636,0,329,110
14637,0,330,110
14638,0,331,110
14639,0,332,110
14640,0,333,110
14641,0,334,110
14642,0,335,110
14643,0,336,110
14644,0,337,110
14645,0,338,110
14646,0,339,110
14647,0,340,110
14648,0,341,110
14649,0,342,110
14650,0,343,110
14651,0,344,110
14652,0,345,110
14653,0,346,110
14654,0,347,110
14655,0,348,110
14656,0,349,110
14657,0,350,110
14658,0,351,110
14659,0,352,110
14660,0,353,110
14661,0,354,110
14662,0,355,110
14663,0,356,110
14664,0,357,110
14665,0,358,110
14666,0,359,110
14667,0,360,110
14668,0,361,110
14669,0,362,110
14670,0,363,110
14671,0,364,110
14672,0,365,110
14673,0,366,110
14674,0,367,110
14675,0,368,110
14676,0,369,110
14677,0,370,110
14678,0,371,110
14679,0,372,110
14680,0,373,110
14681,0,374,110
14682,0,375,110
14683,0,376,110
14684,0,377,110
14685,0,378,110
14686,0,379,110
14687,0,380,110
14688,0,381,110
14689,0,382,110
14690,0,383,110
14691,0,384,110
14692,0,385,110
14693,0,386,110
14694,0,387,110
14695,0,388,110
14696,0,389,110
14697,0,390,110
14698,0,391,110
14699,0,392,110
14700,0,393,110
14701,0,394,110
14702,0,395,110
14703,0,396,110
14704,0,397,110
14705,0,398,110
14706,0,399,110
14707,0,400,110
14708,0,401,110
14709,0,417,110
14710,0,418,110
14711,0,419,110
14712,0,420,110
14713,0,421,110
14714,0,422,110
14715,0,423,110
14716,0,424,110
14717,0,425,110
14718,0,426,110
14719,0,427,110
14720,0,428,110
14721,0,429,110
14722,0,430,110
14723,0,431,110
14724,0,432,110
14725,0,433,110
14726,0,434,110
14727,0,449,110
14728,0,450,110
14729,0,451,110
14730,0,452,110
14731,0,453,110
14732,0,454,110
14733,0,455,110
14734,0,456,110
14735,0,457,110
14736,0,458,110
14737,0,459,110
14738,0,460,110
14739,0,461,110
14740,0,462,110
14741,0,463,110
14742,0,464,110
14743,0,465,110
14744,0,466,110
14745,0,467,110
14746,0,468,110
14747,0,469,110
14748,0,470,110
14749,0,471,110
14750,0,472,110
14751,0,473,110
14752,0,474,110
14753,0,475,110
14754,0,476,110
14755,0,477,110
14756,0,478,110
14757,0,479,110
14758,0,480,110
14759,0,481,110
14760,0,482,110
14761,0,483,110
14762,0,484,110
14763,0,50,111
14764,0,51,111
14765,0,52,111
14766,0,53,111
14767,0,54,111
14768,0,55,111
14769,0,56,111
14770,0,57,111
14771,0,58,111
14772,0,59,111
14773,0,60,111
14774,0,61,111
14775,0,62,111
14776,0,63,111
14777,0,64,111
14778,0,65,111
14779,0,66,111
14780,0,67,111
14781,0,68,111
14782,0,69,111
14783,0,70,111
14784,0,71,111
14785,0,72,111
14786,0,73,111
14787,0,74,111
14788,0,75,111
14789,0,76,111
14790,0,77,111
14791,0,78,111
14792,0,79,111
14793,0,80,111
14794,0,81,111
14795,0,82,111
14796,0,83,111
14797,0,84,111
14798,0,85,111
14799,0,86,111
14800,0,87,111
14801,0,88,111
14802,0,89,111
14803,0,90,111
14804,0,91,111
14805,0,92,111
14806,0,93,111
14807,0,94,111
14808,0,95,111
14809,0,96,111
14810,0,97,111
14811,0,98,111
14812,0,99,111
14813,0,100,111
14814,0,101,111
14815,0,102,111
14816,0,103,111
14817,0,104,111
14818,0,105,111
14819,0,106,111
14820,0,107,111
14821,0,108,111
14822,0,109,111
14823,0,110,111
14824,0,111,111
14825,0,112,111
14826,0,113,111
14827,0,114,111
14828,0,115,111
14829,0,129,111
14830,0,274,111
14831,0,275,111
14832,0,276,111
14833,0,277,111
14834,0,278,111
14835,0,279,111
14836,0,280,111
14837,0,281,111
14838,0,282,111
14839,0,283,111
14840,0,284,111
14841,0,285,111
14842,0,286,111
14843,0,287,111
14844,0,288,111
14845,0,289,111
14846,0,306,111
14847,0,307,111
14848,0,320,111
14849,0,321,111
14850,0,322,111
14851,0,323,111
14852,0,324,111
14853,0,325,111
14854,0,326,111
14855,0,327,111
14856,0,328,111
14857,0,329,111
14858,0,330,111
14859,0,331,111
14860,0,332,111
14861,0,333,111
14862,0,334,111
14863,0,335,111
14864,0,336,111
14865,0,337,111
14866,0,338,111
14867,0,339,111
14868,0,340,111
14869,0,341,111
14870,0,342,111
14871,0,343,111
14872,0,344,111
14873,0,345,111
14874,0,346,111
14875,0,347,111
14876,0,348,111
14877,0,349,111
14878,0,350,111
14879,0,351,111
14880,0,352,111
14881,0,353,111
14882,0,354,111
14883,0,355,111
14884,0,356,111
14885,0,357,111
14886,0,358,111
14887,0,359,111
14888,0,360,111
14889,0,361,111
14890,0,362,111
14891,0,363,111
14892,0,364,111
14893,0,365,111
14894,0,366,111
14895,0,367,111
14896,0,368,111
14897,0,369,111
14898,0,370,111
14899,0,371,111
14900,0,372,111
14901,0,373,111
14902,0,374,111
14903,0,375,111
14904,0,376,111
14905,0,377,111
14906,0,378,111
14907,0,379,111
14908,0,380,111
14909,0,381,111
14910,0,382,111
14911,0,383,111
14912,0,384,111
14913,0,385,111
14914,0,386,111
14915,0,387,111
14916,0,388,111
14917,0,389,111
14918,0,390,111
14919,0,391,111
14920,0,392,111
14921,0,393,111
14922,0,394,111
14923,0,395,111
14924,0,396,111
14925,0,397,111
14926,0,398,111
14927,0,399,111
14928,0,400,111
14929,0,401,111
14930,0,417,111
14931,0,418,111
14932,0,419,111
14933,0,420,111
14934,0,421,111
14935,0,422,111
14936,0,423,111
14937,0,424,111
14938,0,425,111
14939,0,426,111
14940,0,427,111
14941,0,428,111
14942,0,429,111
14943,0,430,111
14944,0,431,111
14945,0,432,111
14946,0,433,111
14947,0,434,111
14948,0,449,111
14949,0,450,111
14950,0,451,111
14951,0,452,111
14952,0,453,111
14953,0,454,111
14954,0,455,111
14955,0,456,111
14956,0,457,111
14957,0,458,111
14958,0,459,111
14959,0,460,111
14960,0,461,111
14961,0,462,111
14962,0,463,111
14963,0,464,111
14964,0,465,111
14965,0,466,111
14966,0,467,111
14967,0,468,111
14968,0,469,111
14969,0,470,111
14970,0,471,111
14971,0,472,111
14972,0,473,111
14973,0,474,111
14974,0,475,111
14975,0,476,111
14976,0,477,111
14977,0,478,111
14978,0,479,111
14979,0,480,111
14980,0,481,111
14981,0,482,111
14982,0,483,111
14983,0,484,111
14984,0,24,112
14985,0,28,112
14986,0,29,112
14987,0,34,112
14988,0,50,112
14989,0,51,112
14990,0,52,112
14991,0,53,112
14992,0,54,112
14993,0,55,112
14994,0,56,112
14995,0,57,112
14996,0,58,112
14997,0,59,112
14998,0,60,112
14999,0,61,112
15000,0,62,112
15001,0,63,112
15002,0,64,112
15003,0,65,112
15004,0,66,112
15005,0,67,112
15006,0,68,112
15007,0,69,112
15008,0,70,112
15009,0,71,112
15010,0,72,112
15011,0,73,112
15012,0,74,112
15013,0,75,112
15014,0,76,112
15015,0,77,112
15016,0,78,112
15017,0,79,112
15018,0,80,112
15019,0,81,112
15020,0,82,112
15021,0,83,112
15022,0,84,112
15023,0,85,112
15024,0,86,112
15025,0,87,112
15026,0,88,112
15027,0,89,112
15028,0,90,112
15029,0,91,112
15030,0,92,112
15031,0,93,112
15032,0,94,112
15033,0,95,112
15034,0,96,112
15035,0,97,112
15036,0,98,112
15037,0,99,112
15038,0,100,112
15039,0,101,112
15040,0,102,112
15041,0,103,112
15042,0,104,112
15043,0,105,112
15044,0,106,112
15045,0,107,112
15046,0,108,112
15047,0,109,112
15048,0,110,112
15049,0,111,112
15050,0,112,112
15051,0,113,112
15052,0,114,112
15053,0,115,112
15054,0,116,112
15055,0,117,112
15056,0,118,112
15057,0,119,112
15058,0,120,112
15059,0,121,112
15060,0,122,112
15061,0,123,112
15062,0,124,112
15063,0,125,112
15064,0,126,112
15065,0,127,112
15066,0,128,112
15067,0,129,112
15068,0,159,112
15069,0,274,112
15070,0,275,112
15071,0,276,112
15072,0,277,112
15073,0,278,112
15074,0,279,112
15075,0,280,112
15076,0,281,112
15077,0,282,112
15078,0,283,112
15079,0,284,112
15080,0,285,112
15081,0,286,112
15082,0,287,112
15083,0,288,112
15084,0,289,112
15085,0,306,112
15086,0,307,112
15087,0,320,112
15088,0,321,112
15089,0,322,112
15090,0,323,112
15091,0,324,112
15092,0,325,112
15093,0,326,112
15094,0,327,112
15095,0,328,112
15096,0,329,112
15097,0,330,112
15098,0,331,112
15099,0,332,112
15100,0,333,112
15101,0,334,112
15102,0,335,112
15103,0,336,112
15104,0,337,112
15105,0,338,112
15106,0,339,112
15107,0,340,112
15108,0,341,112
15109,0,342,112
15110,0,343,112
15111,0,344,112
15112,0,345,112
15113,0,346,112
15114,0,347,112
15115,0,348,112
15116,0,349,112
15117,0,350,112
15118,0,351,112
15119,0,352,112
15120,0,353,112
15121,0,354,112
15122,0,355,112
15123,0,356,112
15124,0,357,112
15125,0,358,112
15126,0,359,112
15127,0,360,112
15128,0,361,112
15129,0,362,112
15130,0,363,112
15131,0,364,112
15132,0,365,112
15133,0,366,112
15134,0,367,112
15135,0,368,112
15136,0,369,112
15137,0,370,112
15138,0,371,112
15139,0,372,112
15140,0,373,112
15141,0,374,112
15142,0,375,112
15143,0,376,112
15144,0,377,112
15145,0,378,112
15146,0,379,112
15147,0,380,112
15148,0,381,112
15149,0,382,112
15150,0,383,112
15151,0,384,112
15152,0,385,112
15153,0,386,112
15154,0,387,112
15155,0,388,112
15156,0,389,112
15157,0,390,112
15158,0,391,112
15159,0,392,112
15160,0,393,112
15161,0,394,112
15162,0,395,112
15163,0,396,112
15164,0,397,112
15165,0,398,112
15166,0,399,112
15167,0,400,112
15168,0,401,112
15169,0,418,112
15170,0,419,112
15171,0,420,112
15172,0,421,112
15173,0,422,112
15174,0,423,112
15175,0,424,112
15176,0,425,112
15177,0,426,112
15178,0,427,112
15179,0,428,112
15180,0,429,112
15181,0,430,112
15182,0,431,112
15183,0,432,112
15184,0,433,112
15185,0,449,112
15186,0,450,112
15187,0,451,112
15188,0,452,112
15189,0,453,112
15190,0,454,112
15191,0,455,112
15192,0,456,112
15193,0,457,112
15194,0,458,112
15195,0,459,112
15196,0,460,112
15197,0,461,112
15198,0,462,112
15199,0,463,112
15200,0,464,112
15201,0,465,112
15202,0,466,112
15203,0,467,112
15204,0,468,112
15205,0,469,112
15206,0,470,112
15207,0,471,112
15208,0,472,112
15209,0,473,112
15210,0,474,112
15211,0,475,112
15212,0,476,112
15213,0,477,112
15214,0,478,112
15215,0,479,112
15216,0,480,112
15217,0,481,112
15218,0,482,112
15219,0,483,112
15220,0,23,113
15221,0,25,113
15222,0,26,113
15223,0,27,113
15224,0,28,113
15225,0,29,113
15226,0,30,113
15227,0,31,113
15228,0,32,113
15229,0,33,113
15230,0,34,113
15231,0,35,113
15232,0,36,113
15233,0,37,113
15234,0,38,113
15235,0,39,113
15236,0,40,113
15237,0,41,113
15238,0,42,113
15239,0,43,113
15240,0,44,113
15241,0,45,113
15242,0,46,113
15243,0,47,113
15244,0,48,113
15245,0,49,113
15246,0,50,113
15247,0,51,113
15248,0,52,113
15249,0,53,113
15250,0,54,113
15251,0,55,113
15252,0,56,113
15253,0,57,113
15254,0,58,113
15255,0,59,113
15256,0,60,113
15257,0,61,113
15258,0,62,113
15259,0,63,113
15260,0,64,113
15261,0,65,113
15262,0,66,113
15263,0,67,113
15264,0,68,113
15265,0,69,113
15266,0,70,113
15267,0,71,113
15268,0,72,113
15269,0,73,113
15270,0,74,113
15271,0,75,113
15272,0,76,113
15273,0,77,113
15274,0,78,113
15275,0,79,113
15276,0,80,113
15277,0,81,113
15278,0,82,113
15279,0,83,113
15280,0,84,113
15281,0,85,113
15282,0,86,113
15283,0,87,113
15284,0,88,113
15285,0,89,113
15286,0,90,113
15287,0,91,113
15288,0,92,113
15289,0,93,113
15290,0,94,113
15291,0,95,113
15292,0,96,113
15293,0,97,113
15294,0,98,113
15295,0,99,113
15296,0,100,113
15297,0,101,113
15298,0,102,113
15299,0,103,113
15300,0,104,113
15301,0,105,113
15302,0,106,113
15303,0,107,113
15304,0,108,113
15305,0,109,113
15306,0,110,113
15307,0,111,113
15308,0,112,113
15309,0,113,113
15310,0,114,113
15311,0,115,113
15312,0,116,113
15313,0,117,113
15314,0,118,113
15315,0,119,113
15316,0,120,113
15317,0,121,113
15318,0,122,113
15319,0,123,113
15320,0,124,113
15321,0,125,113
15322,0,126,113
15323,0,127,113
15324,0,128,113
15325,0,129,113
15326,0,130,113
15327,0,131,113
15328,0,132,113
15329,0,133,113
15330,0,134,113
15331,0,135,113
15332,0,136,113
15333,0,137,113
15334,0,138,113
15335,0,139,113
15336,0,140,113
15337,0,141,113
15338,0,142,113
15339,0,143,113
15340,0,144,113
15341,0,145,113
15342,0,146,113
15343,0,147,113
15344,0,148,113
15345,0,149,113
15346,0,150,113
15347,0,151,113
15348,0,152,113
15349,0,153,113
15350,0,154,113
15351,0,155,113
15352,0,156,113
15353,0,157,113
15354,0,158,113
15355,0,159,113
15356,0,160,113
15357,0,161,113
15358,0,162,113
15359,0,163,113
15360,0,164,113
15361,0,165,113
15362,0,166,113
15363,0,167,113
15364,0,168,113
15365,0,169,113
15366,0,170,113
15367,0,171,113
15368,0,172,113
15369,0,173,113
15370,0,174,113
15371,0,175,113
15372,0,176,113
15373,0,177,113
15374,0,178,113
15375,0,179,113
15376,0,180,113
15377,0,181,113
15378,0,182,113
15379,0,183,113
15380,0,184,113
15381,0,185,113
15382,0,242,113
15383,0,243,113
15384,0,244,113
15385,0,245,113
15386,0,246,113
15387,0,247,113
15388,0,248,113
15389,0,249,113
15390,0,250,113
15391,0,251,113
15392,0,252,113
15393,0,253,113
15394,0,254,113
15395,0,255,113
15396,0,256,113
15397,0,257,113
15398,0,274,113
15399,0,275,113
15400,0,276,113
15401,0,277,113
15402,0,278,113
15403,0,279,113
15404,0,280,113
15405,0,281,113
15406,0,282,113
15407,0,283,113
15408,0,284,113
15409,0,285,113
15410,0,286,113
15411,0,287,113
15412,0,288,113
15413,0,289,113
15414,0,306,113
15415,0,307,113
15416,0,320,113
15417,0,321,113
15418,0,322,113
15419,0,323,113
15420,0,324,113
15421,0,325,113
15422,0,326,113
15423,0,327,113
15424,0,328,113
15425,0,329,113
15426,0,330,113
15427,0,331,113
15428,0,332,113
15429,0,333,113
15430,0,334,113
15431,0,335,113
15432,0,336,113
15433,0,337,113
15434,0,338,113
15435,0,339,113
15436,0,340,113
15437,0,341,113
15438,0,342,113
15439,0,343,113
15440,0,344,113
15441,0,345,113
15442,0,346,113
15443,0,347,113
15444,0,348,113
15445,0,349,113
15446,0,350,113
15447,0,351,113
15448,0,352,113
15449,0,353,113
15450,0,354,113
15451,0,355,113
15452,0,356,113
15453,0,357,113
15454,0,358,113
15455,0,359,113
15456,0,360,113
15457,0,361,113
15458,0,362,113
15459,0,363,113
15460,0,364,113
15461,0,365,113
15462,0,366,113
15463,0,367,113
15464,0,368,113
15465,0,369,113
15466,0,370,113
15467,0,371,113
15468,0,372,113
15469,0,373,113
15470,0,374,113
15471,0,375,113
15472,0,376,113
15473,0,377,113
15474,0,378,113
15475,0,379,113
15476,0,380,113
15477,0,381,113
15478,0,382,113
15479,0,383,113
15480,0,384,113
15481,0,385,113
15482,0,387,113
15483,0,388,113
15484,0,389,113
15485,0,394,113
15486,0,395,113
15487,0,400,113
15488,0,401,113
15489,0,402,113
15490,0,418,113
15491,0,419,113
15492,0,420,113
15493,0,421,113
15494,0,422,113
15495,0,423,113
15496,0,424,113
15497,0,425,113
15498,0,426,113
15499,0,427,113
15500,0,428,113
15501,0,429,113
15502,0,430,113
15503,0,431,113
15504,0,432,113
15505,0,433,113
15506,0,451,113
15507,0,452,113
15508,0,453,113
15509,0,454,113
15510,0,455,113
15511,0,456,113
15512,0,457,113
15513,0,458,113
15514,0,459,113
15515,0,460,113
15516,0,461,113
15517,0,462,113
15518,0,463,113
15519,0,464,113
15520,0,473,113
15521,0,474,113
15522,0,475,113
15523,0,476,113
15524,0,477,113
15525,0,478,113
15526,0,479,113
15527,0,480,113
15528,0,481,113
15529,0,482,113
15530,0,483,113
15531,0,23,114
15532,0,24,114
15533,0,25,114
15534,0,26,114
15535,0,27,114
15536,0,28,114
15537,0,29,114
15538,0,30,114
15539,0,31,114
15540,0,32,114
15541,0,33,114
15542,0,34,114
15543,0,35,114
15544,0,36,114
15545,0,37,114
15546,0,38,114
15547,0,39,114
15548,0,40,114
15549,0,41,114
15550,0,42,114
15551,0,43,114
15552,0,44,114
15553,0,45,114
15554,0,46,114
15555,0,47,114
15556,0,48,114
15557,0,49,114
15558,0,50,114
15559,0,51,114
15560,0,52,114
15561,0,53,114
15562,0,54,114
15563,0,55,114
15564,0,56,114
15565,0,57,114
15566,0,58,114
15567,0,59,114
15568,0,60,114
15569,0,61,114
15570,0,62,114
15571,0,63,114
15572,0,64,114
15573,0,65,114
15574,0,66,114
15575,0,67,114
15576,0,68,114
15577,0,69,114
15578,0,70,114
15579,0,71,114
15580,0,72,114
15581,0,73,114
15582,0,74,114
15583,0,75,114
15584,0,76,114
15585,0,77,114
15586,0,78,114
15587,0,79,114
15588,0,80,114
15589,0,81,114
15590,0,82,114
15591,0,83,114
15592,0,84,114
15593,0,85,114
15594,0,86,114
15595,0,87,114
15596,0,88,114
15597,0,89,114
15598,0,90,114
15599,0,91,114
15600,0,92,114
15601,0,93,114
15602,0,94,114
15603,0,95,114
15604,0,96,114
15605,0,97,114
15606,0,98,114
15607,0,99,114
15608,0,100,114
15609,0,101,114
15610,0,102,114
15611,0,103,114
15612,0,104,114
15613,0,105,114
15614,0,106,114
15615,0,107,114
15616,0,108,114
15617,0,109,114
15618,0,110,114
15619,0,111,114
15620,0,112,114
15621,0,113,114
15622,0,114,114
15623,0,115,114
15624,0,116,114
15625,0,117,114
15626,0,118,114
15627,0,119,114
15628,0,120,114
15629,0,121,114
15630,0,122,114
15631,0,123,114
15632,0,124,114
15633,0,125,114
15634,0,126,114
15635,0,127,114
15636,0,128,114
15637,0,129,114
15638,0,130,114
15639,0,131,114
15640,0,132,114
15641,0,133,114
15642,0,134,114
15643,0,135,114
15644,0,136,114
15645,0,137,114
15646,0,138,114
15647,0,139,114
15648,0,140,114
15649,0,141,114
15650,0,142,114
15651,0,143,114
15652,0,144,114
15653,0,145,114
15654,0,146,114
15655,0,147,114
15656,0,148,114
15657,0,149,114
15658,0,150,114
15659,0,151,114
15660,0,152,114
15661,0,153,114
15662,0,154,114
15663,0,155,114
15664,0,156,114
15665,0,157,114
15666,0,158,114
15667,0,159,114
15668,0,160,114
15669,0,161,114
15670,0,162,114
15671,0,163,114
15672,0,164,114
15673,0,165,114
15674,0,166,114
15675,0,167,114
15676,0,168,114
15677,0,169,114
15678,0,170,114
15679,0,171,114
15680,0,172,114
15681,0,173,114
15682,0,174,114
15683,0,175,114
15684,0,176,114
15685,0,177,114
15686,0,178,114
15687,0,179,114
15688,0,180,114
15689,0,181,114
15690,0,182,114
15691,0,183,114
15692,0,184,114
15693,0,185,114
15694,0,186,114
15695,0,242,114
15696,0,243,114
15697,0,244,114
15698,0,245,114
15699,0,246,114
15700,0,247,114
15701,0,248,114
15702,0,249,114
15703,0,250,114
15704,0,251,114
15705,0,252,114
15706,0,253,114
15707,0,254,114
15708,0,255,114
15709,0,256,114
15710,0,257,114
15711,0,274,114
15712,0,275,114
15713,0,276,114
15714,0,277,114
15715,0,278,114
15716,0,279,114
15717,0,280,114
15718,0,281,114
15719,0,282,114
15720,0,283,114
15721,0,284,114
15722,0,285,114
15723,0,286,114
15724,0,287,114
15725,0,288,114
15726,0,289,114
15727,0,306,114
15728,0,307,114
15729,0,320,114
15730,0,321,114
15731,0,322,114
15732,0,323,114
15733,0,324,114
15734,0,325,114
15735,0,326,114
15736,0,327,114
15737,0,328,114
15738,0,329,114
15739,0,330,114
15740,0,331,114
15741,0,332,114
15742,0,333,114
15743,0,334,114
15744,0,335,114
15745,0,336,114
15746,0,337,114
15747,0,338,114
15748,0,339,114
15749,0,340,114
15750,0,341,114
15751,0,342,114
15752,0,343,114
15753,0,344,114
15754,0,345,114
15755,0,346,114
15756,0,347,114
15757,0,348,114
15758,0,349,114
15759,0,350,114
15760,0,351,114
15761,0,352,114
15762,0,353,114
15763,0,354,114
15764,0,355,114
15765,0,356,114
15766,0,357,114
15767,0,358,114
15768,0,359,114
15769,0,360,114
15770,0,361,114
15771,0,362,114
15772,0,363,114
15773,0,364,114
15774,0,365,114
15775,0,366,114
15776,0,367,114
15777,0,368,114
15778,0,369,114
15779,0,370,114
15780,0,371,114
15781,0,372,114
15782,0,373,114
15783,0,374,114
15784,0,375,114
15785,0,376,114
15786,0,377,114
15787,0,378,114
15788,0,379,114
15789,0,380,114
15790,0,381,114
15791,0,382,114
15792,0,383,114
15793,0,384,114
15794,0,385,114
15795,0,386,114
15796,0,387,114
15797,0,388,114
15798,0,389,114
15799,0,394,114
15800,0,395,114
15801,0,400,114
15802,0,401,114
15803,0,402,114
15804,0,418,114
15805,0,419,114
15806,0,420,114
15807,0,421,114
15808,0,422,114
15809,0,423,114
15810,0,424,114
15811,0,425,114
15812,0,426,114
15813,0,427,114
15814,0,428,114
15815,0,429,114
15816,0,430,114
15817,0,431,114
15818,0,432,114
15819,0,433,114
15820,0,477,114
15821,0,478,114
15822,0,479,114
15823,0,480,114
15824,0,481,114
15825,0,482,114
15826,0,483,114
15827,0,22,115
15828,0,23,115
15829,0,24,115
15830,0,25,115
15831,0,26,115
15832,0,27,115
15833,0,28,115
15834,0,29,115
15835,0,30,115
15836,0,31,115
15837,0,32,115
15838,0,33,115
15839,0,34,115
15840,0,35,115
15841,0,36,115
15842,0,37,115
15843,0,38,115
15844,0,39,115
15845,0,40,115
15846,0,41,115
15847,0,42,115
15848,0,43,115
15849,0,44,115
15850,0,45,115
15851,0,46,115
15852,0,47,115
15853,0,48,115
15854,0,49,115
15855,0,50,115
15856,0,51,115
15857,0,52,115
15858,0,53,115
15859,0,54,115
15860,0,55,115
15861,0,56,115
15862,0,57,115
15863,0,58,115
15864,0,59,115
15865,0,60,115
15866,0,61,115
15867,0,62,115
15868,0,63,115
15869,0,64,115
15870,0,65,115
15871,0,66,115
15872,0,67,115
15873,0,68,115
15874,0,69,115
15875,0,70,115
15876,0,71,115
15877,0,72,115
15878,0,73,115
15879,0,74,115
15880,0,75,115
15881,0,76,115
15882,0,77,115
15883,0,78,115
15884,0,79,115
15885,0,80,115
15886,0,81,115
15887,0,82,115
15888,0,83,115
15889,0,84,115
15890,0,85,115
15891,0,86,115
15892,0,87,115
15893,0,88,115
15894,0,89,115
15895,0,90,115
15896,0,91,115
15897,0,92,115
15898,0,93,115
15899,0,94,115
15900,0,95,115
15901,0,96,115
15902,0,97,115
15903,0,98,115
15904,0,99,115
15905,0,100,115
15906,0,101,115
15907,0,102,115
15908,0,103,115
15909,0,104,115
15910,0,105,115
15911,0,106,115
15912,0,107,115
15913,0,108,115
15914,0,109,115
15915,0,110,115
15916,0,111,115
15917,0,112,115
15918,0,113,115
15919,0,114,115
15920,0,115,115
15921,0,116,115
15922,0,117,115
15923,0,118,115
15924,0,119,115
15925,0,120,115
15926,0,121,115
15927,0,122,115
15928,0,123,115
15929,0,124,115
15930,0,125,115
15931,0,126,115
15932,0,127,115
15933,0,128,115
15934,0,129,115
15935,0,130,115
15936,0,131,115
15937,0,132,115
15938,0,133,115
15939,0,134,115
15940,0,135,115
15941,0,136,115
15942,0,144,115
15943,0,145,115
15944,0,146,115
15945,0,147,115
15946,0,148,115
15947,0,149,115
15948,0,150,115
15949,0,151,115
15950,0,152,115
15951,0,153,115
15952,0,154,115
15953,0,155,115
15954,0,156,115
15955,0,157,115
15956,0,158,115
15957,0,159,115
15958,0,160,115
15959,0,161,115
15960,0,162,115
15961,0,163,115
15962,0,164,115
15963,0,165,115
15964,0,166,115
15965,0,167,115
15966,0,168,115
15967,0,169,115
15968,0,170,115
15969,0,171,115
15970,0,172,115
15971,0,173,115
15972,0,174,115
15973,0,175,115
15974,0,176,115
15975,0,177,115
15976,0,178,115
15977,0,179,115
15978,0,180,115
15979,0,181,115
15980,0,182,115
15981,0,183,115
15982,0,184,115
15983,0,185,115
15984,0,186,115
15985,0,187,115
15986,0,188,115
15987,0,242,115
15988,0,243,115
15989,0,244,115
15990,0,245,115
15991,0,246,115
15992,0,247,115
15993,0,248,115
15994,0,249,115
15995,0,250,115
15996,0,251,115
15997,0,252,115
15998,0,253,115
15999,0,254,115
16000,0,255,115
16001,0,256,115
16002,0,257,115
16003,0,274,115
16004,0,275,115
16005,0,276,115
16006,0,277,115
16007,0,278,115
16008,0,279,115
16009,0,280,115
16010,0,281,115
16011,0,282,115
16012,0,283,115
16013,0,284,115
16014,0,285,115
16015,0,286,115
16016,0,287,115
16017,0,288,115
16018,0,289,115
16019,0,320,115
16020,0,321,115
16021,0,322,115
16022,0,323,115
16023,0,324,115
16024,0,325,115
16025,0,326,115
16026,0,327,115
16027,0,328,115
16028,0,329,115
16029,0,330,115
16030,0,331,115
16031,0,332,115
16032,0,333,115
16033,0,334,115
16034,0,335,115
16035,0,336,115
16036,0,337,115
16037,0,338,115
16038,0,339,115
16039,0,340,115
16040,0,341,115
16041,0,342,115
16042,0,343,115
16043,0,344,115
16044,0,345,115
16045,0,346,115
16046,0,347,115
16047,0,348,115
16048,0,349,115
16049,0,350,115
16050,0,351,115
16051,0,352,115
16052,0,353,115
16053,0,354,115
16054,0,355,115
16055,0,356,115
16056,0,357,115
16057,0,358,115
16058,0,359,115
16059,0,360,115
16060,0,361,115
16061,0,362,115
16062,0,363,115
16063,0,364,115
16064,0,365,115
16065,0,366,115
16066,0,367,115
16067,0,368,115
16068,0,369,115
16069,0,370,115
16070,0,371,115
16071,0,372,115
16072,0,373,115
16073,0,374,115
16074,0,375,115
16075,0,376,115
16076,0,377,115
16077,0,378,115
16078,0,379,115
16079,0,380,115
16080,0,381,115
16081,0,382,115
16082,0,383,115
16083,0,384,115
16084,0,385,115
16085,0,386,115
16086,0,387,115
16087,0,418,115
16088,0,419,115
16089,0,420,115
16090,0,421,115
16091,0,422,115
16092,0,423,115
16093,0,424,115
16094,0,425,115
16095,0,426,115
16096,0,427,115
16097,0,428,115
16098,0,429,115
16099,0,430,115
16100,0,431,115
16101,0,432,115
16102,0,433,115
16103,0,20,116
16104,0,21,116
16105,0,22,116
16106,0,23,116
16107,0,24,116
16108,0,25,116
16109,0,26,116
16110,0,27,116
16111,0,28,116
16112,0,29,116
16113,0,30,116
16114,0,31,116
16115,0,32,116
16116,0,33,116
16117,0,34,116
16118,0,35,116
16119,0,36,116
16120,0,37,116
16121,0,38,116
16122,0,39,116
16123,0,40,116
16124,0,41,116
16125,0,42,116
16126,0,43,116
16127,0,44,116
16128,0,45,116
16129,0,46,116
16130,0,47,116
16131,0,48,116
16132,0,49,116
16133,0,50,116
16134,0,51,116
16135,0,52,116
16136,0,53,116
16137,0,54,116
16138,0,55,116
16139,0,56,116
16140,0,57,116
16141,0,58,116
16142,0,59,116
16143,0,60,116
16144,0,61,116
16145,0,62,116
16146,0,63,116
16147,0,64,116
16148,0,65,116
16149,0,66,116
16150,0,67,116
16151,0,68,116
16152,0,69,116
16153,0,70,116
16154,0,71,116
16155,0,72,116
16156,0,73,116
16157,0,74,116
16158,0,75,116
16159,0,76,116
16160,0,77,116
16161,0,78,116
16162,0,79,116
16163,0,80,116
16164,0,81,116
16165,0,82,116
16166,0,83,116
16167,0,84,116
16168,0,85,116
16169,0,86,116
16170,0,87,116
16171,0,88,116
16172,0,89,116
16173,0,90,116
16174,0,91,116
16175,0,92,116
16176,0,93,116
16177,0,94,116
16178,0,95,116
16179,0,96,116
16180,0,97,116
16181,0,98,116
16182,0,99,116
16183,0,100,116
16184,0,101,116
16185,0,102,116
16186,0,103,116
16187,0,104,116
16188,0,105,116
16189,0,106,116
16190,0,107,116
16191,0,108,116
16192,0,109,116
16193,0,110,116
16194,0,111,116
16195,0,112,116
16196,0,113,116
16197,0,114,116
16198,0,115,116
16199,0,116,116
16200,0,117,116
16201,0,118,116
16202,0,119,116
16203,0,120,116
16204,0,121,116
16205,0,122,116
16206,0,123,116
16207,0,124,116
16208,0,125,116
16209,0,126,116
16210,0,127,116
16211,0,128,116
16212,0,129,116
16213,0,130,116
16214,0,131,116
16215,0,132,116
16216,0,133,116
16217,0,134,116
16218,0,135,116
16219,0,136,116
16220,0,144,116
16221,0,145,116
16222,0,146,116
16223,0,147,116
16224,0,148,116
16225,0,149,116
16226,0,150,116
16227,0,151,116
16228,0,152,116
16229,0,153,116
16230,0,154,116
16231,0,155,116
16232,0,156,116
16233,0,157,116
16234,0,158,116
16235,0,159,116
16236,0,160,116
16237,0,161,116
16238,0,162,116
16239,0,163,116
16240,0,164,116
16241,0,165,116
16242,0,166,116
16243,0,167,116
16244,0,168,116
16245,0,169,116
16246,0,170,116
16247,0,171,116
16248,0,172,116
16249,0,173,116
16250,0,174,116
16251,0,175,116
16252,0,176,116
16253,0,177,116
16254,0,178,116
16255,0,179,116
16256,0,180,116
16257,0,181,116
16258,0,182,116
16259,0,183,116
16260,0,184,116
16261,0,185,116
16262,0,186,116
16263,0,187,116
16264,0,188,116
16265,0,189,116
16266,0,242,116
16267,0,243,116
16268,0,244,116
16269,0,245,116
16270,0,246,116
16271,0,247,116
16272,0,248,116
16273,0,249,116
16274,0,250,116
16275,0,251,116
16276,0,252,116
16277,0,253,116
16278,0,254,116
16279,0,255,116
16280,0,256,116
16281,0,257,116
16282,0,274,116
16283,0,275,116
16284,0,276,116
16285,0,277,116
16286,0,278,116
16287,0,279,116
16288,0,280,116
16289,0,281,116
16290,0,282,116
16291,0,283,116
16292,0,284,116
16293,0,285,116
16294,0,286,116
16295,0,287,116
16296,0,288,116
16297,0,289,116
16298,0,322,116
16299,0,323,116
16300,0,324,116
16301,0,325,116
16302,0,326,116
16303,0,327,116
16304,0,328,116
16305,0,329,116
16306,0,330,116
16307,0,331,116
16308,0,332,116
16309,0,333,116
16310,0,334,116
16311,0,335,116
16312,0,336,116
16313,0,337,116
16314,0,338,116
16315,0,339,116
16316,0,340,116
16317,0,341,116
16318,0,342,116
16319,0,343,116
16320,0,344,116
16321,0,345,116
16322,0,346,116
16323,0,347,116
16324,0,348,116
16325,0,349,116
16326,0,350,116
16327,0,351,116
16328,0,352,116
16329,0,353,116
16330,0,354,116
16331,0,355,116
16332,0,356,116
16333,0,357,116
16334,0,358,116
16335,0,359,116
16336,0,360,116
16337,0,361,116
16338,0,362,116
16339,0,363,116
16340,0,364,116
16341,0,365,116
16342,0,366,116
16343,0,367,116
16344,0,368,116
16345,0,369,116
16346,0,370,116
16347,0,371,116
16348,0,372,116
16349,0,373,116
16350,0,374,116
16351,0,375,116
16352,0,376,116
16353,0,377,116
16354,0,378,116
16355,0,379,116
16356,0,380,116
16357,0,381,116
16358,0,382,116
16359,0,383,116
16360,0,384,116
16361,0,385,116
16362,0,386,116
16363,0,418,116
16364,0,419,116
16365,0,420,116
16366,0,421,116
16367,0,422,116
16368,0,423,116
16369,0,424,116
16370,0,425,116
16371,0,426,116
16372,0,427,116
16373,0,428,116
16374,0,429,116
16375,0,430,116
16376,0,431,116
16377,0,432,116
16378,0,433,116
16379,0,19,117
16380,0,20,117
16381,0,21,117
16382,0,22,117
16383,0,23,117
16384,0,24,117
16385,0,25,117
16386,0,26,117
16387,0,27,117
16388,0,28,117
16389,0,29,117
16390,0,30,117
16391,0,31,117
16392,0,32,117
16393,0,33,117
16394,0,34,117
16395,0,35,117
16396,0,36,117
16397,0,37,117
16398,0,38,117
16399,0,39,117
16400,0,40,117
16401,0,41,117
16402,0,42,117
16403,0,43,117
16404,0,44,117
16405,0,45,117
16406,0,46,117
16407,0,47,117
16408,0,48,117
16409,0,49,117
16410,0,50,117
16411,0,51,117
16412,0,52,117
16413,0,53,117
16414,0,54,117
16415,0,55,117
16416,0,56,117
16417,0,57,117
16418,0,58,117
16419,0,59,117
16420,0,60,117
16421,0,61,117
16422,0,62,117
16423,0,63,117
16424,0,64,117
16425,0,65,117
16426,0,66,117
16427,0,67,117
16428,0,68,117
16429,0,69,117
16430,0,70,117
16431,0,71,117
16432,0,72,117
16433,0,73,117
16434,0,74,117
16435,0,75,117
16436,0,76,117
16437,0,77,117
16438,0,78,117
16439,0,79,117
16440,0,80,117
16441,0,81,117
16442,0,82,117
16443,0,83,117
16444,0,84,117
16445,0,85,117
16446,0,86,117
16447,0,87,117
16448,0,88,117
16449,0,89,117
16450,0,90,117
16451,0,91,117
16452,0,92,117
16453,0,93,117
16454,0,94,117
16455,0,95,117
16456,0,96,117
16457,0,97,117
16458,0,98,117
16459,0,99,117
16460,0,100,117
16461,0,101,117
16462,0,102,117
16463,0,103,117
16464,0,104,117
16465,0,105,117
16466,0,106,117
16467,0,107,117
16468,0,108,117
16469,0,109,117
16470,0,110,117
16471,0,111,117
16472,0,112,117
16473,0,113,117
16474,0,114,117
16475,0,115,117
16476,0,116,117
16477,0,117,117
16478,0,118,117
16479,0,119,117
16480,0,120,117
16481,0,121,117
16482,0,122,117
16483,0,123,117
16484,0,124,117
16485,0,125,117
16486,0,126,117
16487,0,127,117
16488,0,128,117
16489,0,129,117
16490,0,130,117
16491,0,131,117
16492,0,132,117
16493,0,133,117
16494,0,134,117
16495,0,135,117
16496,0,136,117
16497,0,137,117
16498,0,138,117
16499,0,139,117
16500,0,140,117
16501,0,141,117
16502,0,142,117
16503,0,143,117
16504,0,144,117
16505,0,145,117
16506,0,146,117
16507,0,147,117
16508,0,148,117
16509,0,149,117
16510,0,150,117
16511,0,151,117
16512,0,152,117
16513,0,153,117
16514,0,154,117
16515,0,155,117
16516,0,156,117
16517,0,157,117
16518,0,158,117
16519,0,159,117
16520,0,160,117
16521,0,161,117
16522,0,162,117
16523,0,163,117
16524,0,164,117
16525,0,165,117
16526,0,166,117
16527,0,167,117
16528,0,168,117
16529,0,169,117
16530,0,170,117
16531,0,171,117
16532,0,172,117
16533,0,173,117
16534,0,174,117
16535,0,175,117
16536,0,176,117
16537,0,177,117
16538,0,178,117
16539,0,179,117
16540,0,180,117
16541,0,181,117
16542,0,182,117
16543,0,183,117
16544,0,184,117
16545,0,185,117
16546,0,186,117
16547,0,187,117
16548,0,188,117
16549,0,189,117
16550,0,190,117
16551,0,242,117
16552,0,243,117
16553,0,244,117
16554,0,245,117
16555,0,246,117
16556,0,247,117
16557,0,248,117
16558,0,249,117
16559,0,250,117
16560,0,251,117
16561,0,252,117
16562,0,253,117
16563,0,254,117
16564,0,255,117
16565,0,256,117
16566,0,257,117
16567,0,274,117
16568,0,275,117
16569,0,276,117
16570,0,277,117
16571,0,278,117
16572,0,279,117
16573,0,280,117
16574,0,281,117
16575,0,282,117
16576,0,283,117
16577,0,284,117
16578,0,285,117
16579,0,286,117
16580,0,287,117
16581,0,288,117
16582,0,289,117
16583,0,322,117
16584,0,323,117
16585,0,324,117
16586,0,325,117
16587,0,326,117
16588,0,327,117
16589,0,328,117
16590,0,329,117
16591,0,330,117
16592,0,331,117
16593,0,332,117
16594,0,333,117
16595,0,334,117
16596,0,335,117
16597,0,336,117
16598,0,337,117
16599,0,338,117
16600,0,339,117
16601,0,340,117
16602,0,341,117
16603,0,342,117
16604,0,343,117
16605,0,344,117
16606,0,345,117
16607,0,346,117
16608,0,347,117
16609,0,348,117
16610,0,349,117
16611,0,350,117
16612,0,351,117
16613,0,352,117
16614,0,353,117
16615,0,354,117
16616,0,355,117
16617,0,356,117
16618,0,357,117
16619,0,358,117
16620,0,359,117
16621,0,360,117
16622,0,361,117
16623,0,362,117
16624,0,363,117
16625,0,364,117
16626,0,365,117
16627,0,366,117
16628,0,367,117
16629,0,368,117
16630,0,369,117
16631,0,370,117
16632,0,371,117
16633,0,372,117
16634,0,373,117
16635,0,374,117
16636,0,375,117
16637,0,376,117
16638,0,377,117
16639,0,378,117
16640,0,379,117
16641,0,380,117
16642,0,381,117
16643,0,382,117
16644,0,383,117
16645,0,384,117
16646,0,385,117
16647,0,386,117
16648,0,418,117
16649,0,419,117
16650,0,420,117
16651,0,421,117
16652,0,422,117
16653,0,423,117
16654,0,424,117
16655,0,425,117
16656,0,426,117
16657,0,427,117
16658,0,428,117
16659,0,429,117
16660,0,430,117
16661,0,431,117
16662,0,432,117
16663,0,433,117
16664,0,434,117
16665,0,18,118
16666,0,19,118
16667,0,20,118
16668,0,21,118
16669,0,22,118
16670,0,23,118
16671,0,24,118
16672,0,25,118
16673,0,26,118
16674,0,27,118
16675,0,28,118
16676,0,29,118
16677,0,30,118
16678,0,31,118
16679,0,32,118
16680,0,33,118
16681,0,34,118
16682,0,35,118
16683,0,36,118
16684,0,37,118
16685,0,38,118
16686,0,39,118
16687,0,40,118
16688,0,41,118
16689,0,42,118
16690,0,43,118
16691,0,44,118
16692,0,45,118
16693,0,46,118
16694,0,47,118
16695,0,48,118
16696,0,49,118
16697,0,50,118
16698,0,51,118
16699,0,52,118
16700,0,53,118
16701,0,54,118
16702,0,55,118
16703,0,56,118
16704,0,57,118
16705,0,58,118
16706,0,59,118
16707,0,60,118
16708,0,61,118
16709,0,62,118
16710,0,63,118
16711,0,64,118
16712,0,65,118
16713,0,66,118
16714,0,67,118
16715,0,68,118
16716,0,69,118
16717,0,70,118
16718,0,71,118
16719,0,72,118
16720,0,73,118
16721,0,74,118
16722,0,75,118
16723,0,76,118
16724,0,77,118
16725,0,78,118
16726,0,79,118
16727,0,80,118
16728,0,81,118
16729,0,82,118
16730,0,83,118
16731,0,84,118
16732,0,85,118
16733,0,86,118
16734,0,87,118
16735,0,88,118
16736,0,89,118
16737,0,90,118
16738,0,91,118
16739,0,92,118
16740,0,93,118
16741,0,94,118
16742,0,95,118
16743,0,96,118
16744,0,97,118
16745,0,98,118
16746,0,99,118
16747,0,100,118
16748,0,101,118
16749,0,102,118
16750,0,103,118
16751,0,104,118
16752,0,105,118
16753,0,106,118
16754,0,107,118
16755,0,108,118
16756,0,109,118
16757,0,110,118
16758,0,111,118
16759,0,112,118
16760,0,113,118
16761,0,114,118
16762,0,115,118
16763,0,116,118
16764,0,117,118
16765,0,118,118
16766,0,119,118
16767,0,120,118
16768,0,121,118
16769,0,122,118
16770,0,123,118
16771,0,124,118
16772,0,125,118
16773,0,126,118
16774,0,127,118
16775,0,128,118
16776,0,129,118
16777,0,130,118
16778,0,131,118
16779,0,132,118
16780,0,133,118
16781,0,134,118
16782,0,135,118
16783,0,136,118
16784,0,137,118
16785,0,138,118
16786,0,139,118
16787,0,140,118
16788,0,141,118
16789,0,142,118
16790,0,143,118
16791,0,144,118
16792,0,145,118
16793,0,146,118
16794,0,147,118
16795,0,148,118
16796,0,149,118
16797,0,150,118
16798,0,151,118
16799,0,152,118
16800,0,153,118
16801,0,154,118
16802,0,155,118
16803,0,156,118
16804,0,157,118
16805,0,158,118
16806,0,159,118
16807,0,160,118
16808,0,161,118
16809,0,162,118
16810,0,163,118
16811,0,164,118
16812,0,165,118
16813,0,166,118
16814,0,167,118
16815,0,168,118
16816,0,169,118
16817,0,170,118
16818,0,171,118
16819,0,172,118
16820,0,173,118
16821,0,174,118
16822,0,175,118
16823,0,176,118
16824,0,177,118
16825,0,178,118
16826,0,179,118
16827,0,180,118
16828,0,181,118
16829,0,182,118
16830,0,183,118
16831,0,184,118
16832,0,185,118
16833,0,186,118
16834,0,187,118
16835,0,188,118
16836,0,189,118
16837,0,190,118
16838,0,191,118
16839,0,192,118
16840,0,242,118
16841,0,243,118
16842,0,244,118
16843,0,245,118
16844,0,246,118
16845,0,247,118
16846,0,248,118
16847,0,249,118
16848,0,250,118
16849,0,251,118
16850,0,252,118
16851,0,253,118
16852,0,254,118
16853,0,255,118
16854,0,256,118
16855,0,257,118
16856,0,274,118
16857,0,275,118
16858,0,276,118
16859,0,277,118
16860,0,278,118
16861,0,279,118
16862,0,280,118
16863,0,281,118
16864,0,282,118
16865,0,283,118
16866,0,284,118
16867,0,285,118
16868,0,286,118
16869,0,287,118
16870,0,288,118
16871,0,289,118
16872,0,322,118
16873,0,323,118
16874,0,324,118
16875,0,325,118
16876,0,326,118
16877,0,327,118
16878,0,328,118
16879,0,329,118
16880,0,330,118
16881,0,331,118
16882,0,332,118
16883,0,333,118
16884,0,334,118
16885,0,335,118
16886,0,336,118
16887,0,337,118
16888,0,338,118
16889,0,339,118
16890,0,340,118
16891,0,341,118
16892,0,342,118
16893,0,343,118
16894,0,344,118
16895,0,345,118
16896,0,346,118
16897,0,347,118
16898,0,348,118
16899,0,349,118
16900,0,350,118
16901,0,351,118
16902,0,352,118
16903,0,353,118
16904,0,354,118
16905,0,355,118
16906,0,356,118
16907,0,357,118
16908,0,358,118
16909,0,359,118
16910,0,360,118
16911,0,361,118
16912,0,362,118
16913,0,363,118
16914,0,364,118
16915,0,365,118
16916,0,366,118
16917,0,367,118
16918,0,368,118
16919,0,369,118
16920,0,370,118
16921,0,371,118
16922,0,372,118
16923,0,373,118
16924,0,374,118
16925,0,375,118
16926,0,376,118
16927,0,377,118
16928,0,378,118
16929,0,379,118
16930,0,380,118
16931,0,381,118
16932,0,382,118
16933,0,383,118
16934,0,384,118
16935,0,385,118
16936,0,386,118
16937,0,394,118
16938,0,395,118
16939,0,396,118
16940,0,397,118
16941,0,418,118
16942,0,419,118
16943,0,420,118
16944,0,421,118
16945,0,422,118
16946,0,423,118
16947,0,424,118
16948,0,425,118
16949,0,426,118
16950,0,427,118
16951,0,428,118
16952,0,429,118
16953,0,430,118
16954,0,431,118
16955,0,432,118
16956,0,433,118
16957,0,434,118
16958,0,16,119
16959,0,17,119
16960,0,18,119
16961,0,19,119
16962,0,20,119
16963,0,21,119
16964,0,22,119
16965,0,23,119
16966,0,24,119
16967,0,25,119
16968,0,26,119
16969,0,27,119
16970,0,28,119
16971,0,29,119
16972,0,30,119
16973,0,31,119
16974,0,32,119
16975,0,33,119
16976,0,34,119
16977,0,35,119
16978,0,36,119
16979,0,37,119
16980,0,38,119
16981,0,39,119
16982,0,40,119
16983,0,41,119
16984,0,42,119
16985,0,43,119
16986,0,44,119
16987,0,45,119
16988,0,46,119
16989,0,47,119
16990,0,48,119
16991,0,49,119
16992,0,50,119
16993,0,51,119
16994,0,52,119
16995,0,53,119
16996,0,54,119
16997,0,55,119
16998,0,56,119
16999,0,57,119
17000,0,58,119
17001,0,59,119
17002,0,60,119
17003,0,61,119
17004,0,62,119
17005,0,63,119
17006,0,64,119
17007,0,65,119
17008,0,66,119
17009,0,67,119
17010,0,68,119
17011,0,69,119
17012,0,70,119
17013,0,71,119
17014,0,72,119
17015,0,73,119
17016,0,74,119
17017,0,75,119
17018,0,76,119
17019,0,77,119
17020,0,78,119
17021,0,79,119
17022,0,80,119
17023,0,81,119
17024,0,82,119
17025,0,83,119
17026,0,84,119
17027,0,85,119
17028,0,86,119
17029,0,87,119
17030,0,88,119
17031,0,89,119
17032,0,90,119
17033,0,91,119
17034,0,92,119
17035,0,93,119
17036,0,94,119
17037,0,95,119
17038,0,96,119
17039,0,97,119
17040,0,98,119
17041,0,99,119
17042,0,100,119
17043,0,101,119
17044,0,102,119
17045,0,103,119
17046,0,104,119
17047,0,105,119
17048,0,106,119
17049,0,107,119
17050,0,108,119
17051,0,109,119
17052,0,110,119
17053,0,111,119
17054,0,112,119
17055,0,113,119
17056,0,114,119
17057,0,115,119
17058,0,116,119
17059,0,117,119
17060,0,118,119
17061,0,119,119
17062,0,120,119
17063,0,121,119
17064,0,122,119
17065,0,123,119
17066,0,124,119
17067,0,125,119
17068,0,126,119
17069,0,127,119
17070,0,128,119
17071,0,129,119
17072,0,130,119
17073,0,131,119
17074,0,132,119
17075,0,133,119
17076,0,134,119
17077,0,135,119
17078,0,136,119
17079,0,137,119
17080,0,138,119
17081,0,139,119
17082,0,140,119
17083,0,141,119
17084,0,142,119
17085,0,143,119
17086,0,144,119
17087,0,145,119
17088,0,146,119
17089,0,147,119
17090,0,148,119
17091,0,149,119
17092,0,150,119
17093,0,151,119
17094,0,152,119
17095,0,153,119
17096,0,154,119
17097,0,155,119
17098,0,156,119
17099,0,157,119
17100,0,158,119
17101,0,159,119
17102,0,160,119
17103,0,161,119
17104,0,162,119
17105,0,163,119
17106,0,164,119
17107,0,165,119
17108,0,166,119
17109,0,167,119
17110,0,168,119
17111,0,169,119
17112,0,170,119
17113,0,171,119
17114,0,172,119
17115,0,173,119
17116,0,174,119
17117,0,175,119
17118,0,176,119
17119,0,177,119
17120,0,178,119
17121,0,179,119
17122,0,180,119
17123,0,181,119
17124,0,182,119
17125,0,183,119
17126,0,184,119
17127,0,185,119
17128,0,186,119
17129,0,187,119
17130,0,188,119
17131,0,189,119
17132,0,190,119
17133,0,191,119
17134,0,192,119
17135,0,193,119
17136,0,242,119
17137,0,243,119
17138,0,244,119
17139,0,245,119
17140,0,246,119
17141,0,247,119
17142,0,248,119
17143,0,249,119
17144,0,250,119
17145,0,251,119
17146,0,252,119
17147,0,253,119
17148,0,254,119
17149,0,255,119
17150,0,256,119
17151,0,257,119
17152,0,274,119
17153,0,275,119
17154,0,276,119
17155,0,277,119
17156,0,278,119
17157,0,279,119
17158,0,280,119
17159,0,281,119
17160,0,282,119
17161,0,283,119
17162,0,284,119
17163,0,285,119
17164,0,286,119
17165,0,287,119
17166,0,288,119
17167,0,289,119
17168,0,312,119
17169,0,313,119
17170,0,314,119
17171,0,315,119
17172,0,322,119
17173,0,323,119
17174,0,324,119
17175,0,325,119
17176,0,326,119
17177,0,327,119
17178,0,328,119
17179,0,329,119
17180,0,330,119
17181,0,331,119
17182,0,332,119
17183,0,333,119
17184,0,334,119
17185,0,335,119
17186,0,336,119
17187,0,337,119
17188,0,338,119
17189,0,339,119
17190,0,340,119
17191,0,341,119
17192,0,342,119
17193,0,343,119
17194,0,344,119
17195,0,345,119
17196,0,346,119
17197,0,347,119
17198,0,348,119
17199,0,349,119
17200,0,350,119
17201,0,351,119
17202,0,352,119
17203,0,353,119
17204,0,354,119
17205,0,355,119
17206,0,356,119
17207,0,357,119
17208,0,358,119
17209,0,359,119
17210,0,360,119
17211,0,361,119
17212,0,362,119
17213,0,363,119
17214,0,364,119
17215,0,365,119
17216,0,366,119
17217,0,367,119
17218,0,368,119
17219,0,369,119
17220,0,370,119
17221,0,371,119
17222,0,372,119
17223,0,373,119
17224,0,374,119
17225,0,375,119
17226,0,376,119
17227,0,377,119
17228,0,378,119
17229,0,379,119
17230,0,380,119
17231,0,381,119
17232,0,382,119
17233,0,383,119
17234,0,384,119
17235,0,385,119
17236,0,386,119
17237,0,393,119
17238,0,394,119
17239,0,395,119
17240,0,396,119
17241,0,397,119
17242,0,398,119
17243,0,418,119
17244,0,419,119
17245,0,420,119
17246,0,421,119
17247,0,422,119
17248,0,423,119
17249,0,424,119
17250,0,425,119
17251,0,426,119
17252,0,427,119
17253,0,428,119
17254,0,429,119
17255,0,430,119
17256,0,431,119
17257,0,432,119
17258,0,433,119
17259,0,434,119
17260,0,15,120
17261,0,16,120
17262,0,20,120
17263,0,21,120
17264,0,22,120
17265,0,23,120
17266,0,24,120
17267,0,25,120
17268,0,26,120
17269,0,27,120
17270,0,28,120
17271,0,29,120
17272,0,30,120
17273,0,31,120
17274,0,32,120
17275,0,33,120
17276,0,34,120
17277,0,35,120
17278,0,36,120
17279,0,37,120
17280,0,38,120
17281,0,39,120
17282,0,40,120
17283,0,41,120
17284,0,42,120
17285,0,43,120
17286,0,44,120
17287,0,45,120
17288,0,46,120
17289,0,47,120
17290,0,48,120
17291,0,49,120
17292,0,50,120
17293,0,51,120
17294,0,52,120
17295,0,53,120
17296,0,54,120
17297,0,55,120
17298,0,56,120
17299,0,57,120
17300,0,58,120
17301,0,59,120
17302,0,60,120
17303,0,61,120
17304,0,62,120
17305,0,63,120
17306,0,64,120
17307,0,65,120
17308,0,66,120
17309,0,67,120
17310,0,68,120
17311,0,69,120
17312,0,70,120
17313,0,71,120
17314,0,72,120
17315,0,73,120
17316,0,74,120
17317,0,75,120
17318,0,76,120
17319,0,77,120
17320,0,78,120
17321,0,79,120
17322,0,80,120
17323,0,81,120
17324,0,82,120
17325,0,83,120
17326,0,84,120
17327,0,85,120
17328,0,86,120
17329,0,87,120
17330,0,88,120
17331,0,89,120
17332,0,90,120
17333,0,91,120
17334,0,92,120
17335,0,93,120
17336,0,94,120
17337,0,95,120
17338,0,96,120
17339,0,97,120
17340,0,98,120
17341,0,99,120
17342,0,100,120
17343,0,101,120
17344,0,102,120
17345,0,103,120
17346,0,104,120
17347,0,105,120
17348,0,106,120
17349,0,107,120
17350,0,108,120
17351,0,109,120
17352,0,110,120
17353,0,111,120
17354,0,112,120
17355,0,113,120
17356,0,114,120
17357,0,115,120
17358,0,116,120
17359,0,117,120
17360,0,118,120
17361,0,119,120
17362,0,120,120
17363,0,121,120
17364,0,122,120
17365,0,123,120
17366,0,124,120
17367,0,125,120
17368,0,126,120
17369,0,127,120
17370,0,128,120
17371,0,129,120
17372,0,130,120
17373,0,131,120
17374,0,132,120
17375,0,133,120
17376,0,134,120
17377,0,135,120
17378,0,136,120
17379,0,137,120
17380,0,138,120
17381,0,139,120
17382,0,140,120
17383,0,141,120
17384,0,142,120
17385,0,143,120
17386,0,144,120
17387,0,145,120
17388,0,146,120
17389,0,147,120
17390,0,148,120
17391,0,149,120
17392,0,150,120
17393,0,151,120
17394,0,152,120
17395,0,153,120
17396,0,154,120
17397,0,155,120
17398,0,156,120
17399,0,157,120
17400,0,158,120
17401,0,159,120
17402,0,160,120
17403,0,161,120
17404,0,162,120
17405,0,163,120
17406,0,164,120
17407,0,165,120
17408,0,166,120
17409,0,167,120
17410,0,168,120
17411,0,169,120
17412,0,170,120
17413,0,171,120
17414,0,172,120
17415,0,173,120
17416,0,174,120
17417,0,175,120
17418,0,176,120
17419,0,177,120
17420,0,178,120
17421,0,179,120
17422,0,180,120
17423,0,181,120
17424,0,182,120
17425,0,183,120
17426,0,184,120
17427,0,185,120
17428,0,186,120
17429,0,187,120
17430,0,188,120
17431,0,189,120
17432,0,190,120
17433,0,191,120
17434,0,192,120
17435,0,193,120
17436,0,194,120
17437,0,195,120
17438,0,242,120
17439,0,243,120
17440,0,244,120
17441,0,245,120
17442,0,246,120
17443,0,247,120
17444,0,248,120
17445,0,249,120
17446,0,250,120
17447,0,251,120
17448,0,252,120
17449,0,253,120
17450,0,254,120
17451,0,255,120
17452,0,256,120
17453,0,257,120
17454,0,274,120
17455,0,275,120
17456,0,276,120
17457,0,277,120
17458,0,278,120
17459,0,279,120
17460,0,280,120
17461,0,281,120
17462,0,282,120
17463,0,283,120
17464,0,284,120
17465,0,285,120
17466,0,286,120
17467,0,287,120
17468,0,288,120
17469,0,289,120
17470,0,311,120
17471,0,312,120
17472,0,313,120
17473,0,314,120
17474,0,315,120
17475,0,316,120
17476,0,320,120
17477,0,321,120
17478,0,322,120
17479,0,323,120
17480,0,324,120
17481,0,325,120
17482,0,326,120
17483,0,327,120
17484,0,328,120
17485,0,329,120
17486,0,330,120
17487,0,331,120
17488,0,332,120
17489,0,333,120
17490,0,334,120
17491,0,335,120
17492,0,336,120
17493,0,337,120
17494,0,338,120
17495,0,339,120
17496,0,340,120
17497,0,341,120
17498,0,342,120
17499,0,343,120
17500,0,344,120
17501,0,345,120
17502,0,346,120
17503,0,347,120
17504,0,348,120
17505,0,349,120
17506,0,350,120
17507,0,351,120
17508,0,352,120
17509,0,353,120
17510,0,354,120
17511,0,355,120
17512,0,356,120
17513,0,357,120
17514,0,358,120
17515,0,359,120
17516,0,360,120
17517,0,361,120
17518,0,362,120
17519,0,363,120
17520,0,364,120
17521,0,365,120
17522,0,366,120
17523,0,367,120
17524,0,368,120
17525,0,369,120
17526,0,370,120
17527,0,371,120
17528,0,372,120
17529,0,373,120
17530,0,374,120
17531,0,375,120
17532,0,376,120
17533,0,377,120
17534,0,378,120
17535,0,379,120
17536,0,380,120
17537,0,381,120
17538,0,382,120
17539,0,383,120
17540,0,384,120
17541,0,385,120
17542,0,386,120
17543,0,387,120
17544,0,393,120
17545,0,394,120
17546,0,395,120
17547,0,396,120
17548,0,397,120
17549,0,398,120
17550,0,418,120
17551,0,419,120
17552,0,420,120
17553,0,421,120
17554,0,422,120
17555,0,423,120
17556,0,424,120
17557,0,425,120
17558,0,426,120
17559,0,427,120
17560,0,428,120
17561,0,429,120
17562,0,430,120
17563,0,431,120
17564,0,432,120
17565,0,433,120
17566,0,434,120
17567,0,13,121
17568,0,14,121
17569,0,15,121
17570,0,20,121
17571,0,21,121
17572,0,22,121
17573,0,23,121
17574,0,24,121
17575,0,25,121
17576,0,26,121
17577,0,27,121
17578,0,28,121
17579,0,29,121
17580,0,30,121
17581,0,31,121
17582,0,32,121
17583,0,33,121
17584,0,34,121
17585,0,35,121
17586,0,36,121
17587,0,37,121
17588,0,38,121
17589,0,39,121
17590,0,40,121
17591,0,41,121
17592,0,42,121
17593,0,43,121
17594,0,44,121
17595,0,45,121
17596,0,46,121
17597,0,47,121
17598,0,48,121
17599,0,49,121
17600,0,50,121
17601,0,51,121
17602,0,52,121
17603,0,53,121
17604,0,54,121
17605,0,55,121
17606,0,56,121
17607,0,57,121
17608,0,58,121
17609,0,59,121
17610,0,60,121
17611,0,61,121
17612,0,62,121
17613,0,63,121
17614,0,64,121
17615,0,65,121
17616,0,66,121
17617,0,67,121
17618,0,68,121
17619,0,69,121
17620,0,70,121
17621,0,71,121
17622,0,72,121
17623,0,73,121
17624,0,74,121
17625,0,75,121
17626,0,76,121
17627,0,77,121
17628,0,78,121
17629,0,79,121
17630,0,80,121
17631,0,81,121
17632,0,82,121
17633,0,83,121
17634,0,84,121
17635,0,85,121
17636,0,86,121
17637,0,87,121
17638,0,88,121
17639,0,89,121
17640,0,90,121
17641,0,91,121
17642,0,92,121
17643,0,93,121
17644,0,94,121
17645,0,95,121
17646,0,96,121
17647,0,97,121
17648,0,98,121
17649,0,99,121
17650,0,100,121
17651,0,101,121
17652,0,102,121
17653,0,103,121
17654,0,104,121
17655,0,105,121
17656,0,106,121
17657,0,107,121
17658,0,108,121
17659,0,109,121
17660,0,110,121
17661,0,111,121
17662,0,112,121
17663,0,113,121
17664,0,114,121
17665,0,115,121
17666,0,116,121
17667,0,117,121
17668,0,118,121
17669,0,119,121
17670,0,120,121
17671,0,121,121
17672,0,122,121
17673,0,123,121
17674,0,124,121
17675,0,125,121
17676,0,126,121
17677,0,127,121
17678,0,128,121
17679,0,129,121
17680,0,130,121
17681,0,131,121
17682,0,132,121
17683,0,133,121
17684,0,134,121
17685,0,135,121
17686,0,136,121
17687,0,137,121
17688,0,138,121
17689,0,139,121
17690,0,140,121
17691,0,141,121
17692,0,142,121
17693,0,143,121
17694,0,144,121
17695,0,145,121
17696,0,146,121
17697,0,147,121
17698,0,148,121
17699,0,149,121
17700,0,150,121
17701,0,151,121
17702,0,152,121
17703,0,153,121
17704,0,154,121
17705,0,155,121
17706,0,156,121
17707,0,157,121
17708,0,158,121
17709,0,159,121
17710,0,160,121
17711,0,161,121
17712,0,162,121
17713,0,163,121
17714,0,164,121
17715,0,165,121
17716,0,166,121
17717,0,167,121
17718,0,168,121
17719,0,169,121
17720,0,170,121
17721,0,171,121
17722,0,172,121
17723,0,173,121
17724,0,174,121
17725,0,175,121
17726,0,176,121
17727,0,177,121
17728,0,178,121
17729,0,179,121
17730,0,180,121
17731,0,181,121
17732,0,182,121
17733,0,183,121
17734,0,184,121
17735,0,185,121
17736,0,186,121
17737,0,187,121
17738,0,188,121
17739,0,189,121
17740,0,190,121
17741,0,191,121
17742,0,192,121
17743,0,193,121
17744,0,194,121
17745,0,195,121
17746,0,196,121
17747,0,242,121
17748,0,243,121
17749,0,244,121
17750,0,245,121
17751,0,246,121
17752,0,247,121
17753,0,248,121
17754,0,249,121
17755,0,250,121
17756,0,251,121
17757,0,252,121
17758,0,253,121
17759,0,254,121
17760,0,255,121
17761,0,256,121
17762,0,257,121
17763,0,274,121
17764,0,275,121
17765,0,276,121
17766,0,277,121
17767,0,278,121
17768,0,279,121
17769,0,280,121
17770,0,281,121
17771,0,282,121
17772,0,283,121
17773,0,284,121
17774,0,285,121
17775,0,286,121
17776,0,287,121
17777,0,288,121
17778,0,289,121
17779,0,311,121
17780,0,312,121
17781,0,313,121
17782,0,314,121
17783,0,315,121
17784,0,316,121
17785,0,320,121
17786,0,321,121
17787,0,322,121
17788,0,323,121
17789,0,324,121
17790,0,325,121
17791,0,326,121
17792,0,327,121
17793,0,328,121
17794,0,329,121
17795,0,330,121
17796,0,331,121
17797,0,332,121
17798,0,333,121
17799,0,334,121
17800,0,335,121
17801,0,336,121
17802,0,337,121
17803,0,338,121
17804,0,339,121
17805,0,340,121
17806,0,341,121
17807,0,342,121
17808,0,343,121
17809,0,344,121
17810,0,345,121
17811,0,346,121
17812,0,347,121
17813,0,348,121
17814,0,349,121
17815,0,350,121
17816,0,351,121
17817,0,352,121
17818,0,353,121
17819,0,354,121
17820,0,355,121
17821,0,356,121
17822,0,357,121
17823,0,358,121
17824,0,359,121
17825,0,360,121
17826,0,361,121
17827,0,362,121
17828,0,363,121
17829,0,364,121
17830,0,365,121
17831,0,366,121
17832,0,367,121
17833,0,368,121
17834,0,369,121
17835,0,370,121
17836,0,371,121
17837,0,372,121
17838,0,373,121
17839,0,374,121
17840,0,375,121
17841,0,376,121
17842,0,377,121
17843,0,378,121
17844,0,379,121
17845,0,380,121
17846,0,381,121
17847,0,382,121
17848,0,383,121
17849,0,384,121
17850,0,385,121
17851,0,386,121
17852,0,387,121
17853,0,393,121
17854,0,394,121
17855,0,395,121
17856,0,396,121
17857,0,397,121
17858,0,398,121
17859,0,418,121
17860,0,419,121
17861,0,420,121
17862,0,421,121
17863,0,422,121
17864,0,423,121
17865,0,424,121
17866,0,425,121
17867,0,426,121
17868,0,427,121
17869,0,428,121
17870,0,429,121
17871,0,430,121
17872,0,431,121
17873,0,432,121
17874,0,433,121
17875,0,434,121
17876,0,12,122
17877,0,13,122
17878,0,14,122
17879,0,20,122
17880,0,21,122
17881,0,22,122
17882,0,23,122
17883,0,24,122
17884,0,25,122
17885,0,26,122
17886,0,27,122
17887,0,28,122
17888,0,29,122
17889,0,30,122
17890,0,31,122
17891,0,32,122
17892,0,33,122
17893,0,34,122
17894,0,35,122
17895,0,36,122
17896,0,37,122
17897,0,38,122
17898,0,39,122
17899,0,40,122
17900,0,41,122
17901,0,42,122
17902,0,43,122
17903,0,44,122
17904,0,45,122
17905,0,46,122
17906,0,47,122
17907,0,48,122
17908,0,49,122
17909,0,50,122
17910,0,51,122
17911,0,52,122
17912,0,53,122
17913,0,54,122
17914,0,55,122
17915,0,56,122
17916,0,57,122
17917,0,58,122
17918,0,59,122
17919,0,60,122
17920,0,61,122
17921,0,62,122
17922,0,63,122
17923,0,64,122
17924,0,65,122
17925,0,66,122
17926,0,67,122
17927,0,68,122
17928,0,69,122
17929,0,70,122
17930,0,71,122
17931,0,72,122
17932,0,73,122
17933,0,74,122
17934,0,75,122
17935,0,76,122
17936,0,77,122
17937,0,78,122
17938,0,79,122
17939,0,80,122
17940,0,81,122
17941,0,82,122
17942,0,83,122
17943,0,84,122
17944,0,85,122
17945,0,86,122
17946,0,87,122
17947,0,88,122
17948,0,89,122
17949,0,90,122
17950,0,91,122
17951,0,92,122
17952,0,93,122
17953,0,94,122
17954,0,95,122
17955,0,96,122
17956,0,97,122
17957,0,98,122
17958,0,99,122
17959,0,100,122
17960,0,101,122
17961,0,102,122
17962,0,103,122
17963,0,104,122
17964,0,105,122
17965,0,106,122
17966,0,107,122
17967,0,108,122
17968,0,109,122
17969,0,110,122
17970,0,111,122
17971,0,112,122
17972,0,113,122
17973,0,114,122
17974,0,115,122
17975,0,116,122
17976,0,117,122
17977,0,118,122
17978,0,119,122
17979,0,120,122
17980,0,121,122
17981,0,122,122
17982,0,123,122
17983,0,124,122
17984,0,125,122
17985,0,126,122
17986,0,127,122
17987,0,128,122
17988,0,129,122
17989,0,130,122
17990,0,131,122
17991,0,132,122
17992,0,133,122
17993,0,134,122
17994,0,135,122
17995,0,136,122
17996,0,137,122
17997,0,138,122
17998,0,139,122
17999,0,140,122
18000,0,141,122
18001,0,142,122
18002,0,143,122
18003,0,144,122
18004,0,145,122
18005,0,146,122
18006,0,147,122
18007,0,148,122
18008,0,149,122
18009,0,150,122
18010,0,151,122
18011,0,152,122
18012,0,153,122
18013,0,154,122
18014,0,155,122
18015,0,156,122
18016,0,157,122
18017,0,158,122
18018,0,159,122
18019,0,160,122
18020,0,161,122
18021,0,162,122
18022,0,163,122
18023,0,164,122
18024,0,165,122
18025,0,166,122
18026,0,167,122
18027,0,168,122
18028,0,169,122
18029,0,170,122
18030,0,171,122
18031,0,172,122
18032,0,173,122
18033,0,174,122
18034,0,175,122
18035,0,176,122
18036,0,177,122
18037,0,178,122
18038,0,179,122
18039,0,180,122
18040,0,181,122
18041,0,182,122
18042,0,183,122
18043,0,184,122
18044,0,185,122
18045,0,186,122
18046,0,187,122
18047,0,188,122
18048,0,189,122
18049,0,190,122
18050,0,191,122
18051,0,192,122
18052,0,193,122
18053,0,194,122
18054,0,195,122
18055,0,196,122
18056,0,197,122
18057,0,242,122
18058,0,243,122
18059,0,244,122
18060,0,245,122
18061,0,246,122
18062,0,247,122
18063,0,248,122
18064,0,249,122
18065,0,250,122
18066,0,251,122
18067,0,252,122
18068,0,253,122
18069,0,254,122
18070,0,255,122
18071,0,256,122
18072,0,257,122
18073,0,274,122
18074,0,275,122
18075,0,276,122
18076,0,277,122
18077,0,278,122
18078,0,279,122
18079,0,280,122
18080,0,281,122
18081,0,282,122
18082,0,283,122
18083,0,284,122
18084,0,285,122
18085,0,286,122
18086,0,287,122
18087,0,288,122
18088,0,289,122
18089,0,311,122
18090,0,312,122
18091,0,313,122
18092,0,314,122
18093,0,315,122
18094,0,316,122
18095,0,322,122
18096,0,323,122
18097,0,324,122
18098,0,325,122
18099,0,326,122
18100,0,327,122
18101,0,328,122
18102,0,329,122
18103,0,330,122
18104,0,331,122
18105,0,332,122
18106,0,333,122
18107,0,334,122
18108,0,335,122
18109,0,336,122
18110,0,337,122
18111,0,338,122
18112,0,339,122
18113,0,340,122
18114,0,341,122
18115,0,342,122
18116,0,343,122
18117,0,344,122
18118,0,345,122
18119,0,346,122
18120,0,347,122
18121,0,348,122
18122,0,349,122
18123,0,350,122
18124,0,351,122
18125,0,352,122
18126,0,353,122
18127,0,354,122
18128,0,355,122
18129,0,356,122
18130,0,357,122
18131,0,358,122
18132,0,359,122
18133,0,360,122
18134,0,361,122
18135,0,362,122
18136,0,363,122
18137,0,364,122
18138,0,365,122
18139,0,366,122
18140,0,367,122
18141,0,368,122
18142,0,369,122
18143,0,370,122
18144,0,371,122
18145,0,372,122
18146,0,373,122
18147,0,374,122
18148,0,375,122
18149,0,376,122
18150,0,377,122
18151,0,378,122
18152,0,379,122
18153,0,380,122
18154,0,381,122
18155,0,382,122
18156,0,383,122
18157,0,384,122
18158,0,385,122
18159,0,386,122
18160,0,393,122
18161,0,394,122
18162,0,395,122
18163,0,396,122
18164,0,397,122
18165,0,398,122
18166,0,418,122
18167,0,419,122
18168,0,420,122
18169,0,421,122
18170,0,422,122
18171,0,423,122
18172,0,424,122
18173,0,425,122
18174,0,426,122
18175,0,427,122
18176,0,428,122
18177,0,429,122
18178,0,430,122
18179,0,431,122
18180,0,432,122
18181,0,433,122
18182,0,434,122
18183,0,12,123
18184,0,13,123
18185,0,14,123
18186,0,21,123
18187,0,22,123
18188,0,23,123
18189,0,24,123
18190,0,25,123
18191,0,26,123
18192,0,27,123
18193,0,28,123
18194,0,29,123
18195,0,30,123
18196,0,31,123
18197,0,32,123
18198,0,33,123
18199,0,34,123
18200,0,35,123
18201,0,36,123
18202,0,37,123
18203,0,38,123
18204,0,39,123
18205,0,40,123
18206,0,41,123
18207,0,42,123
18208,0,43,123
18209,0,44,123
18210,0,45,123
18211,0,46,123
18212,0,47,123
18213,0,48,123
18214,0,49,123
18215,0,50,123
18216,0,51,123
18217,0,52,123
18218,0,53,123
18219,0,54,123
18220,0,55,123
18221,0,56,123
18222,0,57,123
18223,0,58,123
18224,0,59,123
18225,0,60,123
18226,0,61,123
18227,0,62,123
18228,0,63,123
18229,0,64,123
18230,0,65,123
18231,0,66,123
18232,0,67,123
18233,0,68,123
18234,0,69,123
18235,0,70,123
18236,0,71,123
18237,0,72,123
18238,0,73,123
18239,0,74,123
18240,0,75,123
18241,0,76,123
18242,0,77,123
18243,0,78,123
18244,0,79,123
18245,0,80,123
18246,0,81,123
18247,0,82,123
18248,0,83,123
18249,0,84,123
18250,0,85,123
18251,0,86,123
18252,0,87,123
18253,0,88,123
18254,0,89,123
18255,0,90,123
18256,0,91,123
18257,0,92,123
18258,0,93,123
18259,0,94,123
18260,0,95,123
18261,0,96,123
18262,0,97,123
18263,0,98,123
18264,0,99,123
18265,0,100,123
18266,0,101,123
18267,0,102,123
18268,0,103,123
18269,0,104,123
18270,0,105,123
18271,0,106,123
18272,0,107,123
18273,0,108,123
18274,0,109,123
18275,0,110,123
18276,0,111,123
18277,0,112,123
18278,0,113,123
18279,0,114,123
18280,0,115,123
18281,0,116,123
18282,0,117,123
18283,0,118,123
18284,0,119,123
18285,0,120,123
18286,0,121,123
18287,0,122,123
18288,0,123,123
18289,0,124,123
18290,0,125,123
18291,0,126,123
18292,0,127,123
18293,0,128,123
18294,0,129,123
18295,0,130,123
18296,0,131,123
18297,0,132,123
18298,0,133,123
18299,0,134,123
18300,0,135,123
18301,0,136,123
18302,0,137,123
18303,0,138,123
18304,0,139,123
18305,0,140,123
18306,0,141,123
18307,0,142,123
18308,0,143,123
18309,0,144,123
18310,0,145,123
18311,0,146,123
18312,0,147,123
18313,0,148,123
18314,0,149,123
18315,0,150,123
18316,0,151,123
18317,0,152,123
18318,0,153,123
18319,0,154,123
18320,0,155,123
18321,0,156,123
18322,0,157,123
18323,0,158,123
18324,0,159,123
18325,0,160,123
18326,0,161,123
18327,0,162,123
18328,0,163,123
18329,0,164,123
18330,0,165,123
18331,0,166,123
18332,0,167,123
18333,0,168,123
18334,0,169,123
18335,0,170,123
18336,0,171,123
18337,0,172,123
18338,0,173,123
18339,0,174,123
18340,0,175,123
18341,0,176,123
18342,0,177,123
18343,0,178,123
18344,0,179,123
18345,0,180,123
18346,0,181,123
18347,0,182,123
18348,0,183,123
18349,0,184,123
18350,0,185,123
18351,0,186,123
18352,0,187,123
18353,0,188,123
18354,0,189,123
18355,0,190,123
18356,0,191,123
18357,0,192,123
18358,0,193,123
18359,0,194,123
18360,0,195,123
18361,0,196,123
18362,0,197,123
18363,0,198,123
18364,0,242,123
18365,0,243,123
18366,0,244,123
18367,0,245,123
18368,0,246,123
18369,0,247,123
18370,0,248,123
18371,0,249,123
18372,0,250,123
18373,0,251,123
18374,0,252,123
18375,0,253,123
18376,0,254,123
18377,0,255,123
18378,0,256,123
18379,0,257,123
18380,0,274,123
18381,0,275,123
18382,0,276,123
18383,0,277,123
18384,0,278,123
18385,0,279,123
18386,0,280,123
18387,0,281,123
18388,0,282,123
18389,0,283,123
18390,0,284,123
18391,0,285,123
18392,0,286,123
18393,0,287,123
18394,0,288,123
18395,0,289,123
18396,0,311,123
18397,0,312,123
18398,0,313,123
18399,0,314,123
18400,0,315,123
18401,0,316,123
18402,0,322,123
18403,0,323,123
18404,0,324,123
18405,0,325,123
18406,0,326,123
18407,0,327,123
18408,0,328,123
18409,0,329,123
18410,0,330,123
18411,0,331,123
18412,0,332,123
18413,0,333,123
18414,0,334,123
18415,0,335,123
18416,0,336,123
18417,0,337,123
18418,0,338,123
18419,0,339,123
18420,0,340,123
18421,0,341,123
18422,0,342,123
18423,0,343,123
18424,0,344,123
18425,0,345,123
18426,0,346,123
18427,0,347,123
18428,0,348,123
18429,0,349,123
18430,0,350,123
18431,0,351,123
18432,0,352,123
18433,0,353,123
18434,0,354,123
18435,0,355,123
18436,0,356,123
18437,0,357,123
18438,0,358,123
18439,0,359,123
18440,0,360,123
18441,0,361,123
18442,0,362,123
18443,0,363,123
18444,0,364,123
18445,0,365,123
18446,0,366,123
18447,0,367,123
18448,0,368,123
18449,0,369,123
18450,0,370,123
18451,0,371,123
18452,0,372,123
18453,0,373,123
18454,0,374,123
18455,0,375,123
18456,0,376,123
18457,0,377,123
18458,0,378,123
18459,0,379,123
18460,0,380,123
18461,0,381,123
18462,0,382,123
18463,0,383,123
18464,0,384,123
18465,0,385,123
18466,0,386,123
18467,0,394,123
18468,0,395,123
18469,0,396,123
18470,0,397,123
18471,0,418,123
18472,0,419,123
18473,0,420,123
18474,0,421,123
18475,0,422,123
18476,0,423,123
18477,0,424,123
18478,0,425,123
18479,0,426,123
18480,0,427,123
18481,0,428,123
18482,0,429,123
18483,0,430,123
18484,0,431,123
18485,0,432,123
18486,0,433,123
18487,0,434,123
18488,0,11,124
18489,0,12,124
18490,0,13,124
18491,0,21,124
18492,0,22,124
18493,0,23,124
18494,0,24,124
18495,0,25,124
18496,0,26,124
18497,0,27,124
18498,0,28,124
18499,0,29,124
18500,0,30,124
18501,0,31,124
18502,0,32,124
18503,0,33,124
18504,0,34,124
18505,0,35,124
18506,0,36,124
18507,0,37,124
18508,0,38,124
18509,0,39,124
18510,0,40,124
18511,0,41,124
18512,0,42,124
18513,0,43,124
18514,0,44,124
18515,0,45,124
18516,0,46,124
18517,0,47,124
18518,0,48,124
18519,0,49,124
18520,0,50,124
18521,0,51,124
18522,0,52,124
18523,0,53,124
18524,0,54,124
18525,0,55,124
18526,0,56,124
18527,0,57,124
18528,0,58,124
18529,0,59,124
18530,0,60,124
18531,0,61,124
18532,0,62,124
18533,0,63,124
18534,0,64,124
18535,0,65,124
18536,0,66,124
18537,0,67,124
18538,0,68,124
18539,0,69,124
18540,0,70,124
18541,0,71,124
18542,0,72,124
18543,0,73,124
18544,0,74,124
18545,0,75,124
18546,0,76,124
18547,0,77,124
18548,0,78,124
18549,0,79,124
18550,0,80,124
18551,0,81,124
18552,0,82,124
18553,0,83,124
18554,0,84,124
18555,0,85,124
18556,0,86,124
18557,0,87,124
18558,0,88,124
18559,0,89,124
18560,0,90,124
18561,0,91,124
18562,0,92,124
18563,0,93,124
18564,0,94,124
18565,0,95,124
18566,0,96,124
18567,0,97,124
18568,0,98,124
18569,0,99,124
18570,0,100,124
18571,0,101,124
18572,0,102,124
18573,0,103,124
18574,0,104,124
18575,0,105,124
18576,0,106,124
18577,0,107,124
18578,0,108,124
18579,0,109,124
18580,0,110,124
18581,0,111,124
18582,0,112,124
18583,0,113,124
18584,0,114,124
18585,0,115,124
18586,0,116,124
18587,0,117,124
18588,0,118,124
18589,0,119,124
18590,0,120,124
18591,0,121,124
18592,0,122,124
18593,0,123,124
18594,0,124,124
18595,0,125,124
18596,0,126,124
18597,0,127,124
18598,0,128,124
18599,0,129,124
18600,0,130,124
18601,0,131,124
18602,0,132,124
18603,0,133,124
18604,0,134,124
18605,0,135,124
18606,0,136,124
18607,0,137,124
18608,0,138,124
18609,0,139,124
18610,0,140,124
18611,0,141,124
18612,0,142,124
18613,0,143,124
18614,0,144,124
18615,0,145,124
18616,0,146,124
18617,0,147,124
18618,0,148,124
18619,0,149,124
18620,0,150,124
18621,0,151,124
18622,0,152,124
18623,0,153,124
18624,0,154,124
18625,0,155,124
18626,0,156,124
18627,0,157,124
18628,0,158,124
18629,0,159,124
18630,0,160,124
18631,0,161,124
18632,0,162,124
18633,0,163,124
18634,0,164,124
18635,0,165,124
18636,0,166,124
18637,0,167,124
18638,0,168,124
18639,0,169,124
18640,0,170,124
18641,0,171,124
18642,0,172,124
18643,0,173,124
18644,0,174,124
18645,0,175,124
18646,0,176,124
18647,0,177,124
18648,0,178,124
18649,0,179,124
18650,0,180,124
18651,0,181,124
18652,0,182,124
18653,0,183,124
18654,0,184,124
18655,0,185,124
18656,0,186,124
18657,0,187,124
18658,0,188,124
18659,0,189,124
18660,0,190,124
18661,0,191,124
18662,0,192,124
18663,0,193,124
18664,0,194,124
18665,0,195,124
18666,0,196,124
18667,0,197,124
18668,0,198,124
18669,0,242,124
18670,0,243,124
18671,0,244,124
18672,0,245,124
18673,0,246,124
18674,0,247,124
18675,0,248,124
18676,0,249,124
18677,0,250,124
18678,0,251,124
18679,0,252,124
18680,0,253,124
18681,0,254,124
18682,0,255,124
18683,0,256,124
18684,0,257,124
18685,0,274,124
18686,0,275,124
18687,0,276,124
18688,0,277,124
18689,0,278,124
18690,0,279,124
18691,0,280,124
18692,0,281,124
18693,0,282,124
18694,0,283,124
18695,0,284,124
18696,0,285,124
18697,0,286,124
18698,0,287,124
18699,0,288,124
18700,0,289,124
18701,0,312,124
18702,0,313,124
18703,0,314,124
18704,0,315,124
18705,0,322,124
18706,0,323,124
18707,0,324,124
18708,0,325,124
18709,0,326,124
18710,0,327,124
18711,0,328,124
18712,0,329,124
18713,0,330,124
18714,0,331,124
18715,0,332,124
18716,0,333,124
18717,0,334,124
18718,0,335,124
18719,0,336,124
18720,0,337,124
18721,0,338,124
18722,0,339,124
18723,0,340,124
18724,0,341,124
18725,0,342,124
18726,0,343,124
18727,0,344,124
18728,0,345,124
18729,0,346,124
18730,0,347,124
18731,0,348,124
18732,0,349,124
18733,0,350,124
18734,0,351,124
18735,0,352,124
18736,0,353,124
18737,0,354,124
18738,0,355,124
18739,0,356,124
18740,0,357,124
18741,0,358,124
18742,0,359,124
18743,0,360,124
18744,0,361,124
18745,0,362,124
18746,0,363,124
18747,0,364,124
18748,0,365,124
18749,0,366,124
18750,0,367,124
18751,0,368,124
18752,0,369,124
18753,0,370,124
18754,0,371,124
18755,0,372,124
18756,0,373,124
18757,0,374,124
18758,0,375,124
18759,0,376,124
18760,0,377,124
18761,0,378,124
18762,0,379,124
18763,0,380,124
18764,0,381,124
18765,0,382,124
18766,0,383,124
18767,0,384,124
18768,0,385,124
18769,0,386,124
18770,0,418,124
18771,0,419,124
18772,0,420,124
18773,0,421,124
18774,0,422,124
18775,0,423,124
18776,0,424,124
18777,0,425,124
18778,0,426,124
18779,0,427,124
18780,0,428,124
18781,0,429,124
18782,0,430,124
18783,0,431,124
18784,0,432,124
18785,0,433,124
18786,0,434,124
18787,0,9,125
18788,0,10,125
18789,0,11,125
18790,0,12,125
18791,0,17,125
18792,0,18,125
18793,0,21,125
18794,0,22,125
18795,0,23,125
18796,0,24,125
18797,0,25,125
18798,0,26,125
18799,0,27,125
18800,0,28,125
18801,0,29,125
18802,0,30,125
18803,0,31,125
18804,0,32,125
18805,0,33,125
18806,0,34,125
18807,0,35,125
18808,0,36,125
18809,0,37,125
18810,0,38,125
18811,0,39,125
18812,0,40,125
18813,0,41,125
18814,0,42,125
18815,0,43,125
18816,0,44,125
18817,0,45,125
18818,0,46,125
18819,0,47,125
18820,0,48,125
18821,0,49,125
18822,0,50,125
18823,0,51,125
18824,0,52,125
18825,0,53,125
18826,0,54,125
18827,0,55,125
18828,0,56,125
18829,0,57,125
18830,0,58,125
18831,0,59,125
18832,0,60,125
18833,0,61,125
18834,0,62,125
18835,0,63,125
18836,0,64,125
18837,0,65,125
18838,0,66,125
18839,0,67,125
18840,0,68,125
18841,0,69,125
18842,0,70,125
18843,0,71,125
18844,0,72,125
18845,0,73,125
18846,0,74,125
18847,0,75,125
18848,0,76,125
18849,0,77,125
18850,0,78,125
18851,0,79,125
18852,0,80,125
18853,0,81,125
18854,0,82,125
18855,0,83,125
18856,0,84,125
18857,0,85,125
18858,0,86,125
18859,0,87,125
18860,0,88,125
18861,0,89,125
18862,0,90,125
18863,0,91,125
18864,0,92,125
18865,0,93,125
18866,0,94,125
18867,0,95,125
18868,0,96,125
18869,0,97,125
18870,0,98,125
18871,0,99,125
18872,0,100,125
18873,0,101,125
18874,0,102,125
18875,0,103,125
18876,0,104,125
18877,0,105,125
18878,0,106,125
18879,0,107,125
18880,0,108,125
18881,0,109,125
18882,0,110,125
18883,0,111,125
18884,0,112,125
18885,0,113,125
18886,0,114,125
18887,0,115,125
18888,0,116,125
18889,0,117,125
18890,0,118,125
18891,0,119,125
18892,0,120,125
18893,0,121,125
18894,0,122,125
18895,0,123,125
18896,0,124,125
18897,0,125,125
18898,0,126,125
18899,0,127,125
18900,0,128,125
18901,0,129,125
18902,0,130,125
18903,0,131,125
18904,0,132,125
18905,0,133,125
18906,0,134,125
18907,0,135,125
18908,0,136,125
18909,0,137,125
18910,0,138,125
18911,0,139,125
18912,0,140,125
18913,0,141,125
18914,0,142,125
18915,0,143,125
18916,0,144,125
18917,0,145,125
18918,0,146,125
18919,0,147,125
18920,0,148,125
18921,0,149,125
18922,0,150,125
18923,0,151,125
18924,0,152,125
18925,0,153,125
18926,0,154,125
18927,0,155,125
18928,0,156,125
18929,0,157,125
18930,0,158,125
18931,0,159,125
18932,0,160,125
18933,0,161,125
18934,0,162,125
18935,0,163,125
18936,0,164,125
18937,0,165,125
18938,0,166,125
18939,0,167,125
18940,0,168,125
18941,0,169,125
18942,0,170,125
18943,0,171,125
18944,0,172,125
18945,0,173,125
18946,0,174,125
18947,0,175,125
18948,0,176,125
18949,0,177,125
18950,0,178,125
18951,0,179,125
18952,0,180,125
18953,0,181,125
18954,0,182,125
18955,0,183,125
18956,0,184,125
18957,0,185,125
18958,0,186,125
18959,0,187,125
18960,0,188,125
18961,0,189,125
18962,0,190,125
18963,0,191,125
18964,0,192,125
18965,0,193,125
18966,0,194,125
18967,0,195,125
18968,0,196,125
18969,0,197,125
18970,0,198,125
18971,0,242,125
18972,0,243,125
18973,0,244,125
18974,0,245,125
18975,0,246,125
18976,0,247,125
18977,0,248,125
18978,0,249,125
18979,0,250,125
18980,0,251,125
18981,0,252,125
18982,0,253,125
18983,0,254,125
18984,0,255,125
18985,0,256,125
18986,0,257,125
18987,0,274,125
18988,0,275,125
18989,0,276,125
18990,0,277,125
18991,0,278,125
18992,0,279,125
18993,0,280,125
18994,0,281,125
18995,0,282,125
18996,0,283,125
18997,0,284,125
18998,0,285,125
18999,0,286,125
19000,0,287,125
19001,0,288,125
19002,0,289,125
19003,0,322,125
19004,0,323,125
19005,0,324,125
19006,0,325,125
19007,0,326,125
19008,0,327,125
19009,0,328,125
19010,0,329,125
19011,0,330,125
19012,0,331,125
19013,0,332,125
19014,0,333,125
19015,0,334,125
19016,0,335,125
19017,0,336,125
19018,0,337,125
19019,0,338,125
19020,0,339,125
19021,0,340,125
19022,0,341,125
19023,0,342,125
19024,0,343,125
19025,0,344,125
19026,0,345,125
19027,0,346,125
19028,0,347,125
19029,0,348,125
19030,0,349,125
19031,0,350,125
19032,0,351,125
19033,0,352,125
19034,0,353,125
19035,0,354,125
19036,0,355,125
19037,0,356,125
19038,0,357,125
19039,0,358,125
19040,0,359,125
19041,0,360,125
19042,0,361,125
19043,0,362,125
19044,0,363,125
19045,0,364,125
19046,0,365,125
19047,0,366,125
19048,0,367,125
19049,0,368,125
19050,0,369,125
19051,0,370,125
19052,0,371,125
19053,0,372,125
19054,0,373,125
19055,0,374,125
19056,0,375,125
19057,0,376,125
19058,0,377,125
19059,0,378,125
19060,0,379,125
19061,0,380,125
19062,0,381,125
19063,0,382,125
19064,0,383,125
19065,0,384,125
19066,0,385,125
19067,0,386,125
19068,0,418,125
19069,0,419,125
19070,0,420,125
19071,0,421,125
19072,0,422,125
19073,0,423,125
19074,0,424,125
19075,0,425,125
19076,0,426,125
19077,0,427,125
19078,0,428,125
19079,0,429,125
19080,0,430,125
19081,0,431,125
19082,0,432,125
19083,0,433,125
19084,0,11,126
19085,0,12,126
19086,0,18,126
19087,0,21,126
19088,0,22,126
19089,0,23,126
19090,0,24,126
19091,0,25,126
19092,0,26,126
19093,0,27,126
19094,0,28,126
19095,0,29,126
19096,0,30,126
19097,0,31,126
19098,0,32,126
19099,0,33,126
19100,0,34,126
19101,0,35,126
19102,0,36,126
19103,0,37,126
19104,0,38,126
19105,0,39,126
19106,0,40,126
19107,0,41,126
19108,0,42,126
19109,0,43,126
19110,0,44,126
19111,0,45,126
19112,0,46,126
19113,0,47,126
19114,0,48,126
19115,0,49,126
19116,0,50,126
19117,0,51,126
19118,0,52,126
19119,0,53,126
19120,0,54,126
19121,0,55,126
19122,0,56,126
19123,0,57,126
19124,0,58,126
19125,0,59,126
19126,0,60,126
19127,0,61,126
19128,0,62,126
19129,0,63,126
19130,0,64,126
19131,0,65,126
19132,0,66,126
19133,0,67,126
19134,0,68,126
19135,0,69,126
19136,0,70,126
19137,0,71,126
19138,0,72,126
19139,0,73,126
19140,0,74,126
19141,0,75,126
19142,0,76,126
19143,0,77,126
19144,0,78,126
19145,0,79,126
19146,0,80,126
19147,0,81,126
19148,0,82,126
19149,0,83,126
19150,0,84,126
19151,0,85,126
19152,0,86,126
19153,0,87,126
19154,0,88,126
19155,0,89,126
19156,0,90,126
19157,0,91,126
19158,0,92,126
19159,0,93,126
19160,0,94,126
19161,0,95,126
19162,0,96,126
19163,0,97,126
19164,0,98,126
19165,0,99,126
19166,0,100,126
19167,0,101,126
19168,0,102,126
19169,0,103,126
19170,0,104,126
19171,0,105,126
19172,0,106,126
19173,0,107,126
19174,0,108,126
19175,0,109,126
19176,0,110,126
19177,0,111,126
19178,0,112,126
19179,0,113,126
19180,0,114,126
19181,0,115,126
19182,0,116,126
19183,0,117,126
19184,0,118,126
19185,0,119,126
19186,0,120,126
19187,0,121,126
19188,0,122,126
19189,0,123,126
19190,0,124,126
19191,0,125,126
19192,0,126,126
19193,0,127,126
19194,0,128,126
19195,0,129,126
19196,0,130,126
19197,0,131,126
19198,0,132,126
19199,0,133,126
19200,0,134,126
19201,0,135,126
19202,0,136,126
19203,0,137,126
19204,0,138,126
19205,0,139,126
19206,0,140,126
19207,0,141,126
19208,0,142,126
19209,0,143,126
19210,0,144,126
19211,0,145,126
19212,0,146,126
19213,0,147,126
19214,0,148,126
19215,0,149,126
19216,0,150,126
19217,0,151,126
19218,0,152,126
19219,0,153,126
19220,0,154,126
19221,0,155,126
19222,0,156,126
19223,0,157,126
19224,0,158,126
19225,0,159,126
19226,0,160,126
19227,0,161,126
19228,0,162,126
19229,0,163,126
19230,0,164,126
19231,0,165,126
19232,0,166,126
19233,0,167,126
19234,0,168,126
19235,0,169,126
19236,0,170,126
19237,0,171,126
19238,0,172,126
19239,0,173,126
19240,0,174,126
19241,0,175,126
19242,0,176,126
19243,0,177,126
19244,0,178,126
19245,0,179,126
19246,0,180,126
19247,0,181,126
19248,0,182,126
19249,0,183,126
19250,0,184,126
19251,0,185,126
19252,0,186,126
19253,0,187,126
19254,0,188,126
19255,0,189,126
19256,0,190,126
19257,0,191,126
19258,0,192,126
19259,0,193,126
19260,0,194,126
19261,0,195,126
19262,0,196,126
19263,0,197,126
19264,0,198,126
19265,0,199,126
19266,0,242,126
19267,0,243,126
19268,0,244,126
19269,0,245,126
19270,0,246,126
19271,0,247,126
19272,0,248,126
19273,0,249,126
19274,0,250,126
19275,0,251,126
19276,0,252,126
19277,0,253,126
19278,0,254,126
19279,0,255,126
19280,0,256,126
19281,0,257,126
19282,0,274,126
19283,0,275,126
19284,0,276,126
19285,0,277,126
19286,0,278,126
19287,0,279,126
19288,0,280,126
19289,0,281,126
19290,0,282,126
19291,0,283,126
19292,0,284,126
19293,0,285,126
19294,0,286,126
19295,0,287,126
19296,0,288,126
19297,0,289,126
19298,0,320,126
19299,0,321,126
19300,0,322,126
19301,0,323,126
19302,0,324,126
19303,0,325,126
19304,0,326,126
19305,0,327,126
19306,0,328,126
19307,0,329,126
19308,0,330,126
19309,0,331,126
19310,0,332,126
19311,0,333,126
19312,0,334,126
19313,0,335,126
19314,0,336,126
19315,0,337,126
19316,0,338,126
19317,0,339,126
19318,0,340,126
19319,0,341,126
19320,0,342,126
19321,0,343,126
19322,0,344,126
19323,0,345,126
19324,0,346,126
19325,0,347,126
19326,0,348,126
19327,0,349,126
19328,0,350,126
19329,0,351,126
19330,0,352,126
19331,0,353,126
19332,0,354,126
19333,0,355,126
19334,0,356,126
19335,0,357,126
19336,0,358,126
19337,0,359,126
19338,0,360,126
19339,0,361,126
19340,0,362,126
19341,0,363,126
19342,0,364,126
19343,0,365,126
19344,0,366,126
19345,0,367,126
19346,0,368,126
19347,0,369,126
19348,0,370,126
19349,0,371,126
19350,0,372,126
19351,0,373,126
19352,0,374,126
19353,0,375,126
19354,0,376,126
19355,0,377,126
19356,0,378,126
19357,0,379,126
19358,0,380,126
19359,0,381,126
19360,0,382,126
19361,0,383,126
19362,0,384,126
19363,0,385,126
19364,0,386,126
19365,0,387,126
19366,0,418,126
19367,0,419,126
19368,0,420,126
19369,0,421,126
19370,0,422,126
19371,0,423,126
19372,0,424,126
19373,0,425,126
19374,0,426,126
19375,0,427,126
19376,0,428,126
19377,0,429,126
19378,0,430,126
19379,0,431,126
19380,0,432,126
19381,0,10,127
19382,0,11,127
19383,0,12,127
19384,0,13,127
19385,0,14,127
19386,0,15,127
19387,0,18,127
19388,0,22,127
19389,0,23,127
19390,0,24,127
19391,0,25,127
19392,0,26,127
19393,0,27,127
19394,0,28,127
19395,0,29,127
19396,0,30,127
19397,0,31,127
19398,0,32,127
19399,0,33,127
19400,0,34,127
19401,0,35,127
19402,0,36,127
19403,0,37,127
19404,0,38,127
19405,0,39,127
19406,0,40,127
19407,0,41,127
19408,0,42,127
19409,0,43,127
19410,0,44,127
19411,0,45,127
19412,0,46,127
19413,0,47,127
19414,0,48,127
19415,0,49,127
19416,0,50,127
19417,0,51,127
19418,0,52,127
19419,0,53,127
19420,0,54,127
19421,0,55,127
19422,0,56,127
19423,0,57,127
19424,0,58,127
19425,0,59,127
19426,0,60,127
19427,0,61,127
19428,0,62,127
19429,0,63,127
19430,0,64,127
19431,0,65,127
19432,0,66,127
19433,0,67,127
19434,0,68,127
19435,0,69,127
19436,0,70,127
19437,0,71,127
19438,0,72,127
19439,0,73,127
19440,0,74,127
19441,0,75,127
19442,0,76,127
19443,0,77,127
19444,0,78,127
19445,0,79,127
19446,0,80,127
19447,0,81,127
19448,0,82,127
19449,0,83,127
19450,0,84,127
19451,0,85,127
19452,0,86,127
19453,0,87,127
19454,0,88,127
19455,0,89,127
19456,0,90,127
19457,0,91,127
19458,0,92,127
19459,0,93,127
19460,0,94,127
19461,0,95,127
19462,0,96,127
19463,0,97,127
19464,0,98,127
19465,0,99,127
19466,0,100,127
19467,0,101,127
19468,0,102,127
19469,0,103,127
19470,0,104,127
19471,0,105,127
19472,0,106,127
19473,0,107,127
19474,0,108,127
19475,0,109,127
19476,0,110,127
19477,0,111,127
19478,0,112,127
19479,0,113,127
19480,0,114,127
19481,0,115,127
19482,0,116,127
19483,0,117,127
19484,0,118,127
19485,0,119,127
19486,0,120,127
19487,0,121,127
19488,0,122,127
19489,0,123,127
19490,0,124,127
19491,0,125,127
19492,0,126,127
19493,0,127,127
19494,0,128,127
19495,0,129,127
19496,0,130,127
19497,0,131,127
19498,0,132,127
19499,0,133,127
19500,0,134,127
19501,0,135,127
19502,0,136,127
19503,0,137,127
19504,0,138,127
19505,0,139,127
19506,0,140,127
19507,0,141,127
19508,0,142,127
19509,0,143,127
19510,0,144,127
19511,0,145,127
19512,0,146,127
19513,0,147,127
19514,0,148,127
19515,0,149,127
19516,0,150,127
19517,0,151,127
19518,0,152,127
19519,0,153,127
19520,0,154,127
19521,0,155,127
19522,0,156,127
19523,0,157,127
19524,0,158,127
19525,0,159,127
19526,0,160,127
19527,0,161,127
19528,0,162,127
19529,0,163,127
19530,0,164,127
19531,0,165,127
19532,0,166,127
19533,0,167,127
19534,0,168,127
19535,0,169,127
19536,0,170,127
19537,0,171,127
19538,0,172,127
19539,0,173,127
19540,0,174,127
19541,0,175,127
19542,0,176,127
19543,0,177,127
19544,0,178,127
19545,0,179,127
19546,0,180,127
19547,0,181,127
19548,0,182,127
19549,0,183,127
19550,0,184,127
19551,0,185,127
19552,0,186,127
19553,0,187,127
19554,0,188,127
19555,0,189,127
19556,0,190,127
19557,0,191,127
19558,0,192,127
19559,0,193,127
19560,0,194,127
19561,0,195,127
19562,0,196,127
19563,0,197,127
19564,0,198,127
19565,0,199,127
19566,0,242,127
19567,0,243,127
19568,0,244,127
19569,0,245,127
19570,0,246,127
19571,0,247,127
19572,0,248,127
19573,0,249,127
19574,0,250,127
19575,0,251,127
19576,0,252,127
19577,0,253,127
19578,0,254,127
19579,0,255,127
19580,0,256,127
19581,0,257,127
19582,0,274,127
19583,0,275,127
19584,0,276,127
19585,0,277,127
19586,0,278,127
19587,0,279,127
19588,0,280,127
19589,0,281,127
19590,0,282,127
19591,0,283,127
19592,0,284,127
19593,0,285,127
19594,0,286,127
19595,0,287,127
19596,0,288,127
19597,0,289,127
19598,0,306,127
19599,0,307,127
19600,0,320,127
19601,0,321,127
19602,0,322,127
19603,0,323,127
19604,0,324,127
19605,0,325,127
19606,0,326,127
19607,0,327,127
19608,0,328,127
19609,0,329,127
19610,0,330,127
19611,0,331,127
19612,0,332,127
19613,0,333,127
19614,0,334,127
19615,0,335,127
19616,0,336,127
19617,0,337,127
19618,0,338,127
19619,0,339,127
19620,0,340,127
19621,0,341,127
19622,0,342,127
19623,0,343,127
19624,0,344,127
19625,0,345,127
19626,0,346,127
19627,0,347,127
19628,0,348,127
19629,0,349,127
19630,0,350,127
19631,0,351,127
19632,0,352,127
19633,0,353,127
19634,0,354,127
19635,0,355,127
19636,0,356,127
19637,0,357,127
19638,0,358,127
19639,0,359,127
19640,0,360,127
19641,0,361,127
19642,0,362,127
19643,0,363,127
19644,0,364,127
19645,0,365,127
19646,0,366,127
19647,0,367,127
19648,0,368,127
19649,0,369,127
19650,0,370,127
19651,0,371,127
19652,0,372,127
19653,0,373,127
19654,0,374,127
19655,0,375,127
19656,0,376,127
19657,0,377,127
19658,0,378,127
19659,0,379,127
19660,0,380,127
19661,0,381,127
19662,0,382,127
19663,0,383,127
19664,0,384,127
19665,0,385,127
19666,0,386,127
19667,0,387,127
19668,0,400,127
19669,0,401,127
19670,0,402,127
19671,0,418,127
19672,0,419,127
19673,0,420,127
19674,0,421,127
19675,0,422,127
19676,0,423,127
19677,0,424,127
19678,0,425,127
19679,0,426,127
19680,0,427,127
19681,0,428,127
19682,0,429,127
19683,0,430,127
19684,0,431,127
19685,0,432,127
19686,0,433,127
19687,0,10,128
19688,0,11,128
19689,0,12,128
19690,0,13,128
19691,0,14,128
19692,0,15,128
19693,0,16,128
19694,0,22,128
19695,0,23,128
19696,0,24,128
19697,0,25,128
19698,0,26,128
19699,0,27,128
19700,0,28,128
19701,0,29,128
19702,0,30,128
19703,0,31,128
19704,0,32,128
19705,0,33,128
19706,0,34,128
19707,0,35,128
19708,0,36,128
19709,0,37,128
19710,0,38,128
19711,0,39,128
19712,0,40,128
19713,0,41,128
19714,0,42,128
19715,0,43,128
19716,0,44,128
19717,0,45,128
19718,0,46,128
19719,0,47,128
19720,0,48,128
19721,0,49,128
19722,0,50,128
19723,0,51,128
19724,0,52,128
19725,0,53,128
19726,0,54,128
19727,0,55,128
19728,0,56,128
19729,0,57,128
19730,0,58,128
19731,0,59,128
19732,0,60,128
19733,0,61,128
19734,0,62,128
19735,0,63,128
19736,0,64,128
19737,0,65,128
19738,0,66,128
19739,0,67,128
19740,0,68,128
19741,0,69,128
19742,0,70,128
19743,0,71,128
19744,0,72,128
19745,0,73,128
19746,0,74,128
19747,0,75,128
19748,0,76,128
19749,0,77,128
19750,0,78,128
19751,0,79,128
19752,0,80,128
19753,0,81,128
19754,0,82,128
19755,0,83,128
19756,0,84,128
19757,0,85,128
19758,0,86,128
19759,0,87,128
19760,0,88,128
19761,0,89,128
19762,0,90,128
19763,0,91,128
19764,0,92,128
19765,0,93,128
19766,0,94,128
19767,0,95,128
19768,0,96,128
19769,0,97,128
19770,0,98,128
19771,0,99,128
19772,0,100,128
19773,0,101,128
19774,0,102,128
19775,0,103,128
19776,0,104,128
19777,0,105,128
19778,0,106,128
19779,0,107,128
19780,0,108,128
19781,0,109,128
19782,0,110,128
19783,0,111,128
19784,0,112,128
19785,0,113,128
19786,0,114,128
19787,0,115,128
19788,0,116,128
19789,0,117,128
19790,0,118,128
19791,0,119,128
19792,0,120,128
19793,0,121,128
19794,0,122,128
19795,0,123,128
19796,0,124,128
19797,0,125,128
19798,0,126,128
19799,0,127,128
19800,0,128,128
19801,0,129,128
19802,0,130,128
19803,0,131,128
19804,0,132,128
19805,0,133,128
19806,0,134,128
19807,0,135,128
19808,0,136,128
19809,0,137,128
19810,0,138,128
19811,0,139,128
19812,0,140,128
19813,0,141,128
19814,0,142,128
19815,0,143,128
19816,0,144,128
19817,0,145,128
19818,0,146,128
19819,0,147,128
19820,0,148,128
19821,0,149,128
19822,0,150,128
19823,0,151,128
19824,0,152,128
19825,0,153,128
19826,0,154,128
19827,0,155,128
19828,0,156,128
19829,0,157,128
19830,0,158,128
19831,0,159,128
19832,0,160,128
19833,0,161,128
19834,0,162,128
19835,0,163,128
19836,0,164,128
19837,0,165,128
19838,0,166,128
19839,0,167,128
19840,0,168,128
19841,0,169,128
19842,0,170,128
19843,0,171,128
19844,0,172,128
19845,0,173,128
19846,0,174,128
19847,0,175,128
19848,0,176,128
19849,0,177,128
19850,0,178,128
19851,0,179,128
19852,0,180,128
19853,0,181,128
19854,0,182,128
19855,0,183,128
19856,0,184,128
19857,0,185,128
19858,0,186,128
19859,0,187,128
19860,0,188,128
19861,0,189,128
19862,0,190,128
19863,0,191,128
19864,0,192,128
19865,0,193,128
19866,0,194,128
19867,0,195,128
19868,0,196,128
19869,0,197,128
19870,0,198,128
19871,0,199,128
19872,0,220,128
19873,0,221,128
19874,0,222,128
19875,0,223,128
19876,0,242,128
19877,0,243,128
19878,0,244,128
19879,0,245,128
19880,0,246,128
19881,0,247,128
19882,0,248,128
19883,0,249,128
19884,0,250,128
19885,0,251,128
19886,0,252,128
19887,0,253,128
19888,0,254,128
19889,0,255,128
19890,0,256,128
19891,0,257,128
19892,0,274,128
19893,0,275,128
19894,0,276,128
19895,0,277,128
19896,0,278,128
19897,0,279,128
19898,0,280,128
19899,0,281,128
19900,0,282,128
19901,0,283,128
19902,0,284,128
19903,0,285,128
19904,0,286,128
19905,0,287,128
19906,0,288,128
19907,0,289,128
19908,0,306,128
19909,0,307,128
19910,0,320,128
19911,0,321,128
19912,0,322,128
19913,0,323,128
19914,0,324,128
19915,0,325,128
19916,0,326,128
19917,0,327,128
19918,0,328,128
19919,0,329,128
19920,0,330,128
19921,0,331,128
19922,0,332,128
19923,0,333,128
19924,0,334,128
19925,0,335,128
19926,0,336,128
19927,0,337,128
19928,0,338,128
19929,0,339,128
19930,0,340,128
19931,0,341,128
19932,0,342,128
19933,0,343,128
19934,0,344,128
19935,0,345,128
19936,0,346,128
19937,0,347,128
19938,0,348,128
19939,0,349,128
19940,0,350,128
19941,0,351,128
19942,0,352,128
19943,0,353,128
19944,0,354,128
19945,0,355,128
19946,0,356,128
19947,0,357,128
19948,0,358,128
19949,0,359,128
19950,0,360,128
19951,0,361,128
19952,0,362,128
19953,0,363,128
19954,0,364,128
19955,0,365,128
19956,0,366,128
19957,0,367,128
19958,0,368,128
19959,0,369,128
19960,0,370,128
19961,0,371,128
19962,0,372,128
19963,0,373,128
19964,0,374,128
19965,0,375,128
19966,0,376,128
19967,0,377,128
19968,0,378,128
19969,0,379,128
19970,0,380,128
19971,0,381,128
19972,0,382,128
19973,0,383,128
19974,0,384,128
19975,0,385,128
19976,0,387,128
19977,0,400,128
19978,0,401,128
19979,0,402,128
19980,0,418,128
19981,0,419,128
19982,0,420,128
19983,0,421,128
19984,0,422,128
19985,0,423,128
19986,0,424,128
19987,0,425,128
19988,0,426,128
19989,0,427,128
19990,0,428,128
19991,0,429,128
19992,0,430,128
19993,0,431,128
19994,0,432,128
19995,0,433,128
19996,0,435,128
19997,0,436,128
19998,0,437,128
19999,0,438,128
20000,0,439,128
20001,0,440,128
20002,0,441,128
20003,0,442,128
20004,0,443,128
20005,0,444,128
20006,0,445,128
20007,0,446,128
20008,0,447,128
20009,0,448,128
20010,0,0,129
20011,0,1,129
20012,0,10,129
20013,0,11,129
20014,0,12,129
20015,0,13,129
20016,0,14,129
20017,0,15,129
20018,0,16,129
20019,0,22,129
20020,0,23,129
20021,0,24,129
20022,0,25,129
20023,0,26,129
20024,0,27,129
20025,0,28,129
20026,0,29,129
20027,0,30,129
20028,0,31,129
20029,0,32,129
20030,0,33,129
20031,0,34,129
20032,0,35,129
20033,0,36,129
20034,0,37,129
20035,0,38,129
20036,0,39,129
20037,0,40,129
20038,0,41,129
20039,0,42,129
20040,0,43,129
20041,0,44,129
20042,0,45,129
20043,0,46,129
20044,0,47,129
20045,0,48,129
20046,0,49,129
20047,0,50,129
20048,0,51,129
20049,0,52,129
20050,0,53,129
20051,0,54,129
20052,0,55,129
20053,0,56,129
20054,0,57,129
20055,0,58,129
20056,0,59,129
20057,0,60,129
20058,0,61,129
20059,0,62,129
20060,0,63,129
20061,0,64,129
20062,0,65,129
20063,0,66,129
20064,0,67,129
20065,0,68,129
20066,0,69,129
20067,0,70,129
20068,0,71,129
20069,0,72,129
20070,0,73,129
20071,0,74,129
20072,0,75,129
20073,0,76,129
20074,0,77,129
20075,0,78,129
20076,0,79,129
20077,0,80,129
20078,0,81,129
20079,0,82,129
20080,0,83,129
20081,0,84,129
20082,0,85,129
20083,0,86,129
20084,0,87,129
20085,0,88,129
20086,0,89,129
20087,0,90,129
20088,0,91,129
20089,0,92,129
20090,0,93,129
20091,0,94,129
20092,0,95,129
20093,0,96,129
20094,0,97,129
20095,0,98,129
20096,0,99,129
20097,0,100,129
20098,0,101,129
20099,0,102,129
20100,0,103,129
20101,0,104,129
20102,0,105,129
20103,0,106,129
20104,0,107,129
20105,0,108,129
20106,0,109,129
20107,0,110,129
20108,0,111,129
20109,0,112,129
20110,0,113,129
20111,0,114,129
20112,0,115,129
20113,0,116,129
20114,0,117,129
20115,0,118,129
20116,0,119,129
20117,0,120,129
20118,0,121,129
20119,0,122,129
20120,0,123,129
20121,0,124,129
20122,0,125,129
20123,0,126,129
20124,0,127,129
20125,0,128,129
20126,0,129,129
20127,0,130,129
20128,0,131,129
20129,0,132,129
20130,0,133,129
20131,0,134,129
20132,0,135,129
20133,0,136,129
20134,0,137,129
20135,0,138,129
20136,0,139,129
20137,0,140,129
20138,0,142,129
20139,0,143,129
20140,0,144,129
20141,0,145,129
20142,0,146,129
20143,0,147,129
20144,0,148,129
20145,0,149,129
20146,0,150,129
20147,0,151,129
20148,0,152,129
20149,0,153,129
20150,0,154,129
20151,0,155,129
20152,0,156,129
20153,0,157,129
20154,0,158,129
20155,0,159,129
20156,0,160,129
20157,0,161,129
20158,0,162,129
20159,0,163,129
20160,0,164,129
20161,0,165,129
20162,0,166,129
20163,0,167,129
20164,0,168,129
20165,0,169,129
20166,0,170,129
20167,0,171,129
20168,0,172,129
20169,0,173,129
20170,0,174,129
20171,0,175,129
20172,0,176,129
20173,0,177,129
20174,0,178,129
20175,0,179,129
20176,0,180,129
20177,0,181,129
20178,0,182,129
20179,0,183,129
20180,0,184,129
20181,0,185,129
20182,0,186,129
20183,0,187,129
20184,0,188,129
20185,0,189,129
20186,0,190,129
20187,0,191,129
20188,0,192,129
20189,0,193,129
20190,0,194,129
20191,0,195,129
20192,0,196,129
20193,0,197,129
20194,0,198,129
20195,0,199,129
20196,0,200,129
20197,0,210,129
20198,0,211,129
20199,0,212,129
20200,0,213,129
20201,0,214,129
20202,0,215,129
20203,0,216,129
20204,0,217,129
20205,0,218,129
20206,0,219,129
20207,0,220,129
20208,0,221,129
20209,0,222,129
20210,0,223,129
20211,0,224,129
20212,0,225,129
20213,0,226,129
20214,0,227,129
20215,0,228,129
20216,0,229,129
20217,0,230,129
20218,0,231,129
20219,0,232,129
20220,0,233,129
20221,0,234,129
20222,0,235,129
20223,0,236,129
20224,0,237,129
20225,0,238,129
20226,0,239,129
20227,0,240,129
20228,0,241,129
20229,0,242,129
20230,0,243,129
20231,0,244,129
20232,0,245,129
20233,0,246,129
20234,0,247,129
20235,0,248,129
20236,0,249,129
20237,0,250,129
20238,0,251,129
20239,0,252,129
20240,0,253,129
20241,0,254,129
20242,0,255,129
20243,0,256,129
20244,0,257,129
20245,0,258,129
20246,0,259,129
20247,0,260,129
20248,0,261,129
20249,0,262,129
20250,0,263,129
20251,0,264,129
20252,0,265,129
20253,0,266,129
20254,0,267,129
20255,0,268,129
20256,0,269,129
20257,0,270,129
20258,0,271,129
20259,0,272,129
20260,0,273,129
20261,0,274,129
20262,0,275,129
20263,0,276,129
20264,0,277,129
20265,0,278,129
20266,0,279,129
20267,0,280,129
20268,0,281,129
20269,0,282,129
20270,0,283,129
20271,0,284,129
20272,0,285,129
20273,0,286,129
20274,0,287,129
20275,0,288,129
20276,0,289,129
20277,0,330,129
20278,0,332,129
20279,0,333,129
20280,0,334,129
20281,0,335,129
20282,0,336,129
20283,0,337,129
20284,0,338,129
20285,0,339,129
20286,0,340,129
20287,0,341,129
20288,0,342,129
20289,0,343,129
20290,0,344,129
20291,0,345,129
20292,0,346,129
20293,0,347,129
20294,0,348,129
20295,0,349,129
20296,0,352,129
20297,0,353,129
20298,0,354,129
20299,0,418,129
20300,0,419,129
20301,0,420,129
20302,0,421,129
20303,0,422,129
20304,0,423,129
20305,0,424,129
20306,0,425,129
20307,0,426,129
20308,0,427,129
20309,0,428,129
20310,0,429,129
20311,0,430,129
20312,0,431,129
20313,0,432,129
20314,0,433,129
20315,0,434,129
20316,0,435,129
20317,0,436,129
20318,0,437,129
20319,0,438,129
20320,0,439,129
20321,0,440,129
20322,0,441,129
20323,0,442,129
20324,0,443,129
20325,0,444,129
20326,0,445,129
20327,0,446,129
20328,0,447,129
20329,0,448,129
20330,0,449,129
20331,0,450,129
20332,0,451,129
20333,0,452,129
20334,0,453,129
20335,0,454,129
20336,0,455,129
20337,0,456,129
20338,0,457,129
20339,0,458,129
20340,0,459,129
20341,0,460,129
20342,0,461,129
20343,0,462,129
20344,0,464,129
20345,0,465,129
20346,0,466,129
20347,0,467,129
20348,0,468,129
20349,0,469,129
20350,0,470,129
20351,0,471,129
20352,0,472,129
20353,0,473,129
20354,0,474,129
20355,0,475,129
20356,0,476,129
20357,0,477,129
20358,0,478,129
20359,0,479,129
20360,0,480,129
20361,0,481,129
20362,0,0,130
20363,0,1,130
20364,0,2,130
20365,0,3,130
20366,0,9,130
20367,0,10,130
20368,0,11,130
20369,0,12,130
20370,0,13,130
20371,0,14,130
20372,0,15,130
20373,0,16,130
20374,0,17,130
20375,0,22,130
20376,0,23,130
20377,0,24,130
20378,0,25,130
20379,0,26,130
20380,0,27,130
20381,0,28,130
20382,0,29,130
20383,0,30,130
20384,0,31,130
20385,0,32,130
20386,0,33,130
20387,0,34,130
20388,0,35,130
20389,0,36,130
20390,0,37,130
20391,0,38,130
20392,0,39,130
20393,0,40,130
20394,0,41,130
20395,0,42,130
20396,0,43,130
20397,0,44,130
20398,0,45,130
20399,0,46,130
20400,0,47,130
20401,0,48,130
20402,0,49,130
20403,0,50,130
20404,0,51,130
20405,0,52,130
20406,0,53,130
20407,0,54,130
20408,0,55,130
20409,0,56,130
20410,0,57,130
20411,0,58,130
20412,0,59,130
20413,0,60,130
20414,0,61,130
20415,0,62,130
20416,0,63,130
20417,0,64,130
20418,0,65,130
20419,0,66,130
20420,0,67,130
20421,0,68,130
20422,0,69,130
20423,0,70,130
20424,0,71,130
20425,0,72,130
20426,0,73,130
20427,0,74,130
20428,0,75,130
20429,0,76,130
20430,0,77,130
20431,0,78,130
20432,0,79,130
20433,0,80,130
20434,0,81,130
20435,0,82,130
20436,0,83,130
20437,0,84,130
20438,0,85,130
20439,0,86,130
20440,0,87,130
20441,0,88,130
20442,0,89,130
20443,0,90,130
20444,0,91,130
20445,0,92,130
20446,0,93,130
20447,0,94,130
20448,0,95,130
20449,0,96,130
20450,0,97,130
20451,0,98,130
20452,0,99,130
20453,0,100,130
20454,0,101,130
20455,0,102,130
20456,0,103,130
20457,0,104,130
20458,0,105,130
20459,0,106,130
20460,0,107,130
20461,0,108,130
20462,0,109,130
20463,0,110,130
20464,0,111,130
20465,0,112,130
20466,0,113,130
20467,0,114,130
20468,0,115,130
20469,0,116,130
20470,0,117,130
20471,0,118,130
20472,0,119,130
20473,0,120,130
20474,0,121,130
20475,0,122,130
20476,0,123,130
20477,0,124,130
20478,0,125,130
20479,0,126,130
20480,0,127,130
20481,0,128,130
20482,0,129,130
20483,0,130,130
20484,0,131,130
20485,0,132,130
20486,0,133,130
20487,0,134,130
20488,0,135,130
20489,0,136,130
20490,0,137,130
20491,0,138,130
20492,0,139,130
20493,0,140,130
20494,0,141,130
20495,0,142,130
20496,0,143,130
20497,0,144,130
20498,0,145,130
20499,0,146,130
20500,0,147,130
20501,0,148,130
20502,0,149,130
20503,0,150,130
20504,0,151,130
20505,0,152,130
20506,0,153,130
20507,0,154,130
20508,0,155,130
20509,0,156,130
20510,0,157,130
20511,0,158,130
20512,0,159,130
20513,0,160,130
20514,0,161,130
20515,0,162,130
20516,0,163,130
20517,0,164,130
20518,0,165,130
20519,0,166,130
20520,0,167,130
20521,0,168,130
20522,0,169,130
20523,0,170,130
20524,0,171,130
20525,0,172,130
20526,0,173,130
20527,0,174,130
20528,0,175,130
20529,0,176,130
20530,0,177,130
20531,0,178,130
20532,0,179,130
20533,0,180,130
20534,0,181,130
20535,0,182,130
20536,0,183,130
20537,0,184,130
20538,0,185,130
20539,0,186,130
20540,0,187,130
20541,0,188,130
20542,0,189,130
20543,0,190,130
20544,0,191,130
20545,0,192,130
20546,0,193,130
20547,0,194,130
20548,0,195,130
20549,0,196,130
20550,0,197,130
20551,0,198,130
20552,0,199,130
20553,0,200,130
20554,0,201,130
20555,0,202,130
20556,0,203,130
20557,0,204,130
20558,0,205,130
20559,0,206,130
20560,0,207,130
20561,0,208,130
20562,0,209,130
20563,0,210,130
20564,0,211,130
20565,0,212,130
20566,0,213,130
20567,0,214,130
20568,0,215,130
20569,0,216,130
20570,0,217,130
20571,0,218,130
20572,0,219,130
20573,0,220,130
20574,0,221,130
20575,0,222,130
20576,0,223,130
20577,0,224,130
20578,0,225,130
20579,0,226,130
20580,0,227,130
20581,0,228,130
20582,0,229,130
20583,0,230,130
20584,0,231,130
20585,0,232,130
20586,0,233,130
20587,0,234,130
20588,0,235,130
20589,0,236,130
20590,0,237,130
20591,0,238,130
20592,0,239,130
20593,0,240,130
20594,0,241,130
20595,0,242,130
20596,0,243,130
20597,0,244,130
20598,0,245,130
20599,0,246,130
20600,0,247,130
20601,0,248,130
20602,0,249,130
20603,0,250,130
20604,0,251,130
20605,0,252,130
20606,0,253,130
20607,0,254,130
20608,0,255,130
20609,0,256,130
20610,0,257,130
20611,0,258,130
20612,0,259,130
20613,0,260,130
20614,0,261,130
20615,0,262,130
20616,0,263,130
20617,0,264,130
20618,0,265,130
20619,0,266,130
20620,0,267,130
20621,0,268,130
20622,0,269,130
20623,0,270,130
20624,0,271,130
20625,0,272,130
20626,0,273,130
20627,0,274,130
20628,0,275,130
20629,0,276,130
20630,0,277,130
20631,0,278,130
20632,0,279,130
20633,0,280,130
20634,0,281,130
20635,0,282,130
20636,0,283,130
20637,0,284,130
20638,0,285,130
20639,0,286,130
20640,0,287,130
20641,0,288,130
20642,0,289,130
20643,0,336,130
20644,0,337,130
20645,0,338,130
20646,0,339,130
20647,0,340,130
20648,0,343,130
20649,0,344,130
20650,0,345,130
20651,0,346,130
20652,0,347,130
20653,0,348,130
20654,0,349,130
20655,0,352,130
20656,0,353,130
20657,0,354,130
20658,0,418,130
20659,0,419,130
20660,0,420,130
20661,0,421,130
20662,0,422,130
20663,0,423,130
20664,0,424,130
20665,0,425,130
20666,0,426,130
20667,0,427,130
20668,0,428,130
20669,0,429,130
20670,0,430,130
20671,0,431,130
20672,0,432,130
20673,0,433,130
20674,0,434,130
20675,0,435,130
20676,0,436,130
20677,0,437,130
20678,0,438,130
20679,0,439,130
20680,0,440,130
20681,0,441,130
20682,0,442,130
20683,0,443,130
20684,0,444,130
20685,0,445,130
20686,0,446,130
20687,0,447,130
20688,0,448,130
20689,0,449,130
20690,0,450,130
20691,0,451,130
20692,0,452,130
20693,0,453,130
20694,0,454,130
20695,0,455,130
20696,0,456,130
20697,0,457,130
20698,0,458,130
20699,0,459,130
20700,0,460,130
20701,0,461,130
20702,0,462,130
20703,0,464,130
20704,0,465,130
20705,0,466,130
20706,0,467,130
20707,0,468,130
20708,0,469,130
20709,0,470,130
20710,0,471,130
20711,0,472,130
20712,0,473,130
20713,0,474,130
20714,0,475,130
20715,0,476,130
20716,0,477,130
20717,0,478,130
20718,0,479,130
20719,0,480,130
20720,0,481,130
20721,0,2,131
20722,0,10,131
20723,0,11,131
20724,0,12,131
20725,0,13,131
20726,0,14,131
20727,0,15,131
20728,0,23,131
20729,0,24,131
20730,0,25,131
20731,0,26,131
20732,0,27,131
20733,0,28,131
20734,0,29,131
20735,0,30,131
20736,0,31,131
20737,0,32,131
20738,0,33,131
20739,0,34,131
20740,0,35,131
20741,0,36,131
20742,0,37,131
20743,0,38,131
20744,0,39,131
20745,0,40,131
20746,0,41,131
20747,0,42,131
20748,0,43,131
20749,0,44,131
20750,0,45,131
20751,0,46,131
20752,0,47,131
20753,0,48,131
20754,0,49,131
20755,0,50,131
20756,0,51,131
20757,0,52,131
20758,0,53,131
20759,0,54,131
20760,0,55,131
20761,0,56,131
20762,0,57,131
20763,0,58,131
20764,0,59,131
20765,0,60,131
20766,0,61,131
20767,0,62,131
20768,0,63,131
20769,0,64,131
20770,0,65,131
20771,0,66,131
20772,0,67,131
20773,0,68,131
20774,0,69,131
20775,0,70,131
20776,0,71,131
20777,0,72,131
20778,0,73,131
20779,0,74,131
20780,0,75,131
20781,0,76,131
20782,0,77,131
20783,0,78,131
20784,0,79,131
20785,0,80,131
20786,0,81,131
20787,0,82,131
20788,0,83,131
20789,0,84,131
20790,0,85,131
20791,0,86,131
20792,0,87,131
20793,0,88,131
20794,0,89,131
20795,0,90,131
20796,0,91,131
20797,0,92,131
20798,0,93,131
20799,0,94,131
20800,0,95,131
20801,0,96,131
20802,0,97,131
20803,0,98,131
20804,0,99,131
20805,0,100,131
20806,0,101,131
20807,0,102,131
20808,0,103,131
20809,0,104,131
20810,0,105,131
20811,0,106,131
20812,0,107,131
20813,0,108,131
20814,0,109,131
20815,0,110,131
20816,0,111,131
20817,0,112,131
20818,0,113,131
20819,0,114,131
20820,0,115,131
20821,0,116,131
20822,0,117,131
20823,0,118,131
20824,0,119,131
20825,0,120,131
20826,0,121,131
20827,0,122,131
20828,0,123,131
20829,0,124,131
20830,0,125,131
20831,0,126,131
20832,0,127,131
20833,0,128,131
20834,0,129,131
20835,0,130,131
20836,0,131,131
20837,0,132,131
20838,0,133,131
20839,0,134,131
20840,0,135,131
20841,0,136,131
20842,0,137,131
20843,0,138,131
20844,0,139,131
20845,0,140,131
20846,0,141,131
20847,0,142,131
20848,0,143,131
20849,0,144,131
20850,0,145,131
20851,0,146,131
20852,0,147,131
20853,0,148,131
20854,0,149,131
20855,0,150,131
20856,0,151,131
20857,0,152,131
20858,0,153,131
20859,0,154,131
20860,0,155,131
20861,0,156,131
20862,0,157,131
20863,0,158,131
20864,0,159,131
20865,0,161,131
20866,0,162,131
20867,0,163,131
20868,0,164,131
20869,0,165,131
20870,0,166,131
20871,0,167,131
20872,0,168,131
20873,0,169,131
20874,0,170,131
20875,0,171,131
20876,0,172,131
20877,0,173,131
20878,0,174,131
20879,0,175,131
20880,0,176,131
20881,0,177,131
20882,0,178,131
20883,0,179,131
20884,0,180,131
20885,0,181,131
20886,0,182,131
20887,0,183,131
20888,0,184,131
20889,0,185,131
20890,0,186,131
20891,0,187,131
20892,0,188,131
20893,0,189,131
20894,0,190,131
20895,0,191,131
20896,0,192,131
20897,0,193,131
20898,0,194,131
20899,0,195,131
20900,0,196,131
20901,0,197,131
20902,0,198,131
20903,0,199,131
20904,0,200,131
20905,0,201,131
20906,0,202,131
20907,0,203,131
20908,0,204,131
20909,0,205,131
20910,0,206,131
20911,0,207,131
20912,0,208,131
20913,0,209,131
20914,0,210,131
20915,0,211,131
20916,0,212,131
20917,0,213,131
20918,0,214,131
20919,0,215,131
20920,0,216,131
20921,0,217,131
20922,0,218,131
20923,0,219,131
20924,0,220,131
20925,0,221,131
20926,0,222,131
20927,0,223,131
20928,0,224,131
20929,0,225,131
20930,0,226,131
20931,0,227,131
20932,0,228,131
20933,0,229,131
20934,0,230,131
20935,0,231,131
20936,0,232,131
20937,0,233,131
20938,0,234,131
20939,0,235,131
20940,0,236,131
20941,0,237,131
20942,0,238,131
20943,0,239,131
20944,0,240,131
20945,0,241,131
20946,0,242,131
20947,0,243,131
20948,0,244,131
20949,0,245,131
20950,0,246,131
20951,0,247,131
20952,0,248,131
20953,0,249,131
20954,0,250,131
20955,0,251,131
20956,0,252,131
20957,0,253,131
20958,0,254,131
20959,0,255,131
20960,0,256,131
20961,0,257,131
20962,0,258,131
20963,0,259,131
20964,0,260,131
20965,0,261,131
20966,0,262,131
20967,0,263,131
20968,0,264,131
20969,0,265,131
20970,0,266,131
20971,0,267,131
20972,0,268,131
20973,0,269,131
20974,0,270,131
20975,0,271,131
20976,0,272,131
20977,0,273,131
20978,0,274,131
20979,0,275,131
20980,0,276,131
20981,0,277,131
20982,0,278,131
20983,0,279,131
20984,0,280,131
20985,0,281,131
20986,0,282,131
20987,0,283,131
20988,0,284,131
20989,0,285,131
20990,0,286,131
20991,0,287,131
20992,0,288,131
20993,0,289,131
20994,0,344,131
20995,0,345,131
20996,0,346,131
20997,0,347,131
20998,0,348,131
20999,0,349,131
21000,0,418,131
21001,0,419,131
21002,0,420,131
21003,0,421,131
21004,0,422,131
21005,0,423,131
21006,0,424,131
21007,0,425,131
21008,0,426,131
21009,0,427,131
21010,0,428,131
21011,0,429,131
21012,0,430,131
21013,0,431,131
21014,0,432,131
21015,0,433,131
21016,0,434,131
21017,0,435,131
21018,0,436,131
21019,0,437,131
21020,0,438,131
21021,0,439,131
21022,0,440,131
21023,0,441,131
21024,0,442,131
21025,0,443,131
21026,0,444,131
21027,0,445,131
21028,0,446,131
21029,0,447,131
21030,0,448,131
21031,0,449,131
21032,0,450,131
21033,0,451,131
21034,0,452,131
21035,0,453,131
21036,0,454,131
21037,0,455,131
21038,0,456,131
21039,0,457,131
21040,0,458,131
21041,0,459,131
21042,0,460,131
21043,0,461,131
21044,0,462,131
21045,0,463,131
21046,0,464,131
21047,0,465,131
21048,0,466,131
21049,0,467,131
21050,0,468,131
21051,0,469,131
21052,0,470,131
21053,0,471,131
21054,0,472,131
21055,0,473,131
21056,0,474,131
21057,0,475,131
21058,0,476,131
21059,0,477,131
21060,0,478,131
21061,0,479,131
21062,0,480,131
21063,0,481,131
21064,0,2,132
21065,0,10,132
21066,0,11,132
21067,0,12,132
21068,0,13,132
21069,0,14,132
21070,0,15,132
21071,0,23,132
21072,0,24,132
21073,0,25,132
21074,0,26,132
21075,0,27,132
21076,0,28,132
21077,0,29,132
21078,0,30,132
21079,0,31,132
21080,0,32,132
21081,0,33,132
21082,0,34,132
21083,0,35,132
21084,0,36,132
21085,0,37,132
21086,0,38,132
21087,0,39,132
21088,0,40,132
21089,0,41,132
21090,0,42,132
21091,0,43,132
21092,0,44,132
21093,0,45,132
21094,0,46,132
21095,0,47,132
21096,0,48,132
21097,0,49,132
21098,0,50,132
21099,0,51,132
21100,0,52,132
21101,0,53,132
21102,0,54,132
21103,0,55,132
21104,0,56,132
21105,0,57,132
21106,0,58,132
21107,0,59,132
21108,0,60,132
21109,0,61,132
21110,0,62,132
21111,0,63,132
21112,0,64,132
21113,0,65,132
21114,0,66,132
21115,0,67,132
21116,0,68,132
21117,0,69,132
21118,0,70,132
21119,0,71,132
21120,0,72,132
21121,0,73,132
21122,0,74,132
21123,0,75,132
21124,0,76,132
21125,0,77,132
21126,0,78,132
21127,0,79,132
21128,0,80,132
21129,0,81,132
21130,0,82,132
21131,0,83,132
21132,0,84,132
21133,0,85,132
21134,0,86,132
21135,0,87,132
21136,0,88,132
21137,0,89,132
21138,0,90,132
21139,0,91,132
21140,0,92,132
21141,0,93,132
21142,0,94,132
21143,0,95,132
21144,0,96,132
21145,0,97,132
21146,0,98,132
21147,0,99,132
21148,0,100,132
21149,0,101,132
21150,0,102,132
21151,0,103,132
21152,0,104,132
21153,0,105,132
21154,0,106,132
21155,0,107,132
21156,0,108,132
21157,0,109,132
21158,0,110,132
21159,0,111,132
21160,0,112,132
21161,0,113,132
21162,0,114,132
21163,0,115,132
21164,0,116,132
21165,0,117,132
21166,0,118,132
21167,0,119,132
21168,0,120,132
21169,0,121,132
21170,0,122,132
21171,0,123,132
21172,0,124,132
21173,0,125,132
21174,0,126,132
21175,0,127,132
21176,0,128,132
21177,0,129,132
21178,0,130,132
21179,0,131,132
21180,0,132,132
21181,0,133,132
21182,0,134,132
21183,0,135,132
21184,0,136,132
21185,0,137,132
21186,0,138,132
21187,0,139,132
21188,0,140,132
21189,0,141,132
21190,0,142,132
21191,0,143,132
21192,0,144,132
21193,0,145,132
21194,0,146,132
21195,0,147,132
21196,0,148,132
21197,0,149,132
21198,0,150,132
21199,0,151,132
21200,0,152,132
21201,0,153,132
21202,0,154,132
21203,0,155,132
21204,0,156,132
21205,0,157,132
21206,0,158,132
21207,0,159,132
21208,0,160,132
21209,0,161,132
21210,0,162,132
21211,0,163,132
21212,0,164,132
21213,0,165,132
21214,0,166,132
21215,0,167,132
21216,0,168,132
21217,0,169,132
21218,0,170,132
21219,0,171,132
21220,0,172,132
21221,0,173,132
21222,0,174,132
21223,0,175,132
21224,0,176,132
21225,0,177,132
21226,0,178,132
21227,0,179,132
21228,0,180,132
21229,0,181,132
21230,0,182,132
21231,0,183,132
21232,0,184,132
21233,0,185,132
21234,0,186,132
21235,0,187,132
21236,0,188,132
21237,0,189,132
21238,0,190,132
21239,0,191,132
21240,0,192,132
21241,0,193,132
21242,0,194,132
21243,0,195,132
21244,0,196,132
21245,0,197,132
21246,0,198,132
21247,0,199,132
21248,0,200,132
21249,0,201,132
21250,0,202,132
21251,0,203,132
21252,0,204,132
21253,0,205,132
21254,0,206,132
21255,0,207,132
21256,0,208,132
21257,0,209,132
21258,0,210,132
21259,0,211,132
21260,0,212,132
21261,0,213,132
21262,0,214,132
21263,0,215,132
21264,0,216,132
21265,0,217,132
21266,0,218,132
21267,0,219,132
21268,0,220,132
21269,0,221,132
21270,0,222,132
21271,0,223,132
21272,0,224,132
21273,0,225,132
21274,0,226,132
21275,0,227,132
21276,0,228,132
21277,0,229,132
21278,0,230,132
21279,0,231,132
21280,0,232,132
21281,0,233,132
21282,0,234,132
21283,0,235,132
21284,0,236,132
21285,0,237,132
21286,0,238,132
21287,0,239,132
21288,0,240,132
21289,0,241,132
21290,0,242,132
21291,0,243,132
21292,0,244,132
21293,0,245,132
21294,0,246,132
21295,0,247,132
21296,0,248,132
21297,0,249,132
21298,0,250,132
21299,0,251,132
21300,0,252,132
21301,0,253,132
21302,0,254,132
21303,0,255,132
21304,0,256,132
21305,0,257,132
21306,0,258,132
21307,0,259,132
21308,0,260,132
21309,0,261,132
21310,0,262,132
21311,0,263,132
21312,0,264,132
21313,0,265,132
21314,0,266,132
21315,0,267,132
21316,0,268,132
21317,0,269,132
21318,0,270,132
21319,0,271,132
21320,0,272,132
21321,0,273,132
21322,0,274,132
21323,0,275,132
21324,0,276,132
21325,0,277,132
21326,0,278,132
21327,0,279,132
21328,0,280,132
21329,0,281,132
21330,0,282,132
21331,0,283,132
21332,0,284,132
21333,0,285,132
21334,0,286,132
21335,0,287,132
21336,0,288,132
21337,0,289,132
21338,0,418,132
21339,0,419,132
21340,0,420,132
21341,0,421,132
21342,0,422,132
21343,0,423,132
21344,0,424,132
21345,0,425,132
21346,0,426,132
21347,0,427,132
21348,0,428,132
21349,0,429,132
21350,0,430,132
21351,0,431,132
21352,0,432,132
21353,0,433,132
21354,0,434,132
21355,0,435,132
21356,0,436,132
21357,0,437,132
21358,0,438,132
21359,0,439,132
21360,0,440,132
21361,0,441,132
21362,0,442,132
21363,0,443,132
21364,0,444,132
21365,0,445,132
21366,0,446,132
21367,0,447,132
21368,0,448,132
21369,0,449,132
21370,0,450,132
21371,0,451,132
21372,0,452,132
21373,0,453,132
21374,0,454,132
21375,0,455,132
21376,0,456,132
21377,0,457,132
21378,0,458,132
21379,0,459,132
21380,0,460,132
21381,0,461,132
21382,0,462,132
21383,0,463,132
21384,0,464,132
21385,0,465,132
21386,0,466,132
21387,0,467,132
21388,0,468,132
21389,0,469,132
21390,0,470,132
21391,0,471,132
21392,0,472,132
21393,0,473,132
21394,0,474,132
21395,0,475,132
21396,0,476,132
21397,0,477,132
21398,0,478,132
21399,0,479,132
21400,0,480,132
21401,0,481,132
21402,0,2,133
21403,0,11,133
21404,0,12,133
21405,0,13,133
21406,0,14,133
21407,0,23,133
21408,0,24,133
21409,0,25,133
21410,0,26,133
21411,0,27,133
21412,0,28,133
21413,0,29,133
21414,0,30,133
21415,0,31,133
21416,0,32,133
21417,0,33,133
21418,0,34,133
21419,0,35,133
21420,0,36,133
21421,0,37,133
21422,0,38,133
21423,0,39,133
21424,0,40,133
21425,0,41,133
21426,0,42,133
21427,0,43,133
21428,0,44,133
21429,0,45,133
21430,0,46,133
21431,0,47,133
21432,0,48,133
21433,0,49,133
21434,0,50,133
21435,0,51,133
21436,0,52,133
21437,0,53,133
21438,0,54,133
21439,0,55,133
21440,0,56,133
21441,0,57,133
21442,0,58,133
21443,0,59,133
21444,0,60,133
21445,0,61,133
21446,0,62,133
21447,0,63,133
21448,0,64,133
21449,0,65,133
21450,0,66,133
21451,0,67,133
21452,0,68,133
21453,0,69,133
21454,0,70,133
21455,0,71,133
21456,0,72,133
21457,0,73,133
21458,0,74,133
21459,0,75,133
21460,0,76,133
21461,0,77,133
21462,0,78,133
21463,0,79,133
21464,0,80,133
21465,0,81,133
21466,0,82,133
21467,0,83,133
21468,0,84,133
21469,0,85,133
21470,0,86,133
21471,0,87,133
21472,0,88,133
21473,0,89,133
21474,0,90,133
21475,0,91,133
21476,0,92,133
21477,0,93,133
21478,0,94,133
21479,0,95,133
21480,0,96,133
21481,0,97,133
21482,0,98,133
21483,0,99,133
21484,0,100,133
21485,0,101,133
21486,0,102,133
21487,0,103,133
21488,0,104,133
21489,0,105,133
21490,0,106,133
21491,0,107,133
21492,0,108,133
21493,0,109,133
21494,0,110,133
21495,0,111,133
21496,0,112,133
21497,0,113,133
21498,0,114,133
21499,0,115,133
21500,0,116,133
21501,0,117,133
21502,0,118,133
21503,0,119,133
21504,0,120,133
21505,0,121,133
21506,0,122,133
21507,0,123,133
21508,0,124,133
21509,0,125,133
21510,0,126,133
21511,0,127,133
21512,0,128,133
21513,0,129,133
21514,0,130,133
21515,0,131,133
21516,0,132,133
21517,0,133,133
21518,0,134,133
21519,0,135,133
21520,0,136,133
21521,0,137,133
21522,0,138,133
21523,0,139,133
21524,0,140,133
21525,0,141,133
21526,0,142,133
21527,0,143,133
21528,0,144,133
21529,0,145,133
21530,0,146,133
21531,0,147,133
21532,0,148,133
21533,0,149,133
21534,0,150,133
21535,0,151,133
21536,0,152,133
21537,0,153,133
21538,0,154,133
21539,0,155,133
21540,0,156,133
21541,0,157,133
21542,0,158,133
21543,0,159,133
21544,0,160,133
21545,0,161,133
21546,0,162,133
21547,0,163,133
21548,0,164,133
21549,0,165,133
21550,0,166,133
21551,0,167,133
21552,0,168,133
21553,0,169,133
21554,0,170,133
21555,0,171,133
21556,0,172,133
21557,0,173,133
21558,0,174,133
21559,0,175,133
21560,0,176,133
21561,0,177,133
21562,0,178,133
21563,0,179,133
21564,0,180,133
21565,0,181,133
21566,0,182,133
21567,0,183,133
21568,0,184,133
21569,0,185,133
21570,0,186,133
21571,0,187,133
21572,0,188,133
21573,0,189,133
21574,0,190,133
21575,0,191,133
21576,0,192,133
21577,0,193,133
21578,0,194,133
21579,0,195,133
21580,0,196,133
21581,0,197,133
21582,0,198,133
21583,0,199,133
21584,0,200,133
21585,0,201,133
21586,0,202,133
21587,0,203,133
21588,0,204,133
21589,0,205,133
21590,0,206,133
21591,0,207,133
21592,0,208,133
21593,0,209,133
21594,0,210,133
21595,0,211,133
21596,0,212,133
21597,0,213,133
21598,0,214,133
21599,0,215,133
21600,0,216,133
21601,0,217,133
21602,0,218,133
21603,0,219,133
21604,0,220,133
21605,0,221,133
21606,0,222,133
21607,0,223,133
21608,0,224,133
21609,0,225,133
21610,0,226,133
21611,0,227,133
21612,0,228,133
21613,0,229,133
21614,0,230,133
21615,0,231,133
21616,0,232,133
21617,0,233,133
21618,0,234,133
21619,0,235,133
21620,0,236,133
21621,0,237,133
21622,0,238,133
21623,0,239,133
21624,0,240,133
21625,0,241,133
21626,0,242,133
21627,0,243,133
21628,0,244,133
21629,0,245,133
21630,0,246,133
21631,0,247,133
21632,0,248,133
21633,0,249,133
21634,0,250,133
21635,0,251,133
21636,0,252,133
21637,0,253,133
21638,0,254,133
21639,0,255,133
21640,0,256,133
21641,0,257,133
21642,0,258,133
21643,0,259,133
21644,0,260,133
21645,0,261,133
21646,0,262,133
21647,0,263,133
21648,0,264,133
21649,0,265,133
21650,0,266,133
21651,0,267,133
21652,0,268,133
21653,0,269,133
21654,0,270,133
21655,0,271,133
21656,0,272,133
21657,0,273,133
21658,0,274,133
21659,0,275,133
21660,0,276,133
21661,0,277,133
21662,0,278,133
21663,0,279,133
21664,0,280,133
21665,0,281,133
21666,0,282,133
21667,0,283,133
21668,0,284,133
21669,0,285,133
21670,0,286,133
21671,0,287,133
21672,0,288,133
21673,0,289,133
21674,0,418,133
21675,0,419,133
21676,0,420,133
21677,0,421,133
21678,0,422,133
21679,0,423,133
21680,0,424,133
21681,0,425,133
21682,0,426,133
21683,0,427,133
21684,0,428,133
21685,0,429,133
21686,0,430,133
21687,0,431,133
21688,0,432,133
21689,0,433,133
21690,0,434,133
21691,0,435,133
21692,0,436,133
21693,0,437,133
21694,0,438,133
21695,0,439,133
21696,0,440,133
21697,0,441,133
21698,0,442,133
21699,0,443,133
21700,0,444,133
21701,0,445,133
21702,0,446,133
21703,0,447,133
21704,0,448,133
21705,0,449,133
21706,0,450,133
21707,0,451,133
21708,0,452,133
21709,0,453,133
21710,0,454,133
21711,0,455,133
21712,0,456,133
21713,0,457,133
21714,0,458,133
21715,0,459,133
21716,0,460,133
21717,0,461,133
21718,0,462,133
21719,0,463,133
21720,0,464,133
21721,0,465,133
21722,0,466,133
21723,0,467,133
21724,0,468,133
21725,0,469,133
21726,0,470,133
21727,0,471,133
21728,0,472,133
21729,0,473,133
21730,0,474,133
21731,0,475,133
21732,0,476,133
21733,0,477,133
21734,0,478,133
21735,0,479,133
21736,0,480,133
21737,0,481,133
21738,0,2,134
21739,0,23,134
21740,0,24,134
21741,0,25,134
21742,0,26,134
21743,0,27,134
21744,0,28,134
21745,0,29,134
21746,0,30,134
21747,0,31,134
21748,0,32,134
21749,0,33,134
21750,0,34,134
21751,0,35,134
21752,0,36,134
21753,0,37,134
21754,0,38,134
21755,0,39,134
21756,0,40,134
21757,0,41,134
21758,0,42,134
21759,0,43,134
21760,0,44,134
21761,0,45,134
21762,0,46,134
21763,0,47,134
21764,0,48,134
21765,0,49,134
21766,0,50,134
21767,0,51,134
21768,0,52,134
21769,0,53,134
21770,0,54,134
21771,0,55,134
21772,0,56,134
21773,0,57,134
21774,0,58,134
21775,0,59,134
21776,0,60,134
21777,0,61,134
21778,0,62,134
21779,0,63,134
21780,0,64,134
21781,0,65,134
21782,0,66,134
21783,0,67,134
21784,0,68,134
21785,0,69,134
21786,0,70,134
21787,0,71,134
21788,0,72,134
21789,0,73,134
21790,0,74,134
21791,0,75,134
21792,0,76,134
21793,0,77,134
21794,0,78,134
21795,0,79,134
21796,0,80,134
21797,0,81,134
21798,0,82,134
21799,0,83,134
21800,0,84,134
21801,0,85,134
21802,0,86,134
21803,0,87,134
21804,0,88,134
21805,0,89,134
21806,0,90,134
21807,0,91,134
21808,0,92,134
21809,0,93,134
21810,0,94,134
21811,0,95,134
21812,0,96,134
21813,0,97,134
21814,0,98,134
21815,0,99,134
21816,0,100,134
21817,0,101,134
21818,0,102,134
21819,0,103,134
21820,0,104,134
21821,0,105,134
21822,0,106,134
21823,0,107,134
21824,0,108,134
21825,0,109,134
21826,0,110,134
21827,0,111,134
21828,0,112,134
21829,0,113,134
21830,0,114,134
21831,0,115,134
21832,0,116,134
21833,0,117,134
21834,0,118,134
21835,0,119,134
21836,0,120,134
21837,0,121,134
21838,0,122,134
21839,0,123,134
21840,0,124,134
21841,0,125,134
21842,0,126,134
21843,0,127,134
21844,0,128,134
21845,0,129,134
21846,0,130,134
21847,0,131,134
21848,0,132,134
21849,0,133,134
21850,0,134,134
21851,0,135,134
21852,0,136,134
21853,0,137,134
21854,0,138,134
21855,0,139,134
21856,0,140,134
21857,0,141,134
21858,0,142,134
21859,0,143,134
21860,0,144,134
21861,0,145,134
21862,0,146,134
21863,0,147,134
21864,0,148,134
21865,0,149,134
21866,0,150,134
21867,0,151,134
21868,0,152,134
21869,0,153,134
21870,0,154,134
21871,0,155,134
21872,0,156,134
21873,0,157,134
21874,0,158,134
21875,0,159,134
21876,0,160,134
21877,0,161,134
21878,0,162,134
21879,0,163,134
21880,0,164,134
21881,0,165,134
21882,0,166,134
21883,0,167,134
21884,0,168,134
21885,0,169,134
21886,0,170,134
21887,0,171,134
21888,0,172,134
21889,0,173,134
21890,0,174,134
21891,0,175,134
21892,0,176,134
21893,0,177,134
21894,0,178,134
21895,0,179,134
21896,0,180,134
21897,0,181,134
21898,0,182,134
21899,0,183,134
21900,0,184,134
21901,0,185,134
21902,0,186,134
21903,0,187,134
21904,0,188,134
21905,0,189,134
21906,0,190,134
21907,0,191,134
21908,0,192,134
21909,0,193,134
21910,0,194,134
21911,0,195,134
21912,0,196,134
21913,0,197,134
21914,0,198,134
21915,0,199,134
21916,0,200,134
21917,0,201,134
21918,0,202,134
21919,0,203,134
21920,0,204,134
21921,0,205,134
21922,0,206,134
21923,0,207,134
21924,0,208,134
21925,0,209,134
21926,0,210,134
21927,0,211,134
21928,0,212,134
21929,0,213,134
21930,0,214,134
21931,0,215,134
21932,0,216,134
21933,0,217,134
21934,0,218,134
21935,0,219,134
21936,0,220,134
21937,0,221,134
21938,0,222,134
21939,0,223,134
21940,0,224,134
21941,0,225,134
21942,0,226,134
21943,0,227,134
21944,0,228,134
21945,0,229,134
21946,0,230,134
21947,0,231,134
21948,0,232,134
21949,0,233,134
21950,0,234,134
21951,0,235,134
21952,0,236,134
21953,0,237,134
21954,0,238,134
21955,0,239,134
21956,0,240,134
21957,0,241,134
21958,0,242,134
21959,0,243,134
21960,0,244,134
21961,0,245,134
21962,0,246,134
21963,0,247,134
21964,0,248,134
21965,0,249,134
21966,0,250,134
21967,0,251,134
21968,0,252,134
21969,0,253,134
21970,0,254,134
21971,0,255,134
21972,0,256,134
21973,0,257,134
21974,0,258,134
21975,0,259,134
21976,0,260,134
21977,0,261,134
21978,0,262,134
21979,0,263,134
21980,0,264,134
21981,0,265,134
21982,0,266,134
21983,0,267,134
21984,0,268,134
21985,0,269,134
21986,0,270,134
21987,0,271,134
21988,0,272,134
21989,0,273,134
21990,0,274,134
21991,0,275,134
21992,0,276,134
21993,0,277,134
21994,0,278,134
21995,0,279,134
21996,0,280,134
21997,0,281,134
21998,0,282,134
21999,0,283,134
22000,0,284,134
22001,0,285,134
22002,0,286,134
22003,0,287,134
22004,0,288,134
22005,0,289,134
22006,0,418,134
22007,0,419,134
22008,0,420,134
22009,0,421,134
22010,0,422,134
22011,0,423,134
22012,0,424,134
22013,0,425,134
22014,0,426,134
22015,0,427,134
22016,0,428,134
22017,0,429,134
22018,0,430,134
22019,0,431,134
22020,0,432,134
22021,0,433,134
22022,0,434,134
22023,0,435,134
22024,0,436,134
22025,0,437,134
22026,0,438,134
22027,0,439,134
22028,0,440,134
22029,0,441,134
22030,0,442,134
22031,0,443,134
22032,0,444,134
22033,0,445,134
22034,0,446,134
22035,0,447,134
22036,0,448,134
22037,0,449,134
22038,0,450,134
22039,0,451,134
22040,0,452,134
22041,0,453,134
22042,0,454,134
22043,0,455,134
22044,0,456,134
22045,0,457,134
22046,0,458,134
22047,0,459,134
22048,0,460,134
22049,0,461,134
22050,0,462,134
22051,0,463,134
22052,0,464,134
22053,0,465,134
22054,0,466,134
22055,0,467,134
22056,0,468,134
22057,0,469,134
22058,0,470,134
22059,0,471,134
22060,0,472,134
22061,0,473,134
22062,0,474,134
22063,0,475,134
22064,0,476,134
22065,0,477,134
22066,0,478,134
22067,0,479,134
22068,0,480,134
22069,0,481,134
22070,0,24,135
22071,0,25,135
22072,0,26,135
22073,0,27,135
22074,0,28,135
22075,0,29,135
22076,0,30,135
22077,0,31,135
22078,0,32,135
22079,0,33,135
22080,0,34,135
22081,0,35,135
22082,0,36,135
22083,0,37,135
22084,0,38,135
22085,0,39,135
22086,0,40,135
22087,0,41,135
22088,0,42,135
22089,0,43,135
22090,0,44,135
22091,0,45,135
22092,0,46,135
22093,0,47,135
22094,0,48,135
22095,0,49,135
22096,0,50,135
22097,0,51,135
22098,0,52,135
22099,0,53,135
22100,0,54,135
22101,0,55,135
22102,0,56,135
22103,0,57,135
22104,0,58,135
22105,0,59,135
22106,0,60,135
22107,0,61,135
22108,0,62,135
22109,0,63,135
22110,0,64,135
22111,0,65,135
22112,0,66,135
22113,0,67,135
22114,0,68,135
22115,0,69,135
22116,0,70,135
22117,0,71,135
22118,0,72,135
22119,0,73,135
22120,0,74,135
22121,0,75,135
22122,0,76,135
22123,0,77,135
22124,0,78,135
22125,0,79,135
22126,0,80,135
22127,0,81,135
22128,0,82,135
22129,0,83,135
22130,0,84,135
22131,0,85,135
22132,0,86,135
22133,0,87,135
22134,0,88,135
22135,0,89,135
22136,0,90,135
22137,0,91,135
22138,0,92,135
22139,0,93,135
22140,0,94,135
22141,0,95,135
22142,0,96,135
22143,0,97,135
22144,0,98,135
22145,0,99,135
22146,0,100,135
22147,0,101,135
22148,0,102,135
22149,0,103,135
22150,0,104,135
22151,0,105,135
22152,0,106,135
22153,0,107,135
22154,0,108,135
22155,0,109,135
22156,0,110,135
22157,0,111,135
22158,0,112,135
22159,0,113,135
22160,0,114,135
22161,0,115,135
22162,0,116,135
22163,0,117,135
22164,0,118,135
22165,0,119,135
22166,0,120,135
22167,0,121,135
22168,0,122,135
22169,0,123,135
22170,0,124,135
22171,0,125,135
22172,0,126,135
22173,0,127,135
22174,0,128,135
22175,0,129,135
22176,0,130,135
22177,0,131,135
22178,0,132,135
22179,0,133,135
22180,0,134,135
22181,0,135,135
22182,0,136,135
22183,0,137,135
22184,0,138,135
22185,0,139,135
22186,0,140,135
22187,0,141,135
22188,0,142,135
22189,0,143,135
22190,0,144,135
22191,0,145,135
22192,0,146,135
22193,0,147,135
22194,0,148,135
22195,0,149,135
22196,0,150,135
22197,0,151,135
22198,0,152,135
22199,0,153,135
22200,0,154,135
22201,0,155,135
22202,0,156,135
22203,0,157,135
22204,0,158,135
22205,0,159,135
22206,0,160,135
22207,0,161,135
22208,0,162,135
22209,0,163,135
22210,0,164,135
22211,0,165,135
22212,0,166,135
22213,0,167,135
22214,0,168,135
22215,0,169,135
22216,0,170,135
22217,0,171,135
22218,0,172,135
22219,0,173,135
22220,0,174,135
22221,0,175,135
22222,0,176,135
22223,0,177,135
22224,0,178,135
22225,0,179,135
22226,0,180,135
22227,0,181,135
22228,0,182,135
22229,0,183,135
22230,0,184,135
22231,0,185,135
22232,0,186,135
22233,0,187,135
22234,0,188,135
22235,0,189,135
22236,0,190,135
22237,0,191,135
22238,0,192,135
22239,0,193,135
22240,0,194,135
22241,0,195,135
22242,0,196,135
22243,0,197,135
22244,0,198,135
22245,0,199,135
22246,0,200,135
22247,0,201,135
22248,0,202,135
22249,0,203,135
22250,0,204,135
22251,0,205,135
22252,0,206,135
22253,0,207,135
22254,0,208,135
22255,0,209,135
22256,0,210,135
22257,0,211,135
22258,0,212,135
22259,0,213,135
22260,0,214,135
22261,0,215,135
22262,0,216,135
22263,0,217,135
22264,0,218,135
22265,0,219,135
22266,0,220,135
22267,0,221,135
22268,0,222,135
22269,0,223,135
22270,0,224,135
22271,0,225,135
22272,0,226,135
22273,0,227,135
22274,0,228,135
22275,0,229,135
22276,0,230,135
22277,0,231,135
22278,0,232,135
22279,0,233,135
22280,0,234,135
22281,0,235,135
22282,0,236,135
22283,0,237,135
22284,0,238,135
22285,0,239,135
22286,0,240,135
22287,0,241,135
22288,0,242,135
22289,0,243,135
22290,0,244,135
22291,0,245,135
22292,0,246,135
22293,0,247,135
22294,0,248,135
22295,0,249,135
22296,0,250,135
22297,0,251,135
22298,0,252,135
22299,0,253,135
22300,0,254,135
22301,0,255,135
22302,0,256,135
22303,0,257,135
22304,0,258,135
22305,0,259,135
22306,0,260,135
22307,0,261,135
22308,0,262,135
22309,0,263,135
22310,0,264,135
22311,0,265,135
22312,0,266,135
22313,0,267,135
22314,0,268,135
22315,0,269,135
22316,0,270,135
22317,0,271,135
22318,0,272,135
22319,0,273,135
22320,0,274,135
22321,0,275,135
22322,0,276,135
22323,0,277,135
22324,0,278,135
22325,0,279,135
22326,0,280,135
22327,0,281,135
22328,0,282,135
22329,0,283,135
22330,0,284,135
22331,0,285,135
22332,0,286,135
22333,0,287,135
22334,0,288,135
22335,0,289,135
22336,0,418,135
22337,0,419,135
22338,0,420,135
22339,0,421,135
22340,0,422,135
22341,0,423,135
22342,0,424,135
22343,0,425,135
22344,0,426,135
22345,0,427,135
22346,0,428,135
22347,0,429,135
22348,0,430,135
22349,0,431,135
22350,0,432,135
22351,0,433,135
22352,0,434,135
22353,0,435,135
22354,0,436,135
22355,0,437,135
22356,0,438,135
22357,0,439,135
22358,0,440,135
22359,0,441,135
22360,0,442,135
22361,0,443,135
22362,0,444,135
22363,0,445,135
22364,0,446,135
22365,0,447,135
22366,0,448,135
22367,0,449,135
22368,0,450,135
22369,0,451,135
22370,0,452,135
22371,0,453,135
22372,0,454,135
22373,0,455,135
22374,0,456,135
22375,0,457,135
22376,0,458,135
22377,0,459,135
22378,0,460,135
22379,0,461,135
22380,0,462,135
22381,0,463,135
22382,0,464,135
22383,0,465,135
22384,0,466,135
22385,0,467,135
22386,0,468,135
22387,0,469,135
22388,0,470,135
22389,0,471,135
22390,0,472,135
22391,0,473,135
22392,0,474,135
22393,0,475,135
22394,0,476,135
22395,0,477,135
22396,0,478,135
22397,0,479,135
22398,0,480,135
22399,0,481,135
22400,0,24,136
22401,0,25,136
22402,0,26,136
22403,0,27,136
22404,0,28,136
22405,0,29,136
22406,0,30,136
22407,0,31,136
22408,0,32,136
22409,0,33,136
22410,0,34,136
22411,0,35,136
22412,0,36,136
22413,0,37,136
22414,0,38,136
22415,0,39,136
22416,0,40,136
22417,0,41,136
22418,0,42,136
22419,0,43,136
22420,0,44,136
22421,0,45,136
22422,0,46,136
22423,0,47,136
22424,0,48,136
22425,0,49,136
22426,0,50,136
22427,0,51,136
22428,0,52,136
22429,0,53,136
22430,0,54,136
22431,0,55,136
22432,0,56,136
22433,0,57,136
22434,0,58,136
22435,0,59,136
22436,0,60,136
22437,0,61,136
22438,0,62,136
22439,0,63,136
22440,0,64,136
22441,0,65,136
22442,0,66,136
22443,0,67,136
22444,0,68,136
22445,0,69,136
22446,0,70,136
22447,0,71,136
22448,0,72,136
22449,0,73,136
22450,0,74,136
22451,0,75,136
22452,0,76,136
22453,0,77,136
22454,0,78,136
22455,0,79,136
22456,0,80,136
22457,0,81,136
22458,0,82,136
22459,0,83,136
22460,0,84,136
22461,0,85,136
22462,0,86,136
22463,0,87,136
22464,0,88,136
22465,0,89,136
22466,0,90,136
22467,0,91,136
22468,0,92,136
22469,0,93,136
22470,0,94,136
22471,0,95,136
22472,0,96,136
22473,0,97,136
22474,0,98,136
22475,0,99,136
22476,0,100,136
22477,0,101,136
22478,0,102,136
22479,0,103,136
22480,0,104,136
22481,0,105,136
22482,0,106,136
22483,0,107,136
22484,0,108,136
22485,0,109,136
22486,0,110,136
22487,0,111,136
22488,0,112,136
22489,0,113,136
22490,0,114,136
22491,0,115,136
22492,0,116,136
22493,0,117,136
22494,0,118,136
22495,0,119,136
22496,0,120,136
22497,0,121,136
22498,0,122,136
22499,0,123,136
22500,0,124,136
22501,0,125,136
22502,0,126,136
22503,0,127,136
22504,0,128,136
22505,0,129,136
22506,0,130,136
22507,0,131,136
22508,0,132,136
22509,0,133,136
22510,0,134,136
22511,0,135,136
22512,0,136,136
22513,0,137,136
22514,0,138,136
22515,0,139,136
22516,0,140,136
22517,0,141,136
22518,0,142,136
22519,0,143,136
22520,0,144,136
22521,0,145,136
22522,0,146,136
22523,0,147,136
22524,0,148,136
22525,0,149,136
22526,0,150,136
22527,0,151,136
22528,0,152,136
22529,0,153,136
22530,0,154,136
22531,0,155,136
22532,0,156,136
22533,0,157,136
22534,0,158,136
22535,0,159,136
22536,0,160,136
22537,0,161,136
22538,0,162,136
22539,0,163,136
22540,0,164,136
22541,0,165,136
22542,0,166,136
22543,0,167,136
22544,0,168,136
22545,0,169,136
22546,0,170,136
22547,0,171,136
22548,0,172,136
22549,0,173,136
22550,0,174,136
22551,0,175,136
22552,0,176,136
22553,0,177,136
22554,0,178,136
22555,0,179,136
22556,0,180,136
22557,0,181,136
22558,0,182,136
22559,0,183,136
22560,0,184,136
22561,0,185,136
22562,0,186,136
22563,0,187,136
22564,0,188,136
22565,0,189,136
22566,0,190,136
22567,0,191,136
22568,0,192,136
22569,0,193,136
22570,0,194,136
22571,0,195,136
22572,0,196,136
22573,0,197,136
22574,0,198,136
22575,0,199,136
22576,0,200,136
22577,0,201,136
22578,0,202,136
22579,0,203,136
22580,0,204,136
22581,0,205,136
22582,0,206,136
22583,0,207,136
22584,0,208,136
22585,0,209,136
22586,0,210,136
22587,0,211,136
22588,0,212,136
22589,0,213,136
22590,0,214,136
22591,0,215,136
22592,0,216,136
22593,0,217,136
22594,0,218,136
22595,0,219,136
22596,0,220,136
22597,0,221,136
22598,0,222,136
22599,0,223,136
22600,0,224,136
22601,0,225,136
22602,0,226,136
22603,0,227,136
22604,0,228,136
22605,0,229,136
22606,0,230,136
22607,0,231,136
22608,0,232,136
22609,0,233,136
22610,0,234,136
22611,0,235,136
22612,0,236,136
22613,0,237,136
22614,0,238,136
22615,0,239,136
22616,0,240,136
22617,0,241,136
22618,0,242,136
22619,0,243,136
22620,0,244,136
22621,0,245,136
22622,0,246,136
22623,0,247,136
22624,0,248,136
22625,0,249,136
22626,0,250,136
22627,0,251,136
22628,0,252,136
22629,0,253,136
22630,0,254,136
22631,0,255,136
22632,0,256,136
22633,0,257,136
22634,0,258,136
22635,0,259,136
22636,0,260,136
22637,0,261,136
22638,0,262,136
22639,0,263,136
22640,0,264,136
22641,0,265,136
22642,0,266,136
22643,0,267,136
22644,0,268,136
22645,0,269,136
22646,0,270,136
22647,0,271,136
22648,0,272,136
22649,0,273,136
22650,0,274,136
22651,0,275,136
22652,0,276,136
22653,0,277,136
22654,0,278,136
22655,0,279,136
22656,0,280,136
22657,0,281,136
22658,0,282,136
22659,0,283,136
22660,0,284,136
22661,0,285,136
22662,0,286,136
22663,0,287,136
22664,0,288,136
22665,0,289,136
22666,0,418,136
22667,0,419,136
22668,0,420,136
22669,0,421,136
22670,0,422,136
22671,0,423,136
22672,0,424,136
22673,0,425,136
22674,0,426,136
22675,0,427,136
22676,0,428,136
22677,0,429,136
22678,0,430,136
22679,0,431,136
22680,0,432,136
22681,0,433,136
22682,0,434,136
22683,0,435,136
22684,0,436,136
22685,0,437,136
22686,0,438,136
22687,0,439,136
22688,0,440,136
22689,0,441,136
22690,0,442,136
22691,0,443,136
22692,0,444,136
22693,0,445,136
22694,0,446,136
22695,0,447,136
22696,0,448,136
22697,0,449,136
22698,0,450,136
22699,0,451,136
22700,0,452,136
22701,0,453,136
22702,0,454,136
22703,0,455,136
22704,0,456,136
22705,0,457,136
22706,0,458,136
22707,0,459,136
22708,0,460,136
22709,0,461,136
22710,0,462,136
22711,0,463,136
22712,0,464,136
22713,0,465,136
22714,0,466,136
22715,0,467,136
22716,0,468,136
22717,0,469,136
22718,0,470,136
22719,0,471,136
22720,0,472,136
22721,0,473,136
22722,0,474,136
22723,0,475,136
22724,0,476,136
22725,0,477,136
22726,0,478,136
22727,0,479,136
22728,0,480,136
22729,0,481,136
22730,0,24,137
22731,0,25,137
22732,0,26,137
22733,0,27,137
22734,0,28,137
22735,0,29,137
22736,0,30,137
22737,0,31,137
22738,0,32,137
22739,0,33,137
22740,0,34,137
22741,0,35,137
22742,0,36,137
22743,0,37,137
22744,0,38,137
22745,0,39,137
22746,0,40,137
22747,0,41,137
22748,0,42,137
22749,0,43,137
22750,0,44,137
22751,0,45,137
22752,0,46,137
22753,0,47,137
22754,0,48,137
22755,0,49,137
22756,0,50,137
22757,0,51,137
22758,0,52,137
22759,0,53,137
22760,0,54,137
22761,0,55,137
22762,0,56,137
22763,0,57,137
22764,0,58,137
22765,0,59,137
22766,0,60,137
22767,0,61,137
22768,0,62,137
22769,0,63,137
22770,0,64,137
22771,0,65,137
22772,0,66,137
22773,0,67,137
22774,0,68,137
22775,0,69,137
22776,0,70,137
22777,0,71,137
22778,0,72,137
22779,0,73,137
22780,0,74,137
22781,0,75,137
22782,0,76,137
22783,0,77,137
22784,0,78,137
22785,0,79,137
22786,0,80,137
22787,0,81,137
22788,0,82,137
22789,0,83,137
22790,0,84,137
22791,0,85,137
22792,0,86,137
22793,0,87,137
22794,0,88,137
22795,0,89,137
22796,0,90,137
22797,0,91,137
22798,0,92,137
22799,0,93,137
22800,0,94,137
22801,0,95,137
22802,0,96,137
22803,0,97,137
22804,0,98,137
22805,0,99,137
22806,0,100,137
22807,0,101,137
22808,0,102,137
22809,0,103,137
22810,0,104,137
22811,0,105,137
22812,0,106,137
22813,0,107,137
22814,0,108,137
22815,0,109,137
22816,0,110,137
22817,0,111,137
22818,0,112,137
22819,0,113,137
22820,0,114,137
22821,0,115,137
22822,0,116,137
22823,0,117,137
22824,0,118,137
22825,0,119,137
22826,0,120,137
22827,0,121,137
22828,0,122,137
22829,0,123,137
22830,0,124,137
22831,0,125,137
22832,0,126,137
22833,0,127,137
22834,0,128,137
22835,0,129,137
22836,0,130,137
22837,0,131,137
22838,0,132,137
22839,0,133,137
22840,0,134,137
22841,0,135,137
22842,0,136,137
22843,0,137,137
22844,0,138,137
22845,0,139,137
22846,0,140,137
22847,0,141,137
22848,0,142,137
22849,0,143,137
22850,0,144,137
22851,0,145,137
22852,0,146,137
22853,0,147,137
22854,0,148,137
22855,0,149,137
22856,0,150,137
22857,0,151,137
22858,0,152,137
22859,0,153,137
22860,0,154,137
22861,0,155,137
22862,0,156,137
22863,0,157,137
22864,0,158,137
22865,0,159,137
22866,0,160,137
22867,0,161,137
22868,0,162,137
22869,0,163,137
22870,0,164,137
22871,0,165,137
22872,0,166,137
22873,0,167,137
22874,0,168,137
22875,0,169,137
22876,0,170,137
22877,0,171,137
22878,0,172,137
22879,0,173,137
22880,0,174,137
22881,0,175,137
22882,0,176,137
22883,0,177,137
22884,0,178,137
22885,0,179,137
22886,0,180,137
22887,0,181,137
22888,0,182,137
22889,0,183,137
22890,0,184,137
22891,0,185,137
22892,0,186,137
22893,0,187,137
22894,0,188,137
22895,0,189,137
22896,0,190,137
22897,0,191,137
22898,0,192,137
22899,0,193,137
22900,0,194,137
22901,0,195,137
22902,0,196,137
22903,0,197,137
22904,0,198,137
22905,0,199,137
22906,0,200,137
22907,0,201,137
22908,0,202,137
22909,0,203,137
22910,0,204,137
22911,0,205,137
22912,0,206,137
22913,0,207,137
22914,0,208,137
22915,0,209,137
22916,0,210,137
22917,0,211,137
22918,0,212,137
22919,0,213,137
22920,0,214,137
22921,0,215,137
22922,0,216,137
22923,0,217,137
22924,0,218,137
22925,0,219,137
22926,0,220,137
22927,0,221,137
22928,0,222,137
22929,0,223,137
22930,0,224,137
22931,0,225,137
22932,0,226,137
22933,0,227,137
22934,0,228,137
22935,0,229,137
22936,0,230,137
22937,0,231,137
22938,0,232,137
22939,0,233,137
22940,0,234,137
22941,0,235,137
22942,0,236,137
22943,0,237,137
22944,0,238,137
22945,0,239,137
22946,0,240,137
22947,0,241,137
22948,0,242,137
22949,0,243,137
22950,0,244,137
22951,0,245,137
22952,0,246,137
22953,0,247,137
22954,0,248,137
22955,0,249,137
22956,0,250,137
22957,0,251,137
22958,0,252,137
22959,0,253,137
22960,0,254,137
22961,0,255,137
22962,0,256,137
22963,0,257,137
22964,0,258,137
22965,0,259,137
22966,0,260,137
22967,0,261,137
22968,0,262,137
22969,0,263,137
22970,0,264,137
22971,0,265,137
22972,0,266,137
22973,0,267,137
22974,0,268,137
22975,0,269,137
22976,0,270,137
22977,0,271,137
22978,0,272,137
22979,0,273,137
22980,0,274,137
22981,0,275,137
22982,0,276,137
22983,0,277,137
22984,0,278,137
22985,0,279,137
22986,0,280,137
22987,0,281,137
22988,0,282,137
22989,0,283,137
22990,0,284,137
22991,0,285,137
22992,0,286,137
22993,0,287,137
22994,0,288,137
22995,0,289,137
22996,0,418,137
22997,0,419,137
22998,0,420,137
22999,0,421,137
23000,0,422,137
23001,0,423,137
23002,0,424,137
23003,0,425,137
23004,0,426,137
23005,0,427,137
23006,0,428,137
23007,0,429,137
23008,0,430,137
23009,0,431,137
23010,0,432,137
23011,0,433,137
23012,0,434,137
23013,0,435,137
23014,0,436,137
23015,0,437,137
23016,0,438,137
23017,0,439,137
23018,0,440,137
23019,0,441,137
23020,0,442,137
23021,0,443,137
23022,0,444,137
23023,0,445,137
23024,0,446,137
23025,0,447,137
23026,0,448,137
23027,0,449,137
23028,0,450,137
23029,0,451,137
23030,0,452,137
23031,0,453,137
23032,0,454,137
23033,0,455,137
23034,0,456,137
23035,0,457,137
23036,0,458,137
23037,0,459,137
23038,0,460,137
23039,0,461,137
23040,0,462,137
23041,0,463,137
23042,0,464,137
23043,0,465,137
23044,0,466,137
23045,0,467,137
23046,0,468,137
23047,0,469,137
23048,0,470,137
23049,0,471,137
23050,0,472,137
23051,0,473,137
23052,0,474,137
23053,0,475,137
23054,0,476,137
23055,0,477,137
23056,0,478,137
23057,0,479,137
23058,0,480,137
23059,0,481,137
23060,0,24,138
23061,0,25,138
23062,0,26,138
23063,0,27,138
23064,0,28,138
23065,0,29,138
23066,0,30,138
23067,0,31,138
23068,0,32,138
23069,0,33,138
23070,0,34,138
23071,0,35,138
23072,0,36,138
23073,0,37,138
23074,0,38,138
23075,0,39,138
23076,0,40,138
23077,0,41,138
23078,0,42,138
23079,0,43,138
23080,0,44,138
23081,0,45,138
23082,0,46,138
23083,0,47,138
23084,0,48,138
23085,0,49,138
23086,0,50,138
23087,0,51,138
23088,0,52,138
23089,0,53,138
23090,0,54,138
23091,0,55,138
23092,0,56,138
23093,0,57,138
23094,0,58,138
23095,0,59,138
23096,0,60,138
23097,0,61,138
23098,0,62,138
23099,0,63,138
23100,0,64,138
23101,0,65,138
23102,0,66,138
23103,0,67,138
23104,0,68,138
23105,0,69,138
23106,0,70,138
23107,0,71,138
23108,0,72,138
23109,0,73,138
23110,0,74,138
23111,0,75,138
23112,0,76,138
23113,0,77,138
23114,0,78,138
23115,0,79,138
23116,0,80,138
23117,0,81,138
23118,0,82,138
23119,0,83,138
23120,0,84,138
23121,0,85,138
23122,0,86,138
23123,0,87,138
23124,0,88,138
23125,0,89,138
23126,0,90,138
23127,0,91,138
23128,0,92,138
23129,0,93,138
23130,0,94,138
23131,0,95,138
23132,0,96,138
23133,0,97,138
23134,0,98,138
23135,0,99,138
23136,0,100,138
23137,0,101,138
23138,0,102,138
23139,0,103,138
23140,0,104,138
23141,0,105,138
23142,0,106,138
23143,0,107,138
23144,0,108,138
23145,0,109,138
23146,0,110,138
23147,0,111,138
23148,0,112,138
23149,0,113,138
23150,0,114,138
23151,0,115,138
23152,0,116,138
23153,0,117,138
23154,0,118,138
23155,0,119,138
23156,0,120,138
23157,0,121,138
23158,0,122,138
23159,0,123,138
23160,0,124,138
23161,0,125,138
23162,0,126,138
23163,0,127,138
23164,0,128,138
23165,0,129,138
23166,0,130,138
23167,0,131,138
23168,0,132,138
23169,0,133,138
23170,0,134,138
23171,0,135,138
23172,0,136,138
23173,0,137,138
23174,0,138,138
23175,0,139,138
23176,0,140,138
23177,0,141,138
23178,0,142,138
23179,0,143,138
23180,0,144,138
23181,0,145,138
23182,0,146,138
23183,0,147,138
23184,0,148,138
23185,0,149,138
23186,0,150,138
23187,0,151,138
23188,0,152,138
23189,0,153,138
23190,0,154,138
23191,0,155,138
23192,0,156,138
23193,0,157,138
23194,0,158,138
23195,0,159,138
23196,0,160,138
23197,0,161,138
23198,0,162,138
23199,0,163,138
23200,0,164,138
23201,0,165,138
23202,0,166,138
23203,0,167,138
23204,0,168,138
23205,0,169,138
23206,0,170,138
23207,0,171,138
23208,0,172,138
23209,0,173,138
23210,0,174,138
23211,0,175,138
23212,0,176,138
23213,0,177,138
23214,0,178,138
23215,0,179,138
23216,0,180,138
23217,0,181,138
23218,0,182,138
23219,0,183,138
23220,0,184,138
23221,0,185,138
23222,0,186,138
23223,0,187,138
23224,0,188,138
23225,0,189,138
23226,0,190,138
23227,0,191,138
23228,0,192,138
23229,0,193,138
23230,0,194,138
23231,0,195,138
23232,0,196,138
23233,0,197,138
23234,0,198,138
23235,0,199,138
23236,0,200,138
23237,0,201,138
23238,0,202,138
23239,0,203,138
23240,0,204,138
23241,0,205,138
23242,0,206,138
23243,0,207,138
23244,0,208,138
23245,0,209,138
23246,0,210,138
23247,0,211,138
23248,0,212,138
23249,0,213,138
23250,0,214,138
23251,0,215,138
23252,0,216,138
23253,0,217,138
23254,0,218,138
23255,0,219,138
23256,0,220,138
23257,0,221,138
23258,0,222,138
23259,0,223,138
23260,0,224,138
23261,0,225,138
23262,0,226,138
23263,0,227,138
23264,0,228,138
23265,0,229,138
23266,0,230,138
23267,0,231,138
23268,0,232,138
23269,0,233,138
23270,0,234,138
23271,0,235,138
23272,0,236,138
23273,0,237,138
23274,0,238,138
23275,0,239,138
23276,0,240,138
23277,0,241,138
23278,0,242,138
23279,0,243,138
23280,0,244,138
23281,0,245,138
23282,0,246,138
23283,0,247,138
23284,0,248,138
23285,0,249,138
23286,0,250,138
23287,0,251,138
23288,0,252,138
23289,0,253,138
23290,0,254,138
23291,0,255,138
23292,0,256,138
23293,0,257,138
23294,0,258,138
23295,0,259,138
23296,0,260,138
23297,0,261,138
23298,0,262,138
23299,0,263,138
23300,0,264,138
23301,0,265,138
23302,0,266,138
23303,0,267,138
23304,0,268,138
23305,0,269,138
23306,0,270,138
23307,0,271,138
23308,0,272,138
23309,0,273,138
23310,0,274,138
23311,0,275,138
23312,0,276,138
23313,0,277,138
23314,0,278,138
23315,0,279,138
23316,0,280,138
23317,0,281,138
23318,0,282,138
23319,0,283,138
23320,0,284,138
23321,0,285,138
23322,0,286,138
23323,0,287,138
23324,0,288,138
23325,0,289,138
23326,0,418,138
23327,0,419,138
23328,0,420,138
23329,0,421,138
23330,0,422,138
23331,0,423,138
23332,0,424,138
23333,0,425,138
23334,0,426,138
23335,0,427,138
23336,0,428,138
23337,0,429,138
23338,0,430,138
23339,0,431,138
23340,0,432,138
23341,0,433,138
23342,0,434,138
23343,0,435,138
23344,0,436,138
23345,0,437,138
23346,0,438,138
23347,0,439,138
23348,0,440,138
23349,0,441,138
23350,0,442,138
23351,0,443,138
23352,0,444,138
23353,0,445,138
23354,0,446,138
23355,0,447,138
23356,0,448,138
23357,0,449,138
23358,0,450,138
23359,0,451,138
23360,0,452,138
23361,0,453,138
23362,0,454,138
23363,0,455,138
23364,0,456,138
23365,0,457,138
23366,0,458,138
23367,0,459,138
23368,0,460,138
23369,0,461,138
23370,0,462,138
23371,0,463,138
23372,0,464,138
23373,0,465,138
23374,0,466,138
23375,0,467,138
23376,0,468,138
23377,0,469,138
23378,0,470,138
23379,0,471,138
23380,0,472,138
23381,0,473,138
23382,0,474,138
23383,0,475,138
23384,0,476,138
23385,0,477,138
23386,0,478,138
23387,0,479,138
23388,0,480,138
23389,0,481,138
23390,0,2,139
23391,0,25,139
23392,0,26,139
23393,0,27,139
23394,0,28,139
23395,0,29,139
23396,0,30,139
23397,0,31,139
23398,0,32,139
23399,0,33,139
23400,0,34,139
23401,0,35,139
23402,0,36,139
23403,0,37,139
23404,0,38,139
23405,0,39,139
23406,0,40,139
23407,0,41,139
23408,0,42,139
23409,0,43,139
23410,0,44,139
23411,0,45,139
23412,0,46,139
23413,0,47,139
23414,0,48,139
23415,0,49,139
23416,0,50,139
23417,0,51,139
23418,0,52,139
23419,0,53,139
23420,0,54,139
23421,0,55,139
23422,0,56,139
23423,0,57,139
23424,0,58,139
23425,0,59,139
23426,0,60,139
23427,0,61,139
23428,0,62,139
23429,0,63,139
23430,0,64,139
23431,0,65,139
23432,0,66,139
23433,0,67,139
23434,0,68,139
23435,0,69,139
23436,0,70,139
23437,0,71,139
23438,0,72,139
23439,0,73,139
23440,0,74,139
23441,0,75,139
23442,0,76,139
23443,0,77,139
23444,0,78,139
23445,0,79,139
23446,0,80,139
23447,0,81,139
23448,0,82,139
23449,0,83,139
23450,0,84,139
23451,0,85,139
23452,0,86,139
23453,0,87,139
23454,0,88,139
23455,0,89,139
23456,0,90,139
23457,0,91,139
23458,0,92,139
23459,0,93,139
23460,0,94,139
23461,0,95,139
23462,0,96,139
23463,0,97,139
23464,0,98,139
23465,0,99,139
23466,0,100,139
23467,0,101,139
23468,0,102,139
23469,0,103,139
23470,0,104,139
23471,0,105,139
23472,0,106,139
23473,0,107,139
23474,0,108,139
23475,0,109,139
23476,0,110,139
23477,0,111,139
23478,0,112,139
23479,0,113,139
23480,0,114,139
23481,0,115,139
23482,0,116,139
23483,0,117,139
23484,0,118,139
23485,0,119,139
23486,0,120,139
23487,0,121,139
23488,0,122,139
23489,0,123,139
23490,0,124,139
23491,0,125,139
23492,0,126,139
23493,0,127,139
23494,0,128,139
23495,0,129,139
23496,0,130,139
23497,0,131,139
23498,0,132,139
23499,0,133,139
23500,0,134,139
23501,0,135,139
23502,0,136,139
23503,0,137,139
23504,0,138,139
23505,0,139,139
23506,0,140,139
23507,0,141,139
23508,0,142,139
23509,0,143,139
23510,0,144,139
23511,0,145,139
23512,0,146,139
23513,0,147,139
23514,0,148,139
23515,0,149,139
23516,0,150,139
23517,0,151,139
23518,0,152,139
23519,0,153,139
23520,0,154,139
23521,0,155,139
23522,0,156,139
23523,0,157,139
23524,0,158,139
23525,0,159,139
23526,0,160,139
23527,0,161,139
23528,0,162,139
23529,0,163,139
23530,0,164,139
23531,0,165,139
23532,0,166,139
23533,0,167,139
23534,0,168,139
23535,0,169,139
23536,0,170,139
23537,0,171,139
23538,0,172,139
23539,0,173,139
23540,0,174,139
23541,0,175,139
23542,0,176,139
23543,0,177,139
23544,0,178,139
23545,0,179,139
23546,0,180,139
23547,0,181,139
23548,0,182,139
23549,0,183,139
23550,0,184,139
23551,0,185,139
23552,0,186,139
23553,0,187,139
23554,0,188,139
23555,0,189,139
23556,0,190,139
23557,0,191,139
23558,0,192,139
23559,0,193,139
23560,0,194,139
23561,0,195,139
23562,0,196,139
23563,0,197,139
23564,0,198,139
23565,0,199,139
23566,0,200,139
23567,0,201,139
23568,0,202,139
23569,0,203,139
23570,0,204,139
23571,0,205,139
23572,0,206,139
23573,0,207,139
23574,0,208,139
23575,0,209,139
23576,0,210,139
23577,0,211,139
23578,0,212,139
23579,0,213,139
23580,0,214,139
23581,0,215,139
23582,0,216,139
23583,0,217,139
23584,0,218,139
23585,0,219,139
23586,0,220,139
23587,0,221,139
23588,0,222,139
23589,0,223,139
23590,0,224,139
23591,0,225,139
23592,0,226,139
23593,0,227,139
23594,0,228,139
23595,0,229,139
23596,0,230,139
23597,0,231,139
23598,0,232,139
23599,0,233,139
23600,0,234,139
23601,0,235,139
23602,0,236,139
23603,0,237,139
23604,0,238,139
23605,0,239,139
23606,0,240,139
23607,0,241,139
23608,0,242,139
23609,0,243,139
23610,0,244,139
23611,0,245,139
23612,0,246,139
23613,0,247,139
23614,0,248,139
23615,0,249,139
23616,0,250,139
23617,0,251,139
23618,0,252,139
23619,0,253,139
23620,0,254,139
23621,0,255,139
23622,0,256,139
23623,0,257,139
23624,0,258,139
23625,0,259,139
23626,0,260,139
23627,0,261,139
23628,0,262,139
23629,0,263,139
23630,0,264,139
23631,0,265,139
23632,0,266,139
23633,0,267,139
23634,0,268,139
23635,0,269,139
23636,0,270,139
23637,0,271,139
23638,0,272,139
23639,0,273,139
23640,0,274,139
23641,0,275,139
23642,0,276,139
23643,0,277,139
23644,0,278,139
23645,0,279,139
23646,0,280,139
23647,0,281,139
23648,0,282,139
23649,0,283,139
23650,0,284,139
23651,0,285,139
23652,0,286,139
23653,0,287,139
23654,0,288,139
23655,0,289,139
23656,0,418,139
23657,0,419,139
23658,0,420,139
23659,0,421,139
23660,0,422,139
23661,0,423,139
23662,0,424,139
23663,0,425,139
23664,0,426,139
23665,0,427,139
23666,0,428,139
23667,0,429,139
23668,0,430,139
23669,0,431,139
23670,0,432,139
23671,0,433,139
23672,0,434,139
23673,0,435,139
23674,0,436,139
23675,0,437,139
23676,0,438,139
23677,0,439,139
23678,0,440,139
23679,0,441,139
23680,0,442,139
23681,0,443,139
23682,0,444,139
23683,0,445,139
23684,0,446,139
23685,0,447,139
23686,0,448,139
23687,0,449,139
23688,0,450,139
23689,0,451,139
23690,0,452,139
23691,0,453,139
23692,0,454,139
23693,0,455,139
23694,0,456,139
23695,0,457,139
23696,0,458,139
23697,0,459,139
23698,0,460,139
23699,0,461,139
23700,0,462,139
23701,0,463,139
23702,0,464,139
23703,0,465,139
23704,0,466,139
23705,0,467,139
23706,0,468,139
23707,0,469,139
23708,0,470,139
23709,0,471,139
23710,0,472,139
23711,0,473,139
23712,0,474,139
23713,0,475,139
23714,0,476,139
23715,0,477,139
23716,0,478,139
23717,0,479,139
23718,0,480,139
23719,0,481,139
23720,0,2,140
23721,0,25,140
23722,0,26,140
23723,0,27,140
23724,0,28,140
23725,0,29,140
23726,0,30,140
23727,0,31,140
23728,0,32,140
23729,0,33,140
23730,0,34,140
23731,0,35,140
23732,0,36,140
23733,0,37,140
23734,0,38,140
23735,0,39,140
23736,0,40,140
23737,0,41,140
23738,0,42,140
23739,0,43,140
23740,0,44,140
23741,0,45,140
23742,0,46,140
23743,0,47,140
23744,0,48,140
23745,0,49,140
23746,0,50,140
23747,0,51,140
23748,0,52,140
23749,0,53,140
23750,0,54,140
23751,0,55,140
23752,0,56,140
23753,0,57,140
23754,0,58,140
23755,0,59,140
23756,0,60,140
23757,0,61,140
23758,0,62,140
23759,0,63,140
23760,0,64,140
23761,0,65,140
23762,0,66,140
23763,0,67,140
23764,0,68,140
23765,0,69,140
23766,0,70,140
23767,0,71,140
23768,0,72,140
23769,0,73,140
23770,0,74,140
23771,0,75,140
23772,0,76,140
23773,0,77,140
23774,0,78,140
23775,0,79,140
23776,0,80,140
23777,0,81,140
23778,0,82,140
23779,0,83,140
23780,0,84,140
23781,0,85,140
23782,0,86,140
23783,0,87,140
23784,0,88,140
23785,0,89,140
23786,0,90,140
23787,0,91,140
23788,0,92,140
23789,0,93,140
23790,0,94,140
23791,0,95,140
23792,0,96,140
23793,0,97,140
23794,0,98,140
23795,0,99,140
23796,0,100,140
23797,0,101,140
23798,0,102,140
23799,0,103,140
23800,0,104,140
23801,0,105,140
23802,0,106,140
23803,0,107,140
23804,0,108,140
23805,0,109,140
23806,0,110,140
23807,0,111,140
23808,0,112,140
23809,0,113,140
23810,0,114,140
23811,0,115,140
23812,0,116,140
23813,0,117,140
23814,0,118,140
23815,0,119,140
23816,0,120,140
23817,0,121,140
23818,0,122,140
23819,0,123,140
23820,0,124,140
23821,0,125,140
23822,0,126,140
23823,0,127,140
23824,0,128,140
23825,0,129,140
23826,0,130,140
23827,0,131,140
23828,0,132,140
23829,0,133,140
23830,0,134,140
23831,0,135,140
23832,0,136,140
23833,0,137,140
23834,0,138,140
23835,0,139,140
23836,0,140,140
23837,0,141,140
23838,0,142,140
23839,0,143,140
23840,0,144,140
23841,0,145,140
23842,0,146,140
23843,0,147,140
23844,0,148,140
23845,0,149,140
23846,0,150,140
23847,0,151,140
23848,0,152,140
23849,0,153,140
23850,0,154,140
23851,0,155,140
23852,0,156,140
23853,0,157,140
23854,0,158,140
23855,0,159,140
23856,0,160,140
23857,0,161,140
23858,0,162,140
23859,0,163,140
23860,0,164,140
23861,0,165,140
23862,0,166,140
23863,0,167,140
23864,0,168,140
23865,0,169,140
23866,0,170,140
23867,0,171,140
23868,0,172,140
23869,0,173,140
23870,0,174,140
23871,0,175,140
23872,0,176,140
23873,0,177,140
23874,0,178,140
23875,0,179,140
23876,0,180,140
23877,0,181,140
23878,0,182,140
23879,0,183,140
23880,0,184,140
23881,0,185,140
23882,0,186,140
23883,0,187,140
23884,0,188,140
23885,0,189,140
23886,0,190,140
23887,0,191,140
23888,0,192,140
23889,0,193,140
23890,0,194,140
23891,0,195,140
23892,0,196,140
23893,0,197,140
23894,0,198,140
23895,0,199,140
23896,0,200,140
23897,0,201,140
23898,0,202,140
23899,0,203,140
23900,0,204,140
23901,0,205,140
23902,0,206,140
23903,0,207,140
23904,0,208,140
23905,0,209,140
23906,0,210,140
23907,0,211,140
23908,0,212,140
23909,0,213,140
23910,0,214,140
23911,0,215,140
23912,0,216,140
23913,0,217,140
23914,0,218,140
23915,0,219,140
23916,0,220,140
23917,0,221,140
23918,0,222,140
23919,0,223,140
23920,0,224,140
23921,0,225,140
23922,0,226,140
23923,0,227,140
23924,0,228,140
23925,0,229,140
23926,0,230,140
23927,0,231,140
23928,0,232,140
23929,0,233,140
23930,0,234,140
23931,0,235,140
23932,0,236,140
23933,0,237,140
23934,0,238,140
23935,0,239,140
23936,0,240,140
23937,0,241,140
23938,0,242,140
23939,0,243,140
23940,0,244,140
23941,0,245,140
23942,0,246,140
23943,0,247,140
23944,0,248,140
23945,0,249,140
23946,0,250,140
23947,0,251,140
23948,0,252,140
23949,0,253,140
23950,0,254,140
23951,0,255,140
23952,0,256,140
23953,0,257,140
23954,0,258,140
23955,0,259,140
23956,0,260,140
23957,0,261,140
23958,0,262,140
23959,0,263,140
23960,0,264,140
23961,0,265,140
23962,0,266,140
23963,0,267,140
23964,0,268,140
23965,0,269,140
23966,0,270,140
23967,0,271,140
23968,0,272,140
23969,0,273,140
23970,0,274,140
23971,0,275,140
23972,0,276,140
23973,0,277,140
23974,0,278,140
23975,0,279,140
23976,0,280,140
23977,0,281,140
23978,0,282,140
23979,0,283,140
23980,0,284,140
23981,0,285,140
23982,0,286,140
23983,0,287,140
23984,0,288,140
23985,0,289,140
23986,0,418,140
23987,0,419,140
23988,0,420,140
23989,0,421,140
23990,0,422,140
23991,0,423,140
23992,0,424,140
23993,0,425,140
23994,0,426,140
23995,0,427,140
23996,0,428,140
23997,0,429,140
23998,0,430,140
23999,0,431,140
24000,0,432,140
24001,0,433,140
24002,0,434,140
24003,0,435,140
24004,0,436,140
24005,0,437,140
24006,0,438,140
24007,0,439,140
24008,0,440,140
24009,0,441,140
24010,0,442,140
24011,0,443,140
24012,0,444,140
24013,0,445,140
24014,0,446,140
24015,0,447,140
24016,0,448,140
24017,0,449,140
24018,0,450,140
24019,0,451,140
24020,0,452,140
24021,0,453,140
24022,0,454,140
24023,0,455,140
24024,0,456,140
24025,0,457,140
24026,0,458,140
24027,0,459,140
24028,0,460,140
24029,0,461,140
24030,0,462,140
24031,0,463,140
24032,0,464,140
24033,0,465,140
24034,0,466,140
24035,0,467,140
24036,0,468,140
24037,0,469,140
24038,0,470,140
24039,0,471,140
24040,0,472,140
24041,0,473,140
24042,0,474,140
24043,0,475,140
24044,0,476,140
24045,0,477,140
24046,0,478,140
24047,0,479,140
24048,0,480,140
24049,0,481,140
24050,0,2,141
24051,0,25,141
24052,0,26,141
24053,0,27,141
24054,0,28,141
24055,0,29,141
24056,0,30,141
24057,0,31,141
24058,0,32,141
24059,0,33,141
24060,0,34,141
24061,0,35,141
24062,0,36,141
24063,0,37,141
24064,0,38,141
24065,0,39,141
24066,0,40,141
24067,0,41,141
24068,0,42,141
24069,0,43,141
24070,0,44,141
24071,0,45,141
24072,0,46,141
24073,0,47,141
24074,0,48,141
24075,0,49,141
24076,0,50,141
24077,0,51,141
24078,0,52,141
24079,0,53,141
24080,0,54,141
24081,0,55,141
24082,0,56,141
24083,0,57,141
24084,0,58,141
24085,0,59,141
24086,0,60,141
24087,0,61,141
24088,0,62,141
24089,0,63,141
24090,0,64,141
24091,0,65,141
24092,0,66,141
24093,0,67,141
24094,0,68,141
24095,0,69,141
24096,0,70,141
24097,0,71,141
24098,0,72,141
24099,0,73,141
24100,0,74,141
24101,0,75,141
24102,0,76,141
24103,0,77,141
24104,0,78,141
24105,0,79,141
24106,0,80,141
24107,0,81,141
24108,0,82,141
24109,0,83,141
24110,0,84,141
24111,0,85,141
24112,0,86,141
24113,0,87,141
24114,0,88,141
24115,0,89,141
24116,0,90,141
24117,0,91,141
24118,0,92,141
24119,0,93,141
24120,0,94,141
24121,0,95,141
24122,0,96,141
24123,0,97,141
24124,0,98,141
24125,0,99,141
24126,0,100,141
24127,0,101,141
24128,0,102,141
24129,0,103,141
24130,0,104,141
24131,0,105,141
24132,0,106,141
24133,0,107,141
24134,0,108,141
24135,0,109,141
24136,0,110,141
24137,0,111,141
24138,0,112,141
24139,0,113,141
24140,0,114,141
24141,0,115,141
24142,0,116,141
24143,0,117,141
24144,0,118,141
24145,0,119,141
24146,0,120,141
24147,0,121,141
24148,0,122,141
24149,0,123,141
24150,0,124,141
24151,0,125,141
24152,0,126,141
24153,0,127,141
24154,0,128,141
24155,0,129,141
24156,0,130,141
24157,0,131,141
24158,0,132,141
24159,0,133,141
24160,0,134,141
24161,0,135,141
24162,0,136,141
24163,0,137,141
24164,0,138,141
24165,0,139,141
24166,0,140,141
24167,0,141,141
24168,0,142,141
24169,0,143,141
24170,0,144,141
24171,0,145,141
24172,0,146,141
24173,0,147,141
24174,0,148,141
24175,0,149,141
24176,0,150,141
24177,0,151,141
24178,0,152,141
24179,0,153,141
24180,0,154,141
24181,0,155,141
24182,0,156,141
24183,0,157,141
24184,0,158,141
24185,0,159,141
24186,0,160,141
24187,0,161,141
24188,0,162,141
24189,0,163,141
24190,0,164,141
24191,0,165,141
24192,0,166,141
24193,0,167,141
24194,0,168,141
24195,0,169,141
24196,0,170,141
24197,0,171,141
24198,0,172,141
24199,0,173,141
24200,0,174,141
24201,0,175,141
24202,0,176,141
24203,0,177,141
24204,0,178,141
24205,0,179,141
24206,0,180,141
24207,0,181,141
24208,0,182,141
24209,0,183,141
24210,0,184,141
24211,0,185,141
24212,0,186,141
24213,0,187,141
24214,0,188,141
24215,0,189,141
24216,0,190,141
24217,0,191,141
24218,0,192,141
24219,0,193,141
24220,0,194,141
24221,0,195,141
24222,0,196,141
24223,0,197,141
24224,0,198,141
24225,0,199,141
24226,0,200,141
24227,0,201,141
24228,0,202,141
24229,0,203,141
24230,0,204,141
24231,0,205,141
24232,0,206,141
24233,0,207,141
24234,0,208,141
24235,0,209,141
24236,0,210,141
24237,0,211,141
24238,0,212,141
24239,0,213,141
24240,0,214,141
24241,0,215,141
24242,0,216,141
24243,0,217,141
24244,0,218,141
24245,0,219,141
24246,0,220,141
24247,0,221,141
24248,0,222,141
24249,0,223,141
24250,0,224,141
24251,0,225,141
24252,0,226,141
24253,0,227,141
24254,0,228,141
24255,0,229,141
24256,0,230,141
24257,0,231,141
24258,0,232,141
24259,0,233,141
24260,0,234,141
24261,0,235,141
24262,0,236,141
24263,0,237,141
24264,0,238,141
24265,0,239,141
24266,0,240,141
24267,0,241,141
24268,0,242,141
24269,0,243,141
24270,0,244,141
24271,0,245,141
24272,0,246,141
24273,0,247,141
24274,0,248,141
24275,0,249,141
24276,0,250,141
24277,0,251,141
24278,0,252,141
24279,0,253,141
24280,0,254,141
24281,0,255,141
24282,0,256,141
24283,0,257,141
24284,0,258,141
24285,0,259,141
24286,0,260,141
24287,0,261,141
24288,0,262,141
24289,0,263,141
24290,0,264,141
24291,0,265,141
24292,0,266,141
24293,0,267,141
24294,0,268,141
24295,0,269,141
24296,0,270,141
24297,0,271,141
24298,0,272,141
24299,0,273,141
24300,0,274,141
24301,0,275,141
24302,0,276,141
24303,0,277,141
24304,0,278,141
24305,0,279,141
24306,0,280,141
24307,0,281,141
24308,0,282,141
24309,0,283,141
24310,0,284,141
24311,0,285,141
24312,0,286,141
24313,0,287,141
24314,0,288,141
24315,0,289,141
24316,0,418,141
24317,0,419,141
24318,0,420,141
24319,0,421,141
24320,0,422,141
24321,0,423,141
24322,0,424,141
24323,0,425,141
24324,0,426,141
24325,0,427,141
24326,0,428,141
24327,0,429,141
24328,0,430,141
24329,0,431,141
24330,0,432,141
24331,0,433,141
24332,0,434,141
24333,0,435,141
24334,0,436,141
24335,0,437,141
24336,0,438,141
24337,0,439,141
24338,0,440,141
24339,0,441,141
24340,0,442,141
24341,0,443,141
24342,0,444,141
24343,0,445,141
24344,0,446,141
24345,0,447,141
24346,0,448,141
24347,0,449,141
24348,0,450,141
24349,0,451,141
24350,0,452,141
24351,0,453,141
24352,0,454,141
24353,0,455,141
24354,0,456,141
24355,0,457,141
24356,0,458,141
24357,0,459,141
24358,0,460,141
24359,0,461,141
24360,0,462,141
24361,0,463,141
24362,0,464,141
24363,0,465,141
24364,0,466,141
24365,0,467,141
24366,0,468,141
24367,0,469,141
24368,0,470,141
24369,0,471,141
24370,0,472,141
24371,0,473,141
24372,0,474,141
24373,0,475,141
24374,0,476,141
24375,0,477,141
24376,0,478,141
24377,0,479,141
24378,0,480,141
24379,0,481,141
24380,0,0,142
24381,0,1,142
24382,0,2,142
24383,0,3,142
24384,0,26,142
24385,0,27,142
24386,0,28,142
24387,0,29,142
24388,0,30,142
24389,0,31,142
24390,0,32,142
24391,0,33,142
24392,0,34,142
24393,0,35,142
24394,0,36,142
24395,0,37,142
24396,0,38,142
24397,0,39,142
24398,0,40,142
24399,0,41,142
24400,0,42,142
24401,0,43,142
24402,0,44,142
24403,0,45,142
24404,0,46,142
24405,0,47,142
24406,0,48,142
24407,0,49,142
24408,0,50,142
24409,0,51,142
24410,0,52,142
24411,0,53,142
24412,0,54,142
24413,0,55,142
24414,0,56,142
24415,0,57,142
24416,0,58,142
24417,0,59,142
24418,0,60,142
24419,0,61,142
24420,0,62,142
24421,0,63,142
24422,0,64,142
24423,0,65,142
24424,0,66,142
24425,0,67,142
24426,0,68,142
24427,0,69,142
24428,0,70,142
24429,0,71,142
24430,0,72,142
24431,0,73,142
24432,0,74,142
24433,0,75,142
24434,0,76,142
24435,0,77,142
24436,0,78,142
24437,0,79,142
24438,0,80,142
24439,0,81,142
24440,0,82,142
24441,0,83,142
24442,0,84,142
24443,0,85,142
24444,0,86,142
24445,0,87,142
24446,0,88,142
24447,0,89,142
24448,0,90,142
24449,0,91,142
24450,0,92,142
24451,0,93,142
24452,0,94,142
24453,0,95,142
24454,0,96,142
24455,0,97,142
24456,0,98,142
24457,0,99,142
24458,0,100,142
24459,0,101,142
24460,0,102,142
24461,0,103,142
24462,0,104,142
24463,0,105,142
24464,0,106,142
24465,0,107,142
24466,0,108,142
24467,0,109,142
24468,0,110,142
24469,0,111,142
24470,0,112,142
24471,0,113,142
24472,0,114,142
24473,0,115,142
24474,0,116,142
24475,0,117,142
24476,0,118,142
24477,0,119,142
24478,0,120,142
24479,0,121,142
24480,0,122,142
24481,0,123,142
24482,0,124,142
24483,0,125,142
24484,0,126,142
24485,0,127,142
24486,0,128,142
24487,0,129,142
24488,0,130,142
24489,0,131,142
24490,0,132,142
24491,0,133,142
24492,0,134,142
24493,0,135,142
24494,0,136,142
24495,0,137,142
24496,0,138,142
24497,0,139,142
24498,0,140,142
24499,0,141,142
24500,0,142,142
24501,0,143,142
24502,0,144,142
24503,0,145,142
24504,0,146,142
24505,0,147,142
24506,0,148,142
24507,0,149,142
24508,0,150,142
24509,0,151,142
24510,0,152,142
24511,0,153,142
24512,0,154,142
24513,0,155,142
24514,0,156,142
24515,0,157,142
24516,0,158,142
24517,0,159,142
24518,0,160,142
24519,0,161,142
24520,0,162,142
24521,0,163,142
24522,0,164,142
24523,0,165,142
24524,0,166,142
24525,0,167,142
24526,0,168,142
24527,0,169,142
24528,0,170,142
24529,0,171,142
24530,0,172,142
24531,0,173,142
24532,0,174,142
24533,0,175,142
24534,0,176,142
24535,0,177,142
24536,0,178,142
24537,0,179,142
24538,0,180,142
24539,0,181,142
24540,0,182,142
24541,0,183,142
24542,0,184,142
24543,0,185,142
24544,0,186,142
24545,0,187,142
24546,0,188,142
24547,0,189,142
24548,0,190,142
24549,0,191,142
24550,0,192,142
24551,0,193,142
24552,0,194,142
24553,0,195,142
24554,0,196,142
24555,0,197,142
24556,0,198,142
24557,0,199,142
24558,0,200,142
24559,0,201,142
24560,0,202,142
24561,0,203,142
24562,0,204,142
24563,0,205,142
24564,0,206,142
24565,0,207,142
24566,0,208,142
24567,0,209,142
24568,0,210,142
24569,0,211,142
24570,0,212,142
24571,0,213,142
24572,0,214,142
24573,0,215,142
24574,0,216,142
24575,0,217,142
24576,0,218,142
24577,0,219,142
24578,0,220,142
24579,0,221,142
24580,0,222,142
24581,0,223,142
24582,0,224,142
24583,0,225,142
24584,0,226,142
24585,0,227,142
24586,0,228,142
24587,0,229,142
24588,0,230,142
24589,0,231,142
24590,0,233,142
24591,0,234,142
24592,0,236,142
24593,0,237,142
24594,0,238,142
24595,0,239,142
24596,0,240,142
24597,0,241,142
24598,0,242,142
24599,0,243,142
24600,0,244,142
24601,0,245,142
24602,0,246,142
24603,0,247,142
24604,0,248,142
24605,0,249,142
24606,0,250,142
24607,0,251,142
24608,0,252,142
24609,0,253,142
24610,0,254,142
24611,0,255,142
24612,0,256,142
24613,0,257,142
24614,0,258,142
24615,0,259,142
24616,0,260,142
24617,0,261,142
24618,0,262,142
24619,0,263,142
24620,0,264,142
24621,0,265,142
24622,0,266,142
24623,0,267,142
24624,0,268,142
24625,0,269,142
24626,0,270,142
24627,0,271,142
24628,0,272,142
24629,0,273,142
24630,0,274,142
24631,0,275,142
24632,0,276,142
24633,0,277,142
24634,0,278,142
24635,0,279,142
24636,0,280,142
24637,0,281,142
24638,0,282,142
24639,0,283,142
24640,0,284,142
24641,0,285,142
24642,0,286,142
24643,0,287,142
24644,0,288,142
24645,0,289,142
24646,0,418,142
24647,0,419,142
24648,0,420,142
24649,0,421,142
24650,0,422,142
24651,0,423,142
24652,0,424,142
24653,0,425,142
24654,0,426,142
24655,0,427,142
24656,0,428,142
24657,0,429,142
24658,0,430,142
24659,0,431,142
24660,0,432,142
24661,0,433,142
24662,0,434,142
24663,0,435,142
24664,0,436,142
24665,0,437,142
24666,0,438,142
24667,0,439,142
24668,0,440,142
24669,0,441,142
24670,0,442,142
24671,0,443,142
24672,0,444,142
24673,0,445,142
24674,0,446,142
24675,0,447,142
24676,0,448,142
24677,0,449,142
24678,0,450,142
24679,0,451,142
24680,0,452,142
24681,0,453,142
24682,0,454,142
24683,0,455,142
24684,0,456,142
24685,0,457,142
24686,0,458,142
24687,0,459,142
24688,0,460,142
24689,0,461,142
24690,0,462,142
24691,0,463,142
24692,0,464,142
24693,0,465,142
24694,0,466,142
24695,0,467,142
24696,0,468,142
24697,0,469,142
24698,0,470,142
24699,0,471,142
24700,0,472,142
24701,0,473,142
24702,0,474,142
24703,0,475,142
24704,0,476,142
24705,0,477,142
24706,0,478,142
24707,0,479,142
24708,0,480,142
24709,0,481,142
24710,0,0,143
24711,0,1,143
24712,0,2,143
24713,0,3,143
24714,0,9,143
24715,0,10,143
24716,0,11,143
24717,0,12,143
24718,0,26,143
24719,0,27,143
24720,0,28,143
24721,0,29,143
24722,0,30,143
24723,0,31,143
24724,0,32,143
24725,0,33,143
24726,0,34,143
24727,0,35,143
24728,0,36,143
24729,0,37,143
24730,0,38,143
24731,0,39,143
24732,0,40,143
24733,0,41,143
24734,0,42,143
24735,0,43,143
24736,0,44,143
24737,0,45,143
24738,0,46,143
24739,0,47,143
24740,0,48,143
24741,0,49,143
24742,0,50,143
24743,0,51,143
24744,0,52,143
24745,0,53,143
24746,0,54,143
24747,0,55,143
24748,0,56,143
24749,0,57,143
24750,0,58,143
24751,0,59,143
24752,0,60,143
24753,0,61,143
24754,0,62,143
24755,0,63,143
24756,0,64,143
24757,0,65,143
24758,0,66,143
24759,0,67,143
24760,0,68,143
24761,0,69,143
24762,0,70,143
24763,0,71,143
24764,0,72,143
24765,0,73,143
24766,0,74,143
24767,0,75,143
24768,0,76,143
24769,0,77,143
24770,0,78,143
24771,0,79,143
24772,0,80,143
24773,0,81,143
24774,0,82,143
24775,0,83,143
24776,0,84,143
24777,0,85,143
24778,0,86,143
24779,0,87,143
24780,0,88,143
24781,0,89,143
24782,0,90,143
24783,0,91,143
24784,0,92,143
24785,0,93,143
24786,0,94,143
24787,0,95,143
24788,0,96,143
24789,0,97,143
24790,0,98,143
24791,0,99,143
24792,0,100,143
24793,0,101,143
24794,0,102,143
24795,0,103,143
24796,0,104,143
24797,0,105,143
24798,0,106,143
24799,0,107,143
24800,0,108,143
24801,0,109,143
24802,0,110,143
24803,0,111,143
24804,0,112,143
24805,0,113,143
24806,0,114,143
24807,0,115,143
24808,0,116,143
24809,0,117,143
24810,0,118,143
24811,0,119,143
24812,0,120,143
24813,0,121,143
24814,0,122,143
24815,0,123,143
24816,0,124,143
24817,0,125,143
24818,0,126,143
24819,0,127,143
24820,0,128,143
24821,0,129,143
24822,0,130,143
24823,0,131,143
24824,0,132,143
24825,0,133,143
24826,0,134,143
24827,0,135,143
24828,0,136,143
24829,0,137,143
24830,0,138,143
24831,0,139,143
24832,0,140,143
24833,0,141,143
24834,0,142,143
24835,0,143,143
24836,0,144,143
24837,0,145,143
24838,0,146,143
24839,0,147,143
24840,0,148,143
24841,0,149,143
24842,0,150,143
24843,0,151,143
24844,0,152,143
24845,0,153,143
24846,0,154,143
24847,0,155,143
24848,0,156,143
24849,0,157,143
24850,0,158,143
24851,0,159,143
24852,0,160,143
24853,0,161,143
24854,0,162,143
24855,0,163,143
24856,0,164,143
24857,0,165,143
24858,0,166,143
24859,0,167,143
24860,0,168,143
24861,0,169,143
24862,0,170,143
24863,0,171,143
24864,0,172,143
24865,0,173,143
24866,0,174,143
24867,0,175,143
24868,0,176,143
24869,0,177,143
24870,0,178,143
24871,0,179,143
24872,0,180,143
24873,0,181,143
24874,0,182,143
24875,0,183,143
24876,0,184,143
24877,0,185,143
24878,0,186,143
24879,0,187,143
24880,0,188,143
24881,0,189,143
24882,0,190,143
24883,0,191,143
24884,0,192,143
24885,0,193,143
24886,0,194,143
24887,0,195,143
24888,0,196,143
24889,0,197,143
24890,0,198,143
24891,0,199,143
24892,0,200,143
24893,0,201,143
24894,0,202,143
24895,0,203,143
24896,0,204,143
24897,0,205,143
24898,0,206,143
24899,0,207,143
24900,0,208,143
24901,0,209,143
24902,0,210,143
24903,0,211,143
24904,0,212,143
24905,0,213,143
24906,0,214,143
24907,0,215,143
24908,0,216,143
24909,0,217,143
24910,0,218,143
24911,0,219,143
24912,0,220,143
24913,0,221,143
24914,0,222,143
24915,0,223,143
24916,0,224,143
24917,0,225,143
24918,0,226,143
24919,0,227,143
24920,0,228,143
24921,0,229,143
24922,0,230,143
24923,0,231,143
24924,0,232,143
24925,0,235,143
24926,0,236,143
24927,0,237,143
24928,0,238,143
24929,0,239,143
24930,0,240,143
24931,0,241,143
24932,0,242,143
24933,0,243,143
24934,0,244,143
24935,0,245,143
24936,0,246,143
24937,0,247,143
24938,0,248,143
24939,0,249,143
24940,0,250,143
24941,0,251,143
24942,0,252,143
24943,0,253,143
24944,0,254,143
24945,0,255,143
24946,0,256,143
24947,0,257,143
24948,0,258,143
24949,0,259,143
24950,0,260,143
24951,0,261,143
24952,0,262,143
24953,0,263,143
24954,0,264,143
24955,0,265,143
24956,0,266,143
24957,0,267,143
24958,0,268,143
24959,0,269,143
24960,0,270,143
24961,0,271,143
24962,0,272,143
24963,0,273,143
24964,0,274,143
24965,0,275,143
24966,0,276,143
24967,0,277,143
24968,0,278,143
24969,0,279,143
24970,0,280,143
24971,0,281,143
24972,0,282,143
24973,0,283,143
24974,0,284,143
24975,0,285,143
24976,0,286,143
24977,0,287,143
24978,0,288,143
24979,0,289,143
24980,0,418,143
24981,0,419,143
24982,0,420,143
24983,0,421,143
24984,0,422,143
24985,0,423,143
24986,0,424,143
24987,0,425,143
24988,0,426,143
24989,0,427,143
24990,0,428,143
24991,0,429,143
24992,0,430,143
24993,0,431,143
24994,0,432,143
24995,0,433,143
24996,0,434,143
24997,0,435,143
24998,0,436,143
24999,0,437,143
25000,0,438,143
25001,0,439,143
25002,0,440,143
25003,0,441,143
25004,0,442,143
25005,0,443,143
25006,0,444,143
25007,0,445,143
25008,0,446,143
25009,0,447,143
25010,0,448,143
25011,0,449,143
25012,0,450,143
25013,0,451,143
25014,0,452,143
25015,0,453,143
25016,0,454,143
25017,0,455,143
25018,0,456,143
25019,0,457,143
25020,0,458,143
25021,0,459,143
25022,0,460,143
25023,0,461,143
25024,0,462,143
25025,0,463,143
25026,0,464,143
25027,0,465,143
25028,0,466,143
25029,0,467,143
25030,0,468,143
25031,0,469,143
25032,0,470,143
25033,0,471,143
25034,0,472,143
25035,0,473,143
25036,0,474,143
25037,0,475,143
25038,0,476,143
25039,0,477,143
25040,0,478,143
25041,0,479,143
25042,0,480,143
25043,0,481,143
25044,0,0,144
25045,0,1,144
25046,0,2,144
25047,0,3,144
25048,0,4,144
25049,0,5,144
25050,0,6,144
25051,0,7,144
25052,0,8,144
25053,0,9,144
25054,0,10,144
25055,0,11,144
25056,0,12,144
25057,0,26,144
25058,0,27,144
25059,0,28,144
25060,0,29,144
25061,0,30,144
25062,0,31,144
25063,0,32,144
25064,0,33,144
25065,0,34,144
25066,0,35,144
25067,0,36,144
25068,0,37,144
25069,0,38,144
25070,0,39,144
25071,0,40,144
25072,0,41,144
25073,0,42,144
25074,0,43,144
25075,0,44,144
25076,0,45,144
25077,0,46,144
25078,0,47,144
25079,0,48,144
25080,0,49,144
25081,0,50,144
25082,0,51,144
25083,0,52,144
25084,0,53,144
25085,0,54,144
25086,0,55,144
25087,0,56,144
25088,0,57,144
25089,0,58,144
25090,0,59,144
25091,0,60,144
25092,0,61,144
25093,0,62,144
25094,0,63,144
25095,0,64,144
25096,0,65,144
25097,0,66,144
25098,0,67,144
25099,0,68,144
25100,0,69,144
25101,0,70,144
25102,0,71,144
25103,0,72,144
25104,0,73,144
25105,0,74,144
25106,0,75,144
25107,0,76,144
25108,0,77,144
25109,0,78,144
25110,0,79,144
25111,0,80,144
25112,0,81,144
25113,0,82,144
25114,0,83,144
25115,0,84,144
25116,0,85,144
25117,0,86,144
25118,0,87,144
25119,0,88,144
25120,0,89,144
25121,0,90,144
25122,0,91,144
25123,0,92,144
25124,0,93,144
25125,0,94,144
25126,0,95,144
25127,0,96,144
25128,0,97,144
25129,0,98,144
25130,0,99,144
25131,0,100,144
25132,0,101,144
25133,0,102,144
25134,0,103,144
25135,0,104,144
25136,0,105,144
25137,0,106,144
25138,0,107,144
25139,0,108,144
25140,0,109,144
25141,0,110,144
25142,0,111,144
25143,0,112,144
25144,0,113,144
25145,0,114,144
25146,0,115,144
25147,0,116,144
25148,0,117,144
25149,0,118,144
25150,0,119,144
25151,0,120,144
25152,0,121,144
25153,0,122,144
25154,0,123,144
25155,0,124,144
25156,0,125,144
25157,0,126,144
25158,0,127,144
25159,0,128,144
25160,0,129,144
25161,0,130,144
25162,0,131,144
25163,0,132,144
25164,0,133,144
25165,0,134,144
25166,0,135,144
25167,0,136,144
25168,0,137,144
25169,0,138,144
25170,0,139,144
25171,0,140,144
25172,0,141,144
25173,0,142,144
25174,0,143,144
25175,0,144,144
25176,0,145,144
25177,0,146,144
25178,0,147,144
25179,0,148,144
25180,0,149,144
25181,0,150,144
25182,0,151,144
25183,0,152,144
25184,0,153,144
25185,0,154,144
25186,0,155,144
25187,0,156,144
25188,0,157,144
25189,0,158,144
25190,0,159,144
25191,0,160,144
25192,0,161,144
25193,0,162,144
25194,0,163,144
25195,0,164,144
25196,0,165,144
25197,0,166,144
25198,0,167,144
25199,0,168,144
25200,0,169,144
25201,0,170,144
25202,0,171,144
25203,0,172,144
25204,0,173,144
25205,0,174,144
25206,0,175,144
25207,0,176,144
25208,0,177,144
25209,0,178,144
25210,0,179,144
25211,0,180,144
25212,0,181,144
25213,0,182,144
25214,0,183,144
25215,0,184,144
25216,0,185,144
25217,0,186,144
25218,0,187,144
25219,0,188,144
25220,0,189,144
25221,0,190,144
25222,0,191,144
25223,0,192,144
25224,0,193,144
25225,0,194,144
25226,0,195,144
25227,0,196,144
25228,0,197,144
25229,0,198,144
25230,0,199,144
25231,0,200,144
25232,0,201,144
25233,0,202,144
25234,0,203,144
25235,0,204,144
25236,0,205,144
25237,0,206,144
25238,0,207,144
25239,0,208,144
25240,0,209,144
25241,0,210,144
25242,0,211,144
25243,0,212,144
25244,0,213,144
25245,0,214,144
25246,0,215,144
25247,0,216,144
25248,0,217,144
25249,0,218,144
25250,0,219,144
25251,0,220,144
25252,0,221,144
25253,0,222,144
25254,0,223,144
25255,0,224,144
25256,0,225,144
25257,0,226,144
25258,0,227,144
25259,0,228,144
25260,0,229,144
25261,0,230,144
25262,0,231,144
25263,0,232,144
25264,0,235,144
25265,0,236,144
25266,0,237,144
25267,0,238,144
25268,0,239,144
25269,0,240,144
25270,0,241,144
25271,0,242,144
25272,0,243,144
25273,0,244,144
25274,0,245,144
25275,0,246,144
25276,0,247,144
25277,0,248,144
25278,0,249,144
25279,0,250,144
25280,0,251,144
25281,0,252,144
25282,0,253,144
25283,0,254,144
25284,0,255,144
25285,0,256,144
25286,0,257,144
25287,0,258,144
25288,0,259,144
25289,0,265,144
25290,0,266,144
25291,0,267,144
25292,0,268,144
25293,0,269,144
25294,0,270,144
25295,0,271,144
25296,0,272,144
25297,0,273,144
25298,0,274,144
25299,0,275,144
25300,0,276,144
25301,0,277,144
25302,0,278,144
25303,0,279,144
25304,0,280,144
25305,0,281,144
25306,0,282,144
25307,0,283,144
25308,0,284,144
25309,0,285,144
25310,0,286,144
25311,0,287,144
25312,0,288,144
25313,0,289,144
25314,0,417,144
25315,0,418,144
25316,0,419,144
25317,0,420,144
25318,0,421,144
25319,0,422,144
25320,0,423,144
25321,0,424,144
25322,0,425,144
25323,0,426,144
25324,0,427,144
25325,0,428,144
25326,0,429,144
25327,0,430,144
25328,0,431,144
25329,0,432,144
25330,0,433,144
25331,0,434,144
25332,0,435,144
25333,0,436,144
25334,0,437,144
25335,0,438,144
25336,0,439,144
25337,0,440,144
25338,0,441,144
25339,0,442,144
25340,0,443,144
25341,0,444,144
25342,0,445,144
25343,0,446,144
25344,0,447,144
25345,0,448,144
25346,0,449,144
25347,0,450,144
25348,0,451,144
25349,0,452,144
25350,0,453,144
25351,0,454,144
25352,0,455,144
25353,0,456,144
25354,0,457,144
25355,0,458,144
25356,0,459,144
25357,0,460,144
25358,0,461,144
25359,0,462,144
25360,0,463,144
25361,0,464,144
25362,0,465,144
25363,0,466,144
25364,0,467,144
25365,0,468,144
25366,0,469,144
25367,0,470,144
25368,0,471,144
25369,0,472,144
25370,0,473,144
25371,0,474,144
25372,0,475,144
25373,0,476,144
25374,0,477,144
25375,0,478,144
25376,0,479,144
25377,0,480,144
25378,0,481,144
25379,0,11,145
25380,0,12,145
25381,0,26,145
25382,0,27,145
25383,0,28,145
25384,0,29,145
25385,0,30,145
25386,0,31,145
25387,0,32,145
25388,0,33,145
25389,0,34,145
25390,0,35,145
25391,0,36,145
25392,0,37,145
25393,0,38,145
25394,0,39,145
25395,0,40,145
25396,0,41,145
25397,0,42,145
25398,0,43,145
25399,0,44,145
25400,0,45,145
25401,0,46,145
25402,0,47,145
25403,0,48,145
25404,0,49,145
25405,0,50,145
25406,0,51,145
25407,0,52,145
25408,0,53,145
25409,0,54,145
25410,0,55,145
25411,0,56,145
25412,0,57,145
25413,0,58,145
25414,0,59,145
25415,0,60,145
25416,0,61,145
25417,0,62,145
25418,0,63,145
25419,0,64,145
25420,0,65,145
25421,0,66,145
25422,0,67,145
25423,0,68,145
25424,0,69,145
25425,0,70,145
25426,0,71,145
25427,0,72,145
25428,0,73,145
25429,0,74,145
25430,0,75,145
25431,0,76,145
25432,0,77,145
25433,0,78,145
25434,0,79,145
25435,0,80,145
25436,0,81,145
25437,0,82,145
25438,0,83,145
25439,0,84,145
25440,0,85,145
25441,0,86,145
25442,0,87,145
25443,0,88,145
25444,0,89,145
25445,0,90,145
25446,0,91,145
25447,0,92,145
25448,0,93,145
25449,0,94,145
25450,0,95,145
25451,0,96,145
25452,0,97,145
25453,0,98,145
25454,0,99,145
25455,0,100,145
25456,0,101,145
25457,0,102,145
25458,0,103,145
25459,0,104,145
25460,0,105,145
25461,0,106,145
25462,0,107,145
25463,0,108,145
25464,0,109,145
25465,0,110,145
25466,0,111,145
25467,0,112,145
25468,0,113,145
25469,0,114,145
25470,0,115,145
25471,0,116,145
25472,0,117,145
25473,0,118,145
25474,0,119,145
25475,0,120,145
25476,0,121,145
25477,0,122,145
25478,0,123,145
25479,0,124,145
25480,0,125,145
25481,0,126,145
25482,0,127,145
25483,0,128,145
25484,0,129,145
25485,0,130,145
25486,0,131,145
25487,0,132,145
25488,0,133,145
25489,0,134,145
25490,0,135,145
25491,0,136,145
25492,0,137,145
25493,0,138,145
25494,0,139,145
25495,0,140,145
25496,0,141,145
25497,0,142,145
25498,0,143,145
25499,0,144,145
25500,0,145,145
25501,0,146,145
25502,0,147,145
25503,0,148,145
25504,0,149,145
25505,0,150,145
25506,0,151,145
25507,0,152,145
25508,0,153,145
25509,0,154,145
25510,0,155,145
25511,0,156,145
25512,0,157,145
25513,0,158,145
25514,0,159,145
25515,0,160,145
25516,0,161,145
25517,0,162,145
25518,0,163,145
25519,0,164,145
25520,0,165,145
25521,0,166,145
25522,0,167,145
25523,0,168,145
25524,0,169,145
25525,0,170,145
25526,0,171,145
25527,0,172,145
25528,0,173,145
25529,0,174,145
25530,0,175,145
25531,0,176,145
25532,0,177,145
25533,0,178,145
25534,0,179,145
25535,0,180,145
25536,0,181,145
25537,0,182,145
25538,0,183,145
25539,0,184,145
25540,0,185,145
25541,0,186,145
25542,0,187,145
25543,0,188,145
25544,0,189,145
25545,0,190,145
25546,0,191,145
25547,0,192,145
25548,0,193,145
25549,0,194,145
25550,0,195,145
25551,0,196,145
25552,0,197,145
25553,0,198,145
25554,0,199,145
25555,0,200,145
25556,0,201,145
25557,0,227,145
25558,0,228,145
25559,0,229,145
25560,0,230,145
25561,0,231,145
25562,0,232,145
25563,0,233,145
25564,0,234,145
25565,0,235,145
25566,0,236,145
25567,0,237,145
25568,0,238,145
25569,0,239,145
25570,0,240,145
25571,0,242,145
25572,0,243,145
25573,0,244,145
25574,0,245,145
25575,0,246,145
25576,0,247,145
25577,0,248,145
25578,0,249,145
25579,0,250,145
25580,0,251,145
25581,0,252,145
25582,0,253,145
25583,0,254,145
25584,0,255,145
25585,0,256,145
25586,0,257,145
25587,0,258,145
25588,0,275,145
25589,0,276,145
25590,0,277,145
25591,0,278,145
25592,0,279,145
25593,0,280,145
25594,0,281,145
25595,0,282,145
25596,0,283,145
25597,0,284,145
25598,0,285,145
25599,0,286,145
25600,0,287,145
25601,0,288,145
25602,0,435,145
25603,0,436,145
25604,0,437,145
25605,0,438,145
25606,0,439,145
25607,0,440,145
25608,0,441,145
25609,0,442,145
25610,0,443,145
25611,0,444,145
25612,0,445,145
25613,0,446,145
25614,0,447,145
25615,0,448,145
25616,0,464,145
25617,0,465,145
25618,0,466,145
25619,0,467,145
25620,0,468,145
25621,0,469,145
25622,0,470,145
25623,0,471,145
25624,0,472,145
25625,0,473,145
25626,0,474,145
25627,0,475,145
25628,0,476,145
25629,0,477,145
25630,0,478,145
25631,0,479,145
25632,0,480,145
25633,0,481,145
25634,0,12,146
25635,0,27,146
25636,0,28,146
25637,0,29,146
25638,0,32,146
25639,0,33,146
25640,0,34,146
25641,0,35,146
25642,0,44,146
25643,0,45,146
25644,0,46,146
25645,0,47,146
25646,0,48,146
25647,0,49,146
25648,0,50,146
25649,0,51,146
25650,0,52,146
25651,0,53,146
25652,0,54,146
25653,0,55,146
25654,0,56,146
25655,0,57,146
25656,0,58,146
25657,0,59,146
25658,0,60,146
25659,0,61,146
25660,0,62,146
25661,0,63,146
25662,0,64,146
25663,0,65,146
25664,0,66,146
25665,0,67,146
25666,0,68,146
25667,0,69,146
25668,0,70,146
25669,0,71,146
25670,0,72,146
25671,0,73,146
25672,0,74,146
25673,0,75,146
25674,0,76,146
25675,0,77,146
25676,0,78,146
25677,0,79,146
25678,0,80,146
25679,0,81,146
25680,0,82,146
25681,0,83,146
25682,0,84,146
25683,0,85,146
25684,0,86,146
25685,0,87,146
25686,0,88,146
25687,0,89,146
25688,0,90,146
25689,0,91,146
25690,0,92,146
25691,0,93,146
25692,0,94,146
25693,0,95,146
25694,0,96,146
25695,0,97,146
25696,0,98,146
25697,0,99,146
25698,0,100,146
25699,0,101,146
25700,0,102,146
25701,0,103,146
25702,0,104,146
25703,0,105,146
25704,0,106,146
25705,0,107,146
25706,0,108,146
25707,0,109,146
25708,0,110,146
25709,0,111,146
25710,0,112,146
25711,0,113,146
25712,0,114,146
25713,0,115,146
25714,0,116,146
25715,0,117,146
25716,0,118,146
25717,0,119,146
25718,0,120,146
25719,0,121,146
25720,0,122,146
25721,0,123,146
25722,0,124,146
25723,0,125,146
25724,0,126,146
25725,0,127,146
25726,0,128,146
25727,0,129,146
25728,0,130,146
25729,0,131,146
25730,0,132,146
25731,0,133,146
25732,0,134,146
25733,0,135,146
25734,0,136,146
25735,0,137,146
25736,0,138,146
25737,0,139,146
25738,0,140,146
25739,0,141,146
25740,0,142,146
25741,0,143,146
25742,0,144,146
25743,0,145,146
25744,0,146,146
25745,0,147,146
25746,0,148,146
25747,0,149,146
25748,0,150,146
25749,0,151,146
25750,0,152,146
25751,0,153,146
25752,0,154,146
25753,0,155,146
25754,0,156,146
25755,0,157,146
25756,0,158,146
25757,0,159,146
25758,0,160,146
25759,0,161,146
25760,0,162,146
25761,0,163,146
25762,0,164,146
25763,0,165,146
25764,0,166,146
25765,0,167,146
25766,0,168,146
25767,0,169,146
25768,0,170,146
25769,0,171,146
25770,0,172,146
25771,0,173,146
25772,0,174,146
25773,0,175,146
25774,0,176,146
25775,0,177,146
25776,0,178,146
25777,0,179,146
25778,0,180,146
25779,0,181,146
25780,0,182,146
25781,0,183,146
25782,0,184,146
25783,0,185,146
25784,0,186,146
25785,0,187,146
25786,0,188,146
25787,0,189,146
25788,0,190,146
25789,0,191,146
25790,0,192,146
25791,0,193,146
25792,0,194,146
25793,0,195,146
25794,0,196,146
25795,0,197,146
25796,0,198,146
25797,0,199,146
25798,0,200,146
25799,0,201,146
25800,0,241,146
25801,0,242,146
25802,0,243,146
25803,0,244,146
25804,0,245,146
25805,0,246,146
25806,0,247,146
25807,0,248,146
25808,0,249,146
25809,0,250,146
25810,0,251,146
25811,0,252,146
25812,0,253,146
25813,0,254,146
25814,0,255,146
25815,0,256,146
25816,0,257,146
25817,0,258,146
25818,0,259,146
25819,0,464,146
25820,0,465,146
25821,0,466,146
25822,0,467,146
25823,0,468,146
25824,0,469,146
25825,0,470,146
25826,0,471,146
25827,0,472,146
25828,0,473,146
25829,0,474,146
25830,0,475,146
25831,0,476,146
25832,0,477,146
25833,0,478,146
25834,0,479,146
25835,0,480,146
25836,0,481,146
25837,0,12,147
25838,0,32,147
25839,0,33,147
25840,0,34,147
25841,0,42,147
25842,0,43,147
25843,0,44,147
25844,0,45,147
25845,0,46,147
25846,0,47,147
25847,0,48,147
25848,0,49,147
25849,0,50,147
25850,0,51,147
25851,0,52,147
25852,0,53,147
25853,0,54,147
25854,0,55,147
25855,0,56,147
25856,0,57,147
25857,0,58,147
25858,0,59,147
25859,0,60,147
25860,0,61,147
25861,0,62,147
25862,0,63,147
25863,0,64,147
25864,0,65,147
25865,0,66,147
25866,0,67,147
25867,0,68,147
25868,0,69,147
25869,0,70,147
25870,0,71,147
25871,0,72,147
25872,0,73,147
25873,0,74,147
25874,0,75,147
25875,0,76,147
25876,0,77,147
25877,0,78,147
25878,0,79,147
25879,0,80,147
25880,0,81,147
25881,0,82,147
25882,0,83,147
25883,0,84,147
25884,0,85,147
25885,0,86,147
25886,0,87,147
25887,0,88,147
25888,0,89,147
25889,0,90,147
25890,0,91,147
25891,0,92,147
25892,0,93,147
25893,0,94,147
25894,0,95,147
25895,0,96,147
25896,0,97,147
25897,0,98,147
25898,0,99,147
25899,0,100,147
25900,0,101,147
25901,0,102,147
25902,0,103,147
25903,0,104,147
25904,0,105,147
25905,0,106,147
25906,0,107,147
25907,0,108,147
25908,0,109,147
25909,0,110,147
25910,0,111,147
25911,0,112,147
25912,0,113,147
25913,0,114,147
25914,0,115,147
25915,0,116,147
25916,0,117,147
25917,0,118,147
25918,0,119,147
25919,0,120,147
25920,0,121,147
25921,0,122,147
25922,0,123,147
25923,0,124,147
25924,0,125,147
25925,0,126,147
25926,0,127,147
25927,0,128,147
25928,0,129,147
25929,0,130,147
25930,0,131,147
25931,0,132,147
25932,0,133,147
25933,0,134,147
25934,0,135,147
25935,0,136,147
25936,0,137,147
25937,0,138,147
25938,0,139,147
25939,0,140,147
25940,0,141,147
25941,0,142,147
25942,0,143,147
25943,0,144,147
25944,0,145,147
25945,0,146,147
25946,0,147,147
25947,0,148,147
25948,0,149,147
25949,0,150,147
25950,0,151,147
25951,0,152,147
25952,0,153,147
25953,0,154,147
25954,0,155,147
25955,0,156,147
25956,0,157,147
25957,0,158,147
25958,0,159,147
25959,0,160,147
25960,0,161,147
25961,0,162,147
25962,0,163,147
25963,0,164,147
25964,0,165,147
25965,0,166,147
25966,0,167,147
25967,0,168,147
25968,0,169,147
25969,0,170,147
25970,0,171,147
25971,0,172,147
25972,0,173,147
25973,0,174,147
25974,0,175,147
25975,0,176,147
25976,0,177,147
25977,0,178,147
25978,0,179,147
25979,0,180,147
25980,0,181,147
25981,0,182,147
25982,0,183,147
25983,0,184,147
25984,0,185,147
25985,0,186,147
25986,0,187,147
25987,0,188,147
25988,0,189,147
25989,0,190,147
25990,0,191,147
25991,0,192,147
25992,0,193,147
25993,0,194,147
25994,0,195,147
25995,0,196,147
25996,0,197,147
25997,0,198,147
25998,0,199,147
25999,0,200,147
26000,0,241,147
26001,0,242,147
26002,0,243,147
26003,0,244,147
26004,0,245,147
26005,0,246,147
26006,0,247,147
26007,0,248,147
26008,0,249,147
26009,0,250,147
26010,0,251,147
26011,0,252,147
26012,0,253,147
26013,0,254,147
26014,0,255,147
26015,0,256,147
26016,0,257,147
26017,0,258,147
26018,0,465,147
26019,0,466,147
26020,0,467,147
26021,0,468,147
26022,0,469,147
26023,0,470,147
26024,0,471,147
26025,0,472,147
26026,0,473,147
26027,0,474,147
26028,0,475,147
26029,0,476,147
26030,0,477,147
26031,0,478,147
26032,0,479,147
26033,0,480,147
26034,0,13,148
26035,0,33,148
26036,0,34,148
26037,0,41,148
26038,0,42,148
26039,0,43,148
26040,0,44,148
26041,0,45,148
26042,0,46,148
26043,0,47,148
26044,0,48,148
26045,0,49,148
26046,0,50,148
26047,0,51,148
26048,0,52,148
26049,0,54,148
26050,0,55,148
26051,0,56,148
26052,0,57,148
26053,0,58,148
26054,0,59,148
26055,0,60,148
26056,0,61,148
26057,0,62,148
26058,0,63,148
26059,0,64,148
26060,0,65,148
26061,0,66,148
26062,0,67,148
26063,0,68,148
26064,0,69,148
26065,0,70,148
26066,0,71,148
26067,0,72,148
26068,0,73,148
26069,0,74,148
26070,0,75,148
26071,0,76,148
26072,0,77,148
26073,0,78,148
26074,0,79,148
26075,0,80,148
26076,0,81,148
26077,0,82,148
26078,0,83,148
26079,0,84,148
26080,0,85,148
26081,0,86,148
26082,0,87,148
26083,0,88,148
26084,0,89,148
26085,0,90,148
26086,0,91,148
26087,0,92,148
26088,0,93,148
26089,0,94,148
26090,0,95,148
26091,0,96,148
26092,0,97,148
26093,0,98,148
26094,0,99,148
26095,0,100,148
26096,0,101,148
26097,0,102,148
26098,0,103,148
26099,0,104,148
26100,0,105,148
26101,0,106,148
26102,0,107,148
26103,0,108,148
26104,0,109,148
26105,0,110,148
26106,0,111,148
26107,0,112,148
26108,0,113,148
26109,0,114,148
26110,0,115,148
26111,0,116,148
26112,0,117,148
26113,0,118,148
26114,0,119,148
26115,0,120,148
26116,0,121,148
26117,0,122,148
26118,0,123,148
26119,0,124,148
26120,0,125,148
26121,0,126,148
26122,0,127,148
26123,0,128,148
26124,0,129,148
26125,0,130,148
26126,0,131,148
26127,0,132,148
26128,0,133,148
26129,0,134,148
26130,0,135,148
26131,0,136,148
26132,0,137,148
26133,0,138,148
26134,0,139,148
26135,0,140,148
26136,0,141,148
26137,0,142,148
26138,0,143,148
26139,0,144,148
26140,0,145,148
26141,0,146,148
26142,0,147,148
26143,0,148,148
26144,0,149,148
26145,0,150,148
26146,0,151,148
26147,0,152,148
26148,0,153,148
26149,0,154,148
26150,0,155,148
26151,0,156,148
26152,0,157,148
26153,0,158,148
26154,0,159,148
26155,0,160,148
26156,0,161,148
26157,0,162,148
26158,0,163,148
26159,0,164,148
26160,0,165,148
26161,0,166,148
26162,0,167,148
26163,0,168,148
26164,0,169,148
26165,0,170,148
26166,0,171,148
26167,0,172,148
26168,0,173,148
26169,0,174,148
26170,0,175,148
26171,0,176,148
26172,0,177,148
26173,0,178,148
26174,0,179,148
26175,0,180,148
26176,0,181,148
26177,0,182,148
26178,0,183,148
26179,0,184,148
26180,0,185,148
26181,0,186,148
26182,0,187,148
26183,0,188,148
26184,0,189,148
26185,0,190,148
26186,0,191,148
26187,0,192,148
26188,0,193,148
26189,0,194,148
26190,0,195,148
26191,0,196,148
26192,0,197,148
26193,0,198,148
26194,0,199,148
26195,0,200,148
26196,0,241,148
26197,0,242,148
26198,0,243,148
26199,0,244,148
26200,0,245,148
26201,0,246,148
26202,0,247,148
26203,0,248,148
26204,0,249,148
26205,0,250,148
26206,0,251,148
26207,0,252,148
26208,0,253,148
26209,0,254,148
26210,0,255,148
26211,0,256,148
26212,0,257,148
26213,0,258,148
26214,0,465,148
26215,0,466,148
26216,0,467,148
26217,0,468,148
26218,0,469,148
26219,0,470,148
26220,0,471,148
26221,0,472,148
26222,0,473,148
26223,0,474,148
26224,0,475,148
26225,0,476,148
26226,0,477,148
26227,0,478,148
26228,0,479,148
26229,0,480,148
26230,0,481,148
26231,0,13,149
26232,0,19,149
26233,0,20,149
26234,0,21,149
26235,0,33,149
26236,0,34,149
26237,0,40,149
26238,0,41,149
26239,0,42,149
26240,0,43,149
26241,0,44,149
26242,0,45,149
26243,0,46,149
26244,0,47,149
26245,0,48,149
26246,0,49,149
26247,0,50,149
26248,0,51,149
26249,0,52,149
26250,0,53,149
26251,0,54,149
26252,0,55,149
26253,0,56,149
26254,0,57,149
26255,0,58,149
26256,0,59,149
26257,0,60,149
26258,0,61,149
26259,0,62,149
26260,0,63,149
26261,0,64,149
26262,0,65,149
26263,0,66,149
26264,0,67,149
26265,0,68,149
26266,0,69,149
26267,0,70,149
26268,0,71,149
26269,0,72,149
26270,0,73,149
26271,0,74,149
26272,0,75,149
26273,0,76,149
26274,0,77,149
26275,0,78,149
26276,0,79,149
26277,0,80,149
26278,0,81,149
26279,0,82,149
26280,0,83,149
26281,0,84,149
26282,0,85,149
26283,0,86,149
26284,0,87,149
26285,0,88,149
26286,0,89,149
26287,0,90,149
26288,0,91,149
26289,0,92,149
26290,0,93,149
26291,0,94,149
26292,0,95,149
26293,0,96,149
26294,0,97,149
26295,0,98,149
26296,0,99,149
26297,0,100,149
26298,0,101,149
26299,0,102,149
26300,0,103,149
26301,0,104,149
26302,0,105,149
26303,0,106,149
26304,0,107,149
26305,0,108,149
26306,0,109,149
26307,0,110,149
26308,0,111,149
26309,0,112,149
26310,0,113,149
26311,0,114,149
26312,0,115,149
26313,0,116,149
26314,0,117,149
26315,0,118,149
26316,0,119,149
26317,0,120,149
26318,0,121,149
26319,0,122,149
26320,0,123,149
26321,0,124,149
26322,0,125,149
26323,0,126,149
26324,0,127,149
26325,0,128,149
26326,0,129,149
26327,0,130,149
26328,0,131,149
26329,0,132,149
26330,0,133,149
26331,0,134,149
26332,0,135,149
26333,0,136,149
26334,0,137,149
26335,0,138,149
26336,0,139,149
26337,0,140,149
26338,0,141,149
26339,0,142,149
26340,0,143,149
26341,0,144,149
26342,0,145,149
26343,0,146,149
26344,0,147,149
26345,0,148,149
26346,0,149,149
26347,0,150,149
26348,0,151,149
26349,0,152,149
26350,0,153,149
26351,0,154,149
26352,0,155,149
26353,0,156,149
26354,0,157,149
26355,0,158,149
26356,0,159,149
26357,0,160,149
26358,0,161,149
26359,0,162,149
26360,0,163,149
26361,0,164,149
26362,0,165,149
26363,0,166,149
26364,0,167,149
26365,0,168,149
26366,0,169,149
26367,0,170,149
26368,0,171,149
26369,0,172,149
26370,0,173,149
26371,0,174,149
26372,0,175,149
26373,0,176,149
26374,0,177,149
26375,0,178,149
26376,0,179,149
26377,0,180,149
26378,0,181,149
26379,0,182,149
26380,0,183,149
26381,0,184,149
26382,0,185,149
26383,0,186,149
26384,0,187,149
26385,0,188,149
26386,0,189,149
26387,0,190,149
26388,0,191,149
26389,0,192,149
26390,0,193,149
26391,0,194,149
26392,0,195,149
26393,0,196,149
26394,0,197,149
26395,0,198,149
26396,0,199,149
26397,0,200,149
26398,0,241,149
26399,0,242,149
26400,0,243,149
26401,0,244,149
26402,0,245,149
26403,0,246,149
26404,0,247,149
26405,0,248,149
26406,0,249,149
26407,0,250,149
26408,0,251,149
26409,0,252,149
26410,0,253,149
26411,0,254,149
26412,0,255,149
26413,0,256,149
26414,0,257,149
26415,0,258,149
26416,0,464,149
26417,0,465,149
26418,0,466,149
26419,0,467,149
26420,0,468,149
26421,0,469,149
26422,0,470,149
26423,0,471,149
26424,0,472,149
26425,0,473,149
26426,0,474,149
26427,0,475,149
26428,0,476,149
26429,0,477,149
26430,0,478,149
26431,0,479,149
26432,0,480,149
26433,0,481,149
26434,0,13,150
26435,0,15,150
26436,0,21,150
26437,0,33,150
26438,0,34,150
26439,0,38,150
26440,0,39,150
26441,0,40,150
26442,0,41,150
26443,0,42,150
26444,0,43,150
26445,0,44,150
26446,0,45,150
26447,0,46,150
26448,0,47,150
26449,0,48,150
26450,0,49,150
26451,0,50,150
26452,0,51,150
26453,0,52,150
26454,0,53,150
26455,0,54,150
26456,0,55,150
26457,0,56,150
26458,0,57,150
26459,0,58,150
26460,0,59,150
26461,0,60,150
26462,0,61,150
26463,0,62,150
26464,0,63,150
26465,0,64,150
26466,0,65,150
26467,0,66,150
26468,0,67,150
26469,0,68,150
26470,0,69,150
26471,0,70,150
26472,0,71,150
26473,0,72,150
26474,0,73,150
26475,0,74,150
26476,0,75,150
26477,0,76,150
26478,0,77,150
26479,0,78,150
26480,0,79,150
26481,0,80,150
26482,0,81,150
26483,0,82,150
26484,0,83,150
26485,0,84,150
26486,0,85,150
26487,0,86,150
26488,0,87,150
26489,0,88,150
26490,0,89,150
26491,0,90,150
26492,0,91,150
26493,0,92,150
26494,0,93,150
26495,0,94,150
26496,0,95,150
26497,0,96,150
26498,0,97,150
26499,0,98,150
26500,0,99,150
26501,0,100,150
26502,0,101,150
26503,0,102,150
26504,0,103,150
26505,0,104,150
26506,0,105,150
26507,0,106,150
26508,0,107,150
26509,0,108,150
26510,0,109,150
26511,0,110,150
26512,0,111,150
26513,0,112,150
26514,0,113,150
26515,0,114,150
26516,0,115,150
26517,0,116,150
26518,0,117,150
26519,0,118,150
26520,0,119,150
26521,0,120,150
26522,0,121,150
26523,0,122,150
26524,0,123,150
26525,0,124,150
26526,0,125,150
26527,0,126,150
26528,0,127,150
26529,0,128,150
26530,0,129,150
26531,0,130,150
26532,0,131,150
26533,0,132,150
26534,0,133,150
26535,0,134,150
26536,0,135,150
26537,0,136,150
26538,0,137,150
26539,0,138,150
26540,0,139,150
26541,0,140,150
26542,0,141,150
26543,0,142,150
26544,0,143,150
26545,0,144,150
26546,0,145,150
26547,0,146,150
26548,0,147,150
26549,0,148,150
26550,0,149,150
26551,0,150,150
26552,0,151,150
26553,0,152,150
26554,0,153,150
26555,0,154,150
26556,0,155,150
26557,0,156,150
26558,0,157,150
26559,0,158,150
26560,0,159,150
26561,0,160,150
26562,0,161,150
26563,0,162,150
26564,0,163,150
26565,0,164,150
26566,0,165,150
26567,0,166,150
26568,0,167,150
26569,0,168,150
26570,0,169,150
26571,0,170,150
26572,0,171,150
26573,0,172,150
26574,0,173,150
26575,0,174,150
26576,0,175,150
26577,0,176,150
26578,0,177,150
26579,0,178,150
26580,0,179,150
26581,0,180,150
26582,0,181,150
26583,0,182,150
26584,0,183,150
26585,0,184,150
26586,0,185,150
26587,0,186,150
26588,0,187,150
26589,0,188,150
26590,0,189,150
26591,0,190,150
26592,0,191,150
26593,0,192,150
26594,0,193,150
26595,0,194,150
26596,0,195,150
26597,0,196,150
26598,0,197,150
26599,0,198,150
26600,0,199,150
26601,0,241,150
26602,0,242,150
26603,0,243,150
26604,0,244,150
26605,0,245,150
26606,0,246,150
26607,0,247,150
26608,0,248,150
26609,0,249,150
26610,0,250,150
26611,0,251,150
26612,0,252,150
26613,0,253,150
26614,0,254,150
26615,0,255,150
26616,0,256,150
26617,0,257,150
26618,0,258,150
26619,0,464,150
26620,0,465,150
26621,0,466,150
26622,0,467,150
26623,0,468,150
26624,0,469,150
26625,0,470,150
26626,0,471,150
26627,0,472,150
26628,0,473,150
26629,0,474,150
26630,0,475,150
26631,0,476,150
26632,0,477,150
26633,0,478,150
26634,0,479,150
26635,0,480,150
26636,0,481,150
26637,0,14,151
26638,0,19,151
26639,0,20,151
26640,0,21,151
26641,0,22,151
26642,0,23,151
26643,0,33,151
26644,0,34,151
26645,0,37,151
26646,0,38,151
26647,0,39,151
26648,0,40,151
26649,0,41,151
26650,0,42,151
26651,0,43,151
26652,0,44,151
26653,0,45,151
26654,0,46,151
26655,0,47,151
26656,0,48,151
26657,0,49,151
26658,0,50,151
26659,0,51,151
26660,0,52,151
26661,0,53,151
26662,0,54,151
26663,0,55,151
26664,0,56,151
26665,0,57,151
26666,0,58,151
26667,0,59,151
26668,0,60,151
26669,0,61,151
26670,0,62,151
26671,0,63,151
26672,0,64,151
26673,0,65,151
26674,0,66,151
26675,0,67,151
26676,0,68,151
26677,0,69,151
26678,0,70,151
26679,0,71,151
26680,0,72,151
26681,0,73,151
26682,0,74,151
26683,0,75,151
26684,0,76,151
26685,0,77,151
26686,0,78,151
26687,0,79,151
26688,0,80,151
26689,0,81,151
26690,0,82,151
26691,0,83,151
26692,0,84,151
26693,0,85,151
26694,0,86,151
26695,0,87,151
26696,0,88,151
26697,0,89,151
26698,0,90,151
26699,0,91,151
26700,0,92,151
26701,0,93,151
26702,0,94,151
26703,0,95,151
26704,0,96,151
26705,0,97,151
26706,0,98,151
26707,0,99,151
26708,0,100,151
26709,0,101,151
26710,0,102,151
26711,0,103,151
26712,0,104,151
26713,0,105,151
26714,0,106,151
26715,0,107,151
26716,0,108,151
26717,0,109,151
26718,0,110,151
26719,0,111,151
26720,0,112,151
26721,0,113,151
26722,0,114,151
26723,0,115,151
26724,0,116,151
26725,0,117,151
26726,0,118,151
26727,0,119,151
26728,0,120,151
26729,0,121,151
26730,0,122,151
26731,0,123,151
26732,0,124,151
26733,0,125,151
26734,0,126,151
26735,0,127,151
26736,0,128,151
26737,0,129,151
26738,0,130,151
26739,0,131,151
26740,0,132,151
26741,0,133,151
26742,0,134,151
26743,0,135,151
26744,0,136,151
26745,0,137,151
26746,0,138,151
26747,0,139,151
26748,0,140,151
26749,0,141,151
26750,0,142,151
26751,0,143,151
26752,0,144,151
26753,0,145,151
26754,0,146,151
26755,0,147,151
26756,0,148,151
26757,0,149,151
26758,0,150,151
26759,0,151,151
26760,0,152,151
26761,0,153,151
26762,0,154,151
26763,0,155,151
26764,0,156,151
26765,0,157,151
26766,0,158,151
26767,0,159,151
26768,0,160,151
26769,0,161,151
26770,0,162,151
26771,0,163,151
26772,0,164,151
26773,0,165,151
26774,0,166,151
26775,0,167,151
26776,0,168,151
26777,0,169,151
26778,0,170,151
26779,0,171,151
26780,0,172,151
26781,0,173,151
26782,0,174,151
26783,0,175,151
26784,0,176,151
26785,0,177,151
26786,0,178,151
26787,0,179,151
26788,0,180,151
26789,0,181,151
26790,0,182,151
26791,0,183,151
26792,0,184,151
26793,0,185,151
26794,0,186,151
26795,0,187,151
26796,0,188,151
26797,0,189,151
26798,0,190,151
26799,0,191,151
26800,0,192,151
26801,0,193,151
26802,0,194,151
26803,0,195,151
26804,0,196,151
26805,0,197,151
26806,0,198,151
26807,0,199,151
26808,0,241,151
26809,0,242,151
26810,0,243,151
26811,0,244,151
26812,0,245,151
26813,0,246,151
26814,0,247,151
26815,0,248,151
26816,0,249,151
26817,0,250,151
26818,0,251,151
26819,0,252,151
26820,0,253,151
26821,0,254,151
26822,0,255,151
26823,0,257,151
26824,0,258,151
26825,0,464,151
26826,0,465,151
26827,0,466,151
26828,0,467,151
26829,0,468,151
26830,0,469,151
26831,0,470,151
26832,0,471,151
26833,0,472,151
26834,0,473,151
26835,0,474,151
26836,0,475,151
26837,0,476,151
26838,0,477,151
26839,0,478,151
26840,0,479,151
26841,0,480,151
26842,0,481,151
26843,0,15,152
26844,0,18,152
26845,0,19,152
26846,0,20,152
26847,0,21,152
26848,0,22,152
26849,0,23,152
26850,0,24,152
26851,0,32,152
26852,0,33,152
26853,0,34,152
26854,0,35,152
26855,0,36,152
26856,0,37,152
26857,0,38,152
26858,0,39,152
26859,0,40,152
26860,0,41,152
26861,0,42,152
26862,0,43,152
26863,0,44,152
26864,0,45,152
26865,0,46,152
26866,0,47,152
26867,0,48,152
26868,0,49,152
26869,0,50,152
26870,0,51,152
26871,0,52,152
26872,0,53,152
26873,0,54,152
26874,0,55,152
26875,0,56,152
26876,0,57,152
26877,0,58,152
26878,0,59,152
26879,0,60,152
26880,0,61,152
26881,0,62,152
26882,0,63,152
26883,0,64,152
26884,0,65,152
26885,0,66,152
26886,0,67,152
26887,0,68,152
26888,0,69,152
26889,0,70,152
26890,0,71,152
26891,0,72,152
26892,0,73,152
26893,0,74,152
26894,0,75,152
26895,0,76,152
26896,0,77,152
26897,0,78,152
26898,0,79,152
26899,0,80,152
26900,0,81,152
26901,0,82,152
26902,0,83,152
26903,0,84,152
26904,0,85,152
26905,0,86,152
26906,0,87,152
26907,0,88,152
26908,0,89,152
26909,0,90,152
26910,0,91,152
26911,0,92,152
26912,0,93,152
26913,0,94,152
26914,0,95,152
26915,0,96,152
26916,0,97,152
26917,0,98,152
26918,0,99,152
26919,0,100,152
26920,0,101,152
26921,0,102,152
26922,0,103,152
26923,0,104,152
26924,0,105,152
26925,0,106,152
26926,0,107,152
26927,0,108,152
26928,0,109,152
26929,0,110,152
26930,0,111,152
26931,0,112,152
26932,0,113,152
26933,0,114,152
26934,0,115,152
26935,0,116,152
26936,0,117,152
26937,0,118,152
26938,0,119,152
26939,0,120,152
26940,0,121,152
26941,0,122,152
26942,0,123,152
26943,0,124,152
26944,0,125,152
26945,0,126,152
26946,0,127,152
26947,0,128,152
26948,0,129,152
26949,0,130,152
26950,0,131,152
26951,0,132,152
26952,0,133,152
26953,0,134,152
26954,0,135,152
26955,0,136,152
26956,0,137,152
26957,0,138,152
26958,0,139,152
26959,0,140,152
26960,0,141,152
26961,0,142,152
26962,0,143,152
26963,0,144,152
26964,0,145,152
26965,0,146,152
26966,0,147,152
26967,0,148,152
26968,0,149,152
26969,0,150,152
26970,0,151,152
26971,0,152,152
26972,0,153,152
26973,0,154,152
26974,0,155,152
26975,0,156,152
26976,0,157,152
26977,0,158,152
26978,0,159,152
26979,0,160,152
26980,0,161,152
26981,0,162,152
26982,0,163,152
26983,0,164,152
26984,0,165,152
26985,0,166,152
26986,0,167,152
26987,0,168,152
26988,0,169,152
26989,0,170,152
26990,0,171,152
26991,0,172,152
26992,0,173,152
26993,0,174,152
26994,0,175,152
26995,0,176,152
26996,0,177,152
26997,0,178,152
26998,0,179,152
26999,0,180,152
27000,0,181,152
27001,0,182,152
27002,0,183,152
27003,0,184,152
27004,0,185,152
27005,0,186,152
27006,0,187,152
27007,0,188,152
27008,0,189,152
27009,0,190,152
27010,0,191,152
27011,0,192,152
27012,0,193,152
27013,0,194,152
27014,0,195,152
27015,0,196,152
27016,0,197,152
27017,0,198,152
27018,0,241,152
27019,0,245,152
27020,0,246,152
27021,0,247,152
27022,0,248,152
27023,0,249,152
27024,0,250,152
27025,0,251,152
27026,0,252,152
27027,0,253,152
27028,0,254,152
27029,0,255,152
27030,0,257,152
27031,0,258,152
27032,0,464,152
27033,0,465,152
27034,0,466,152
27035,0,467,152
27036,0,468,152
27037,0,469,152
27038,0,470,152
27039,0,471,152
27040,0,472,152
27041,0,473,152
27042,0,474,152
27043,0,475,152
27044,0,476,152
27045,0,477,152
27046,0,478,152
27047,0,479,152
27048,0,480,152
27049,0,481,152
27050,0,16,153
27051,0,17,153
27052,0,18,153
27053,0,19,153
27054,0,20,153
27055,0,21,153
27056,0,22,153
27057,0,23,153
27058,0,24,153
27059,0,28,153
27060,0,29,153
27061,0,30,153
27062,0,31,153
27063,0,32,153
27064,0,33,153
27065,0,34,153
27066,0,35,153
27067,0,36,153
27068,0,37,153
27069,0,38,153
27070,0,39,153
27071,0,40,153
27072,0,41,153
27073,0,42,153
27074,0,43,153
27075,0,44,153
27076,0,45,153
27077,0,46,153
27078,0,47,153
27079,0,48,153
27080,0,49,153
27081,0,50,153
27082,0,51,153
27083,0,52,153
27084,0,53,153
27085,0,54,153
27086,0,55,153
27087,0,56,153
27088,0,57,153
27089,0,58,153
27090,0,59,153
27091,0,60,153
27092,0,61,153
27093,0,62,153
27094,0,63,153
27095,0,64,153
27096,0,65,153
27097,0,66,153
27098,0,67,153
27099,0,68,153
27100,0,69,153
27101,0,70,153
27102,0,71,153
27103,0,72,153
27104,0,73,153
27105,0,74,153
27106,0,75,153
27107,0,76,153
27108,0,77,153
27109,0,78,153
27110,0,79,153
27111,0,80,153
27112,0,81,153
27113,0,82,153
27114,0,83,153
27115,0,84,153
27116,0,85,153
27117,0,86,153
27118,0,87,153
27119,0,88,153
27120,0,89,153
27121,0,90,153
27122,0,91,153
27123,0,92,153
27124,0,93,153
27125,0,94,153
27126,0,95,153
27127,0,96,153
27128,0,97,153
27129,0,98,153
27130,0,99,153
27131,0,100,153
27132,0,101,153
27133,0,102,153
27134,0,103,153
27135,0,104,153
27136,0,105,153
27137,0,106,153
27138,0,107,153
27139,0,108,153
27140,0,109,153
27141,0,110,153
27142,0,111,153
27143,0,112,153
27144,0,113,153
27145,0,114,153
27146,0,115,153
27147,0,116,153
27148,0,117,153
27149,0,118,153
27150,0,119,153
27151,0,120,153
27152,0,121,153
27153,0,122,153
27154,0,123,153
27155,0,124,153
27156,0,125,153
27157,0,126,153
27158,0,127,153
27159,0,128,153
27160,0,129,153
27161,0,130,153
27162,0,131,153
27163,0,132,153
27164,0,133,153
27165,0,134,153
27166,0,135,153
27167,0,136,153
27168,0,137,153
27169,0,138,153
27170,0,139,153
27171,0,140,153
27172,0,141,153
27173,0,142,153
27174,0,143,153
27175,0,144,153
27176,0,145,153
27177,0,146,153
27178,0,147,153
27179,0,148,153
27180,0,149,153
27181,0,150,153
27182,0,151,153
27183,0,152,153
27184,0,153,153
27185,0,154,153
27186,0,155,153
27187,0,156,153
27188,0,157,153
27189,0,158,153
27190,0,159,153
27191,0,160,153
27192,0,161,153
27193,0,162,153
27194,0,163,153
27195,0,164,153
27196,0,165,153
27197,0,166,153
27198,0,167,153
27199,0,168,153
27200,0,169,153
27201,0,170,153
27202,0,171,153
27203,0,172,153
27204,0,173,153
27205,0,174,153
27206,0,175,153
27207,0,176,153
27208,0,177,153
27209,0,178,153
27210,0,179,153
27211,0,180,153
27212,0,181,153
27213,0,182,153
27214,0,183,153
27215,0,184,153
27216,0,185,153
27217,0,186,153
27218,0,187,153
27219,0,188,153
27220,0,189,153
27221,0,190,153
27222,0,191,153
27223,0,192,153
27224,0,193,153
27225,0,194,153
27226,0,195,153
27227,0,196,153
27228,0,197,153
27229,0,241,153
27230,0,245,153
27231,0,246,153
27232,0,247,153
27233,0,248,153
27234,0,249,153
27235,0,250,153
27236,0,251,153
27237,0,252,153
27238,0,253,153
27239,0,254,153
27240,0,257,153
27241,0,258,153
27242,0,464,153
27243,0,465,153
27244,0,466,153
27245,0,467,153
27246,0,468,153
27247,0,469,153
27248,0,470,153
27249,0,471,153
27250,0,472,153
27251,0,473,153
27252,0,474,153
27253,0,475,153
27254,0,476,153
27255,0,477,153
27256,0,478,153
27257,0,479,153
27258,0,480,153
27259,0,481,153
27260,0,17,154
27261,0,18,154
27262,0,19,154
27263,0,20,154
27264,0,21,154
27265,0,22,154
27266,0,23,154
27267,0,24,154
27268,0,25,154
27269,0,30,154
27270,0,31,154
27271,0,32,154
27272,0,33,154
27273,0,34,154
27274,0,35,154
27275,0,36,154
27276,0,37,154
27277,0,38,154
27278,0,39,154
27279,0,40,154
27280,0,41,154
27281,0,42,154
27282,0,43,154
27283,0,44,154
27284,0,45,154
27285,0,46,154
27286,0,47,154
27287,0,48,154
27288,0,49,154
27289,0,50,154
27290,0,51,154
27291,0,52,154
27292,0,53,154
27293,0,54,154
27294,0,55,154
27295,0,56,154
27296,0,57,154
27297,0,58,154
27298,0,59,154
27299,0,60,154
27300,0,61,154
27301,0,62,154
27302,0,63,154
27303,0,64,154
27304,0,65,154
27305,0,66,154
27306,0,67,154
27307,0,68,154
27308,0,69,154
27309,0,70,154
27310,0,71,154
27311,0,72,154
27312,0,73,154
27313,0,74,154
27314,0,75,154
27315,0,76,154
27316,0,77,154
27317,0,78,154
27318,0,79,154
27319,0,80,154
27320,0,81,154
27321,0,82,154
27322,0,83,154
27323,0,84,154
27324,0,85,154
27325,0,86,154
27326,0,87,154
27327,0,88,154
27328,0,89,154
27329,0,90,154
27330,0,91,154
27331,0,92,154
27332,0,93,154
27333,0,94,154
27334,0,95,154
27335,0,96,154
27336,0,97,154
27337,0,98,154
27338,0,99,154
27339,0,100,154
27340,0,101,154
27341,0,102,154
27342,0,103,154
27343,0,104,154
27344,0,105,154
27345,0,106,154
27346,0,107,154
27347,0,108,154
27348,0,109,154
27349,0,110,154
27350,0,111,154
27351,0,112,154
27352,0,113,154
27353,0,114,154
27354,0,115,154
27355,0,116,154
27356,0,117,154
27357,0,118,154
27358,0,119,154
27359,0,120,154
27360,0,121,154
27361,0,122,154
27362,0,123,154
27363,0,124,154
27364,0,125,154
27365,0,126,154
27366,0,127,154
27367,0,128,154
27368,0,129,154
27369,0,130,154
27370,0,131,154
27371,0,132,154
27372,0,133,154
27373,0,134,154
27374,0,135,154
27375,0,136,154
27376,0,137,154
27377,0,138,154
27378,0,139,154
27379,0,140,154
27380,0,141,154
27381,0,142,154
27382,0,143,154
27383,0,144,154
27384,0,145,154
27385,0,146,154
27386,0,147,154
27387,0,148,154
27388,0,149,154
27389,0,150,154
27390,0,151,154
27391,0,152,154
27392,0,153,154
27393,0,154,154
27394,0,155,154
27395,0,156,154
27396,0,157,154
27397,0,158,154
27398,0,159,154
27399,0,160,154
27400,0,161,154
27401,0,162,154
27402,0,163,154
27403,0,164,154
27404,0,165,154
27405,0,166,154
27406,0,167,154
27407,0,168,154
27408,0,169,154
27409,0,170,154
27410,0,171,154
27411,0,172,154
27412,0,173,154
27413,0,174,154
27414,0,175,154
27415,0,176,154
27416,0,177,154
27417,0,178,154
27418,0,179,154
27419,0,180,154
27420,0,181,154
27421,0,182,154
27422,0,183,154
27423,0,184,154
27424,0,185,154
27425,0,186,154
27426,0,187,154
27427,0,188,154
27428,0,189,154
27429,0,190,154
27430,0,191,154
27431,0,192,154
27432,0,193,154
27433,0,194,154
27434,0,195,154
27435,0,241,154
27436,0,245,154
27437,0,246,154
27438,0,247,154
27439,0,248,154
27440,0,249,154
27441,0,250,154
27442,0,251,154
27443,0,252,154
27444,0,253,154
27445,0,254,154
27446,0,257,154
27447,0,258,154
27448,0,464,154
27449,0,465,154
27450,0,466,154
27451,0,467,154
27452,0,468,154
27453,0,469,154
27454,0,470,154
27455,0,471,154
27456,0,472,154
27457,0,473,154
27458,0,474,154
27459,0,475,154
27460,0,476,154
27461,0,477,154
27462,0,478,154
27463,0,479,154
27464,0,480,154
27465,0,481,154
27466,0,18,155
27467,0,19,155
27468,0,20,155
27469,0,21,155
27470,0,22,155
27471,0,23,155
27472,0,24,155
27473,0,25,155
27474,0,26,155
27475,0,27,155
27476,0,29,155
27477,0,30,155
27478,0,31,155
27479,0,32,155
27480,0,33,155
27481,0,34,155
27482,0,35,155
27483,0,36,155
27484,0,37,155
27485,0,38,155
27486,0,39,155
27487,0,40,155
27488,0,41,155
27489,0,42,155
27490,0,43,155
27491,0,44,155
27492,0,45,155
27493,0,46,155
27494,0,47,155
27495,0,48,155
27496,0,49,155
27497,0,50,155
27498,0,51,155
27499,0,52,155
27500,0,53,155
27501,0,54,155
27502,0,55,155
27503,0,56,155
27504,0,57,155
27505,0,58,155
27506,0,59,155
27507,0,60,155
27508,0,61,155
27509,0,62,155
27510,0,63,155
27511,0,64,155
27512,0,65,155
27513,0,66,155
27514,0,67,155
27515,0,68,155
27516,0,69,155
27517,0,70,155
27518,0,71,155
27519,0,72,155
27520,0,73,155
27521,0,74,155
27522,0,75,155
27523,0,76,155
27524,0,77,155
27525,0,78,155
27526,0,79,155
27527,0,80,155
27528,0,81,155
27529,0,82,155
27530,0,83,155
27531,0,84,155
27532,0,85,155
27533,0,86,155
27534,0,87,155
27535,0,88,155
27536,0,89,155
27537,0,90,155
27538,0,91,155
27539,0,92,155
27540,0,93,155
27541,0,94,155
27542,0,95,155
27543,0,96,155
27544,0,97,155
27545,0,98,155
27546,0,99,155
27547,0,100,155
27548,0,101,155
27549,0,102,155
27550,0,103,155
27551,0,104,155
27552,0,105,155
27553,0,106,155
27554,0,107,155
27555,0,108,155
27556,0,109,155
27557,0,110,155
27558,0,111,155
27559,0,112,155
27560,0,113,155
27561,0,114,155
27562,0,115,155
27563,0,116,155
27564,0,117,155
27565,0,118,155
27566,0,119,155
27567,0,120,155
27568,0,121,155
27569,0,122,155
27570,0,123,155
27571,0,124,155
27572,0,125,155
27573,0,126,155
27574,0,127,155
27575,0,128,155
27576,0,129,155
27577,0,130,155
27578,0,131,155
27579,0,132,155
27580,0,133,155
27581,0,134,155
27582,0,135,155
27583,0,136,155
27584,0,137,155
27585,0,138,155
27586,0,139,155
27587,0,140,155
27588,0,141,155
27589,0,142,155
27590,0,143,155
27591,0,144,155
27592,0,145,155
27593,0,146,155
27594,0,147,155
27595,0,148,155
27596,0,149,155
27597,0,150,155
27598,0,151,155
27599,0,152,155
27600,0,153,155
27601,0,154,155
27602,0,155,155
27603,0,156,155
27604,0,157,155
27605,0,158,155
27606,0,159,155
27607,0,160,155
27608,0,161,155
27609,0,162,155
27610,0,163,155
27611,0,164,155
27612,0,165,155
27613,0,166,155
27614,0,167,155
27615,0,168,155
27616,0,169,155
27617,0,170,155
27618,0,171,155
27619,0,172,155
27620,0,173,155
27621,0,174,155
27622,0,175,155
27623,0,176,155
27624,0,177,155
27625,0,178,155
27626,0,179,155
27627,0,180,155
27628,0,181,155
27629,0,182,155
27630,0,183,155
27631,0,184,155
27632,0,185,155
27633,0,186,155
27634,0,187,155
27635,0,188,155
27636,0,189,155
27637,0,190,155
27638,0,191,155
27639,0,192,155
27640,0,193,155
27641,0,194,155
27642,0,241,155
27643,0,245,155
27644,0,246,155
27645,0,247,155
27646,0,248,155
27647,0,249,155
27648,0,250,155
27649,0,251,155
27650,0,252,155
27651,0,253,155
27652,0,254,155
27653,0,257,155
27654,0,258,155
27655,0,464,155
27656,0,465,155
27657,0,466,155
27658,0,467,155
27659,0,468,155
27660,0,469,155
27661,0,470,155
27662,0,471,155
27663,0,472,155
27664,0,473,155
27665,0,474,155
27666,0,475,155
27667,0,476,155
27668,0,477,155
27669,0,478,155
27670,0,479,155
27671,0,480,155
27672,0,481,155
27673,0,18,156
27674,0,20,156
27675,0,21,156
27676,0,22,156
27677,0,23,156
27678,0,24,156
27679,0,29,156
27680,0,30,156
27681,0,31,156
27682,0,32,156
27683,0,33,156
27684,0,34,156
27685,0,35,156
27686,0,36,156
27687,0,37,156
27688,0,38,156
27689,0,39,156
27690,0,40,156
27691,0,41,156
27692,0,42,156
27693,0,43,156
27694,0,44,156
27695,0,45,156
27696,0,46,156
27697,0,47,156
27698,0,48,156
27699,0,49,156
27700,0,50,156
27701,0,51,156
27702,0,52,156
27703,0,53,156
27704,0,54,156
27705,0,55,156
27706,0,56,156
27707,0,57,156
27708,0,58,156
27709,0,59,156
27710,0,60,156
27711,0,61,156
27712,0,62,156
27713,0,63,156
27714,0,64,156
27715,0,65,156
27716,0,66,156
27717,0,67,156
27718,0,68,156
27719,0,69,156
27720,0,70,156
27721,0,71,156
27722,0,72,156
27723,0,73,156
27724,0,74,156
27725,0,75,156
27726,0,76,156
27727,0,77,156
27728,0,78,156
27729,0,79,156
27730,0,80,156
27731,0,81,156
27732,0,82,156
27733,0,83,156
27734,0,84,156
27735,0,85,156
27736,0,86,156
27737,0,87,156
27738,0,88,156
27739,0,89,156
27740,0,90,156
27741,0,91,156
27742,0,92,156
27743,0,93,156
27744,0,94,156
27745,0,95,156
27746,0,96,156
27747,0,97,156
27748,0,98,156
27749,0,99,156
27750,0,100,156
27751,0,101,156
27752,0,102,156
27753,0,103,156
27754,0,104,156
27755,0,105,156
27756,0,106,156
27757,0,107,156
27758,0,108,156
27759,0,109,156
27760,0,110,156
27761,0,111,156
27762,0,112,156
27763,0,113,156
27764,0,114,156
27765,0,115,156
27766,0,116,156
27767,0,117,156
27768,0,118,156
27769,0,119,156
27770,0,120,156
27771,0,121,156
27772,0,122,156
27773,0,123,156
27774,0,124,156
27775,0,125,156
27776,0,126,156
27777,0,127,156
27778,0,128,156
27779,0,129,156
27780,0,130,156
27781,0,131,156
27782,0,132,156
27783,0,133,156
27784,0,134,156
27785,0,135,156
27786,0,136,156
27787,0,137,156
27788,0,138,156
27789,0,139,156
27790,0,140,156
27791,0,141,156
27792,0,142,156
27793,0,143,156
27794,0,144,156
27795,0,145,156
27796,0,146,156
27797,0,147,156
27798,0,148,156
27799,0,149,156
27800,0,150,156
27801,0,151,156
27802,0,152,156
27803,0,153,156
27804,0,154,156
27805,0,155,156
27806,0,156,156
27807,0,157,156
27808,0,158,156
27809,0,159,156
27810,0,160,156
27811,0,161,156
27812,0,162,156
27813,0,163,156
27814,0,164,156
27815,0,165,156
27816,0,166,156
27817,0,167,156
27818,0,168,156
27819,0,169,156
27820,0,170,156
27821,0,171,156
27822,0,172,156
27823,0,173,156
27824,0,174,156
27825,0,175,156
27826,0,176,156
27827,0,177,156
27828,0,178,156
27829,0,179,156
27830,0,180,156
27831,0,181,156
27832,0,182,156
27833,0,183,156
27834,0,184,156
27835,0,185,156
27836,0,186,156
27837,0,187,156
27838,0,188,156
27839,0,189,156
27840,0,190,156
27841,0,191,156
27842,0,192,156
27843,0,241,156
27844,0,245,156
27845,0,246,156
27846,0,247,156
27847,0,248,156
27848,0,249,156
27849,0,250,156
27850,0,251,156
27851,0,252,156
27852,0,253,156
27853,0,257,156
27854,0,258,156
27855,0,464,156
27856,0,465,156
27857,0,466,156
27858,0,467,156
27859,0,468,156
27860,0,469,156
27861,0,470,156
27862,0,471,156
27863,0,472,156
27864,0,473,156
27865,0,474,156
27866,0,475,156
27867,0,476,156
27868,0,477,156
27869,0,478,156
27870,0,479,156
27871,0,480,156
27872,0,481,156
27873,0,22,157
27874,0,28,157
27875,0,29,157
27876,0,30,157
27877,0,31,157
27878,0,32,157
27879,0,33,157
27880,0,34,157
27881,0,35,157
27882,0,36,157
27883,0,37,157
27884,0,38,157
27885,0,39,157
27886,0,40,157
27887,0,41,157
27888,0,42,157
27889,0,43,157
27890,0,44,157
27891,0,45,157
27892,0,46,157
27893,0,47,157
27894,0,48,157
27895,0,49,157
27896,0,50,157
27897,0,51,157
27898,0,52,157
27899,0,53,157
27900,0,54,157
27901,0,55,157
27902,0,56,157
27903,0,57,157
27904,0,58,157
27905,0,59,157
27906,0,60,157
27907,0,61,157
27908,0,62,157
27909,0,63,157
27910,0,64,157
27911,0,65,157
27912,0,66,157
27913,0,67,157
27914,0,68,157
27915,0,69,157
27916,0,70,157
27917,0,71,157
27918,0,72,157
27919,0,73,157
27920,0,74,157
27921,0,75,157
27922,0,76,157
27923,0,77,157
27924,0,78,157
27925,0,79,157
27926,0,80,157
27927,0,81,157
27928,0,82,157
27929,0,83,157
27930,0,84,157
27931,0,85,157
27932,0,86,157
27933,0,87,157
27934,0,88,157
27935,0,89,157
27936,0,90,157
27937,0,91,157
27938,0,92,157
27939,0,93,157
27940,0,94,157
27941,0,95,157
27942,0,96,157
27943,0,97,157
27944,0,98,157
27945,0,99,157
27946,0,100,157
27947,0,101,157
27948,0,102,157
27949,0,103,157
27950,0,104,157
27951,0,105,157
27952,0,106,157
27953,0,107,157
27954,0,108,157
27955,0,109,157
27956,0,110,157
27957,0,111,157
27958,0,112,157
27959,0,113,157
27960,0,114,157
27961,0,115,157
27962,0,116,157
27963,0,117,157
27964,0,118,157
27965,0,119,157
27966,0,120,157
27967,0,121,157
27968,0,122,157
27969,0,123,157
27970,0,124,157
27971,0,125,157
27972,0,126,157
27973,0,127,157
27974,0,128,157
27975,0,129,157
27976,0,130,157
27977,0,131,157
27978,0,132,157
27979,0,133,157
27980,0,134,157
27981,0,135,157
27982,0,136,157
27983,0,137,157
27984,0,138,157
27985,0,139,157
27986,0,140,157
27987,0,141,157
27988,0,142,157
27989,0,143,157
27990,0,144,157
27991,0,145,157
27992,0,146,157
27993,0,147,157
27994,0,148,157
27995,0,149,157
27996,0,150,157
27997,0,151,157
27998,0,152,157
27999,0,153,157
28000,0,154,157
28001,0,155,157
28002,0,156,157
28003,0,157,157
28004,0,158,157
28005,0,159,157
28006,0,160,157
28007,0,161,157
28008,0,162,157
28009,0,163,157
28010,0,164,157
28011,0,165,157
28012,0,166,157
28013,0,167,157
28014,0,168,157
28015,0,169,157
28016,0,170,157
28017,0,171,157
28018,0,172,157
28019,0,173,157
28020,0,174,157
28021,0,175,157
28022,0,176,157
28023,0,177,157
28024,0,178,157
28025,0,179,157
28026,0,180,157
28027,0,181,157
28028,0,182,157
28029,0,183,157
28030,0,184,157
28031,0,185,157
28032,0,186,157
28033,0,187,157
28034,0,188,157
28035,0,189,157
28036,0,190,157
28037,0,191,157
28038,0,241,157
28039,0,246,157
28040,0,247,157
28041,0,248,157
28042,0,249,157
28043,0,250,157
28044,0,251,157
28045,0,252,157
28046,0,257,157
28047,0,258,157
28048,0,464,157
28049,0,465,157
28050,0,466,157
28051,0,467,157
28052,0,468,157
28053,0,469,157
28054,0,470,157
28055,0,471,157
28056,0,472,157
28057,0,473,157
28058,0,474,157
28059,0,475,157
28060,0,476,157
28061,0,477,157
28062,0,478,157
28063,0,479,157
28064,0,480,157
28065,0,481,157
28066,0,23,158
28067,0,24,158
28068,0,28,158
28069,0,29,158
28070,0,30,158
28071,0,31,158
28072,0,32,158
28073,0,33,158
28074,0,34,158
28075,0,35,158
28076,0,36,158
28077,0,37,158
28078,0,38,158
28079,0,39,158
28080,0,40,158
28081,0,41,158
28082,0,42,158
28083,0,43,158
28084,0,44,158
28085,0,45,158
28086,0,46,158
28087,0,47,158
28088,0,48,158
28089,0,49,158
28090,0,50,158
28091,0,51,158
28092,0,52,158
28093,0,53,158
28094,0,54,158
28095,0,55,158
28096,0,56,158
28097,0,57,158
28098,0,58,158
28099,0,59,158
28100,0,60,158
28101,0,61,158
28102,0,62,158
28103,0,63,158
28104,0,64,158
28105,0,65,158
28106,0,66,158
28107,0,67,158
28108,0,68,158
28109,0,69,158
28110,0,70,158
28111,0,71,158
28112,0,72,158
28113,0,73,158
28114,0,74,158
28115,0,75,158
28116,0,76,158
28117,0,77,158
28118,0,78,158
28119,0,79,158
28120,0,80,158
28121,0,81,158
28122,0,82,158
28123,0,83,158
28124,0,84,158
28125,0,85,158
28126,0,86,158
28127,0,87,158
28128,0,88,158
28129,0,89,158
28130,0,90,158
28131,0,91,158
28132,0,92,158
28133,0,93,158
28134,0,94,158
28135,0,95,158
28136,0,96,158
28137,0,97,158
28138,0,98,158
28139,0,99,158
28140,0,100,158
28141,0,101,158
28142,0,102,158
28143,0,103,158
28144,0,104,158
28145,0,105,158
28146,0,106,158
28147,0,107,158
28148,0,108,158
28149,0,109,158
28150,0,110,158
28151,0,111,158
28152,0,112,158
28153,0,113,158
28154,0,114,158
28155,0,115,158
28156,0,116,158
28157,0,117,158
28158,0,118,158
28159,0,119,158
28160,0,120,158
28161,0,121,158
28162,0,122,158
28163,0,123,158
28164,0,124,158
28165,0,125,158
28166,0,126,158
28167,0,127,158
28168,0,128,158
28169,0,129,158
28170,0,130,158
28171,0,131,158
28172,0,132,158
28173,0,133,158
28174,0,134,158
28175,0,135,158
28176,0,136,158
28177,0,137,158
28178,0,138,158
28179,0,139,158
28180,0,140,158
28181,0,141,158
28182,0,142,158
28183,0,143,158
28184,0,144,158
28185,0,145,158
28186,0,146,158
28187,0,147,158
28188,0,148,158
28189,0,149,158
28190,0,150,158
28191,0,151,158
28192,0,152,158
28193,0,153,158
28194,0,154,158
28195,0,155,158
28196,0,156,158
28197,0,157,158
28198,0,158,158
28199,0,159,158
28200,0,160,158
28201,0,161,158
28202,0,162,158
28203,0,163,158
28204,0,164,158
28205,0,165,158
28206,0,166,158
28207,0,167,158
28208,0,168,158
28209,0,169,158
28210,0,170,158
28211,0,171,158
28212,0,172,158
28213,0,173,158
28214,0,174,158
28215,0,175,158
28216,0,176,158
28217,0,177,158
28218,0,178,158
28219,0,179,158
28220,0,180,158
28221,0,181,158
28222,0,182,158
28223,0,183,158
28224,0,184,158
28225,0,185,158
28226,0,186,158
28227,0,187,158
28228,0,188,158
28229,0,189,158
28230,0,190,158
28231,0,241,158
28232,0,247,158
28233,0,248,158
28234,0,249,158
28235,0,250,158
28236,0,251,158
28237,0,257,158
28238,0,258,158
28239,0,465,158
28240,0,466,158
28241,0,467,158
28242,0,468,158
28243,0,469,158
28244,0,470,158
28245,0,471,158
28246,0,472,158
28247,0,473,158
28248,0,474,158
28249,0,475,158
28250,0,476,158
28251,0,477,158
28252,0,478,158
28253,0,479,158
28254,0,480,158
28255,0,481,158
28256,0,18,159
28257,0,24,159
28258,0,25,159
28259,0,26,159
28260,0,28,159
28261,0,29,159
28262,0,30,159
28263,0,31,159
28264,0,32,159
28265,0,33,159
28266,0,34,159
28267,0,35,159
28268,0,36,159
28269,0,37,159
28270,0,38,159
28271,0,39,159
28272,0,40,159
28273,0,41,159
28274,0,42,159
28275,0,43,159
28276,0,44,159
28277,0,45,159
28278,0,46,159
28279,0,47,159
28280,0,48,159
28281,0,49,159
28282,0,50,159
28283,0,51,159
28284,0,52,159
28285,0,53,159
28286,0,54,159
28287,0,55,159
28288,0,56,159
28289,0,57,159
28290,0,58,159
28291,0,59,159
28292,0,60,159
28293,0,61,159
28294,0,62,159
28295,0,63,159
28296,0,64,159
28297,0,65,159
28298,0,66,159
28299,0,67,159
28300,0,68,159
28301,0,69,159
28302,0,70,159
28303,0,71,159
28304,0,72,159
28305,0,73,159
28306,0,74,159
28307,0,75,159
28308,0,76,159
28309,0,77,159
28310,0,78,159
28311,0,79,159
28312,0,80,159
28313,0,81,159
28314,0,82,159
28315,0,83,159
28316,0,84,159
28317,0,85,159
28318,0,86,159
28319,0,87,159
28320,0,88,159
28321,0,89,159
28322,0,90,159
28323,0,91,159
28324,0,92,159
28325,0,93,159
28326,0,94,159
28327,0,95,159
28328,0,96,159
28329,0,97,159
28330,0,98,159
28331,0,99,159
28332,0,100,159
28333,0,101,159
28334,0,102,159
28335,0,103,159
28336,0,104,159
28337,0,105,159
28338,0,106,159
28339,0,107,159
28340,0,108,159
28341,0,109,159
28342,0,110,159
28343,0,111,159
28344,0,112,159
28345,0,113,159
28346,0,114,159
28347,0,115,159
28348,0,116,159
28349,0,117,159
28350,0,118,159
28351,0,119,159
28352,0,120,159
28353,0,121,159
28354,0,122,159
28355,0,123,159
28356,0,124,159
28357,0,125,159
28358,0,126,159
28359,0,127,159
28360,0,128,159
28361,0,129,159
28362,0,130,159
28363,0,131,159
28364,0,132,159
28365,0,133,159
28366,0,134,159
28367,0,135,159
28368,0,136,159
28369,0,137,159
28370,0,138,159
28371,0,139,159
28372,0,140,159
28373,0,141,159
28374,0,142,159
28375,0,143,159
28376,0,144,159
28377,0,145,159
28378,0,146,159
28379,0,147,159
28380,0,148,159
28381,0,149,159
28382,0,150,159
28383,0,151,159
28384,0,152,159
28385,0,153,159
28386,0,154,159
28387,0,155,159
28388,0,156,159
28389,0,157,159
28390,0,158,159
28391,0,159,159
28392,0,160,159
28393,0,161,159
28394,0,162,159
28395,0,163,159
28396,0,164,159
28397,0,165,159
28398,0,166,159
28399,0,167,159
28400,0,168,159
28401,0,169,159
28402,0,170,159
28403,0,171,159
28404,0,172,159
28405,0,173,159
28406,0,174,159
28407,0,175,159
28408,0,176,159
28409,0,177,159
28410,0,178,159
28411,0,179,159
28412,0,180,159
28413,0,181,159
28414,0,182,159
28415,0,183,159
28416,0,184,159
28417,0,185,159
28418,0,186,159
28419,0,187,159
28420,0,188,159
28421,0,241,159
28422,0,242,159
28423,0,243,159
28424,0,256,159
28425,0,257,159
28426,0,258,159
28427,0,435,159
28428,0,464,159
28429,0,465,159
28430,0,466,159
28431,0,467,159
28432,0,468,159
28433,0,469,159
28434,0,470,159
28435,0,471,159
28436,0,472,159
28437,0,473,159
28438,0,474,159
28439,0,475,159
28440,0,476,159
28441,0,477,159
28442,0,478,159
28443,0,479,159
28444,0,480,159
28445,0,481,159
28446,0,19,160
28447,0,26,160
28448,0,27,160
28449,0,28,160
28450,0,29,160
28451,0,30,160
28452,0,31,160
28453,0,32,160
28454,0,33,160
28455,0,34,160
28456,0,35,160
28457,0,36,160
28458,0,37,160
28459,0,38,160
28460,0,39,160
28461,0,40,160
28462,0,41,160
28463,0,42,160
28464,0,43,160
28465,0,44,160
28466,0,45,160
28467,0,46,160
28468,0,47,160
28469,0,48,160
28470,0,49,160
28471,0,50,160
28472,0,51,160
28473,0,52,160
28474,0,53,160
28475,0,54,160
28476,0,55,160
28477,0,56,160
28478,0,57,160
28479,0,58,160
28480,0,59,160
28481,0,60,160
28482,0,61,160
28483,0,62,160
28484,0,63,160
28485,0,64,160
28486,0,65,160
28487,0,66,160
28488,0,67,160
28489,0,68,160
28490,0,69,160
28491,0,70,160
28492,0,71,160
28493,0,72,160
28494,0,73,160
28495,0,74,160
28496,0,75,160
28497,0,76,160
28498,0,77,160
28499,0,78,160
28500,0,79,160
28501,0,80,160
28502,0,81,160
28503,0,82,160
28504,0,83,160
28505,0,84,160
28506,0,85,160
28507,0,86,160
28508,0,87,160
28509,0,88,160
28510,0,89,160
28511,0,90,160
28512,0,91,160
28513,0,92,160
28514,0,93,160
28515,0,94,160
28516,0,95,160
28517,0,96,160
28518,0,97,160
28519,0,98,160
28520,0,99,160
28521,0,100,160
28522,0,101,160
28523,0,102,160
28524,0,103,160
28525,0,104,160
28526,0,105,160
28527,0,106,160
28528,0,107,160
28529,0,108,160
28530,0,109,160
28531,0,110,160
28532,0,111,160
28533,0,112,160
28534,0,113,160
28535,0,114,160
28536,0,115,160
28537,0,116,160
28538,0,117,160
28539,0,118,160
28540,0,119,160
28541,0,120,160
28542,0,121,160
28543,0,122,160
28544,0,123,160
28545,0,124,160
28546,0,125,160
28547,0,126,160
28548,0,127,160
28549,0,128,160
28550,0,129,160
28551,0,130,160
28552,0,131,160
28553,0,132,160
28554,0,133,160
28555,0,134,160
28556,0,135,160
28557,0,136,160
28558,0,137,160
28559,0,138,160
28560,0,139,160
28561,0,140,160
28562,0,141,160
28563,0,142,160
28564,0,143,160
28565,0,144,160
28566,0,145,160
28567,0,146,160
28568,0,147,160
28569,0,148,160
28570,0,149,160
28571,0,150,160
28572,0,151,160
28573,0,152,160
28574,0,153,160
28575,0,154,160
28576,0,155,160
28577,0,156,160
28578,0,157,160
28579,0,158,160
28580,0,159,160
28581,0,160,160
28582,0,161,160
28583,0,162,160
28584,0,163,160
28585,0,164,160
28586,0,165,160
28587,0,166,160
28588,0,167,160
28589,0,168,160
28590,0,169,160
28591,0,170,160
28592,0,171,160
28593,0,172,160
28594,0,173,160
28595,0,174,160
28596,0,175,160
28597,0,176,160
28598,0,177,160
28599,0,178,160
28600,0,179,160
28601,0,180,160
28602,0,181,160
28603,0,182,160
28604,0,183,160
28605,0,184,160
28606,0,185,160
28607,0,186,160
28608,0,187,160
28609,0,242,160
28610,0,243,160
28611,0,256,160
28612,0,257,160
28613,0,433,160
28614,0,434,160
28615,0,435,160
28616,0,464,160
28617,0,465,160
28618,0,466,160
28619,0,467,160
28620,0,468,160
28621,0,469,160
28622,0,470,160
28623,0,471,160
28624,0,472,160
28625,0,473,160
28626,0,474,160
28627,0,475,160
28628,0,476,160
28629,0,477,160
28630,0,478,160
28631,0,479,160
28632,0,480,160
28633,0,481,160
28634,0,50,161
28635,0,51,161
28636,0,52,161
28637,0,53,161
28638,0,54,161
28639,0,55,161
28640,0,56,161
28641,0,57,161
28642,0,58,161
28643,0,59,161
28644,0,60,161
28645,0,61,161
28646,0,62,161
28647,0,63,161
28648,0,64,161
28649,0,65,161
28650,0,66,161
28651,0,67,161
28652,0,68,161
28653,0,69,161
28654,0,70,161
28655,0,71,161
28656,0,72,161
28657,0,73,161
28658,0,74,161
28659,0,75,161
28660,0,76,161
28661,0,77,161
28662,0,78,161
28663,0,79,161
28664,0,80,161
28665,0,81,161
28666,0,82,161
28667,0,83,161
28668,0,84,161
28669,0,85,161
28670,0,86,161
28671,0,87,161
28672,0,88,161
28673,0,89,161
28674,0,90,161
28675,0,91,161
28676,0,92,161
28677,0,93,161
28678,0,94,161
28679,0,95,161
28680,0,96,161
28681,0,97,161
28682,0,98,161
28683,0,99,161
28684,0,100,161
28685,0,101,161
28686,0,102,161
28687,0,103,161
28688,0,104,161
28689,0,105,161
28690,0,106,161
28691,0,107,161
28692,0,108,161
28693,0,109,161
28694,0,110,161
28695,0,111,161
28696,0,112,161
28697,0,113,161
28698,0,114,161
28699,0,115,161
28700,0,116,161
28701,0,117,161
28702,0,118,161
28703,0,119,161
28704,0,120,161
28705,0,121,161
28706,0,122,161
28707,0,123,161
28708,0,124,161
28709,0,125,161
28710,0,126,161
28711,0,127,161
28712,0,128,161
28713,0,129,161
28714,0,242,161
28715,0,243,161
28716,0,256,161
28717,0,257,161
28718,0,418,161
28719,0,419,161
28720,0,420,161
28721,0,421,161
28722,0,422,161
28723,0,423,161
28724,0,424,161
28725,0,425,161
28726,0,426,161
28727,0,427,161
28728,0,428,161
28729,0,429,161
28730,0,430,161
28731,0,431,161
28732,0,432,161
28733,0,433,161
28734,0,434,161
28735,0,435,161
28736,0,436,161
28737,0,437,161
28738,0,438,161
28739,0,439,161
28740,0,440,161
28741,0,441,161
28742,0,442,161
28743,0,443,161
28744,0,444,161
28745,0,445,161
28746,0,446,161
28747,0,447,161
28748,0,448,161
28749,0,449,161
28750,0,466,161
28751,0,467,161
28752,0,468,161
28753,0,469,161
28754,0,470,161
28755,0,471,161
28756,0,472,161
28757,0,473,161
28758,0,474,161
28759,0,475,161
28760,0,476,161
28761,0,477,161
28762,0,478,161
28763,0,479,161
28764,0,480,161
28765,0,481,161
28766,0,50,162
28767,0,51,162
28768,0,52,162
28769,0,53,162
28770,0,54,162
28771,0,55,162
28772,0,56,162
28773,0,57,162
28774,0,58,162
28775,0,59,162
28776,0,60,162
28777,0,61,162
28778,0,62,162
28779,0,63,162
28780,0,64,162
28781,0,65,162
28782,0,66,162
28783,0,67,162
28784,0,68,162
28785,0,69,162
28786,0,70,162
28787,0,71,162
28788,0,72,162
28789,0,73,162
28790,0,74,162
28791,0,75,162
28792,0,76,162
28793,0,77,162
28794,0,78,162
28795,0,79,162
28796,0,80,162
28797,0,81,162
28798,0,82,162
28799,0,83,162
28800,0,84,162
28801,0,85,162
28802,0,86,162
28803,0,87,162
28804,0,88,162
28805,0,89,162
28806,0,90,162
28807,0,91,162
28808,0,92,162
28809,0,93,162
28810,0,94,162
28811,0,95,162
28812,0,96,162
28813,0,97,162
28814,0,98,162
28815,0,99,162
28816,0,100,162
28817,0,101,162
28818,0,102,162
28819,0,103,162
28820,0,104,162
28821,0,105,162
28822,0,106,162
28823,0,107,162
28824,0,108,162
28825,0,109,162
28826,0,110,162
28827,0,111,162
28828,0,112,162
28829,0,113,162
28830,0,114,162
28831,0,115,162
28832,0,116,162
28833,0,121,162
28834,0,122,162
28835,0,127,162
28836,0,128,162
28837,0,129,162
28838,0,242,162
28839,0,243,162
28840,0,256,162
28841,0,257,162
28842,0,418,162
28843,0,419,162
28844,0,432,162
28845,0,433,162
28846,0,434,162
28847,0,435,162
28848,0,436,162
28849,0,437,162
28850,0,438,162
28851,0,439,162
28852,0,440,162
28853,0,441,162
28854,0,448,162
28855,0,449,162
28856,0,465,162
28857,0,466,162
28858,0,467,162
28859,0,468,162
28860,0,469,162
28861,0,470,162
28862,0,471,162
28863,0,472,162
28864,0,473,162
28865,0,474,162
28866,0,475,162
28867,0,476,162
28868,0,477,162
28869,0,478,162
28870,0,479,162
28871,0,480,162
28872,0,481,162
28873,0,50,163
28874,0,51,163
28875,0,52,163
28876,0,53,163
28877,0,54,163
28878,0,55,163
28879,0,56,163
28880,0,57,163
28881,0,58,163
28882,0,59,163
28883,0,60,163
28884,0,61,163
28885,0,62,163
28886,0,63,163
28887,0,64,163
28888,0,65,163
28889,0,66,163
28890,0,67,163
28891,0,68,163
28892,0,69,163
28893,0,70,163
28894,0,71,163
28895,0,72,163
28896,0,73,163
28897,0,74,163
28898,0,75,163
28899,0,76,163
28900,0,77,163
28901,0,78,163
28902,0,79,163
28903,0,80,163
28904,0,81,163
28905,0,82,163
28906,0,83,163
28907,0,84,163
28908,0,85,163
28909,0,86,163
28910,0,87,163
28911,0,88,163
28912,0,89,163
28913,0,90,163
28914,0,91,163
28915,0,92,163
28916,0,93,163
28917,0,94,163
28918,0,95,163
28919,0,96,163
28920,0,97,163
28921,0,98,163
28922,0,99,163
28923,0,100,163
28924,0,101,163
28925,0,102,163
28926,0,103,163
28927,0,104,163
28928,0,105,163
28929,0,106,163
28930,0,107,163
28931,0,108,163
28932,0,109,163
28933,0,110,163
28934,0,111,163
28935,0,112,163
28936,0,113,163
28937,0,114,163
28938,0,129,163
28939,0,242,163
28940,0,257,163
28941,0,418,163
28942,0,419,163
28943,0,420,163
28944,0,435,163
28945,0,436,163
28946,0,437,163
28947,0,438,163
28948,0,439,163
28949,0,440,163
28950,0,441,163
28951,0,449,163
28952,0,465,163
28953,0,466,163
28954,0,467,163
28955,0,468,163
28956,0,469,163
28957,0,470,163
28958,0,471,163
28959,0,472,163
28960,0,473,163
28961,0,474,163
28962,0,475,163
28963,0,476,163
28964,0,477,163
28965,0,478,163
28966,0,479,163
28967,0,480,163
28968,0,481,163
28969,0,482,163
28970,0,50,164
28971,0,51,164
28972,0,52,164
28973,0,53,164
28974,0,54,164
28975,0,55,164
28976,0,56,164
28977,0,57,164
28978,0,58,164
28979,0,59,164
28980,0,60,164
28981,0,61,164
28982,0,62,164
28983,0,63,164
28984,0,64,164
28985,0,65,164
28986,0,66,164
28987,0,67,164
28988,0,68,164
28989,0,69,164
28990,0,70,164
28991,0,71,164
28992,0,72,164
28993,0,73,164
28994,0,74,164
28995,0,75,164
28996,0,76,164
28997,0,77,164
28998,0,78,164
28999,0,79,164
29000,0,80,164
29001,0,81,164
29002,0,82,164
29003,0,83,164
29004,0,84,164
29005,0,85,164
29006,0,86,164
29007,0,87,164
29008,0,88,164
29009,0,89,164
29010,0,90,164
29011,0,91,164
29012,0,92,164
29013,0,93,164
29014,0,94,164
29015,0,95,164
29016,0,96,164
29017,0,97,164
29018,0,98,164
29019,0,99,164
29020,0,100,164
29021,0,101,164
29022,0,102,164
29023,0,103,164
29024,0,104,164
29025,0,105,164
29026,0,106,164
29027,0,107,164
29028,0,108,164
29029,0,109,164
29030,0,110,164
29031,0,111,164
29032,0,112,164
29033,0,113,164
29034,0,114,164
29035,0,129,164
29036,0,242,164
29037,0,257,164
29038,0,418,164
29039,0,419,164
29040,0,420,164
29041,0,421,164
29042,0,435,164
29043,0,436,164
29044,0,437,164
29045,0,438,164
29046,0,439,164
29047,0,440,164
29048,0,441,164
29049,0,449,164
29050,0,465,164
29051,0,466,164
29052,0,467,164
29053,0,468,164
29054,0,469,164
29055,0,470,164
29056,0,471,164
29057,0,472,164
29058,0,473,164
29059,0,474,164
29060,0,475,164
29061,0,476,164
29062,0,477,164
29063,0,478,164
29064,0,479,164
29065,0,480,164
29066,0,481,164
29067,0,482,164
29068,0,50,165
29069,0,51,165
29070,0,52,165
29071,0,53,165
29072,0,54,165
29073,0,55,165
29074,0,56,165
29075,0,57,165
29076,0,58,165
29077,0,59,165
29078,0,60,165
29079,0,61,165
29080,0,62,165
29081,0,63,165
29082,0,64,165
29083,0,65,165
29084,0,66,165
29085,0,67,165
29086,0,68,165
29087,0,69,165
29088,0,70,165
29089,0,71,165
29090,0,72,165
29091,0,73,165
29092,0,74,165
29093,0,75,165
29094,0,76,165
29095,0,77,165
29096,0,78,165
29097,0,79,165
29098,0,80,165
29099,0,81,165
29100,0,82,165
29101,0,83,165
29102,0,84,165
29103,0,85,165
29104,0,86,165
29105,0,87,165
29106,0,88,165
29107,0,89,165
29108,0,90,165
29109,0,91,165
29110,0,92,165
29111,0,93,165
29112,0,94,165
29113,0,95,165
29114,0,96,165
29115,0,97,165
29116,0,98,165
29117,0,99,165
29118,0,100,165
29119,0,101,165
29120,0,102,165
29121,0,103,165
29122,0,104,165
29123,0,105,165
29124,0,106,165
29125,0,107,165
29126,0,108,165
29127,0,109,165
29128,0,110,165
29129,0,111,165
29130,0,112,165
29131,0,113,165
29132,0,114,165
29133,0,129,165
29134,0,242,165
29135,0,257,165
29136,0,418,165
29137,0,419,165
29138,0,420,165
29139,0,421,165
29140,0,422,165
29141,0,435,165
29142,0,436,165
29143,0,437,165
29144,0,438,165
29145,0,439,165
29146,0,440,165
29147,0,441,165
29148,0,449,165
29149,0,465,165
29150,0,466,165
29151,0,467,165
29152,0,468,165
29153,0,469,165
29154,0,470,165
29155,0,471,165
29156,0,472,165
29157,0,473,165
29158,0,474,165
29159,0,475,165
29160,0,476,165
29161,0,477,165
29162,0,478,165
29163,0,479,165
29164,0,480,165
29165,0,481,165
29166,0,482,165
29167,0,50,166
29168,0,51,166
29169,0,52,166
29170,0,53,166
29171,0,54,166
29172,0,55,166
29173,0,56,166
29174,0,57,166
29175,0,58,166
29176,0,59,166
29177,0,60,166
29178,0,61,166
29179,0,62,166
29180,0,63,166
29181,0,64,166
29182,0,65,166
29183,0,66,166
29184,0,67,166
29185,0,68,166
29186,0,69,166
29187,0,70,166
29188,0,71,166
29189,0,72,166
29190,0,73,166
29191,0,74,166
29192,0,75,166
29193,0,76,166
29194,0,77,166
29195,0,78,166
29196,0,79,166
29197,0,80,166
29198,0,81,166
29199,0,82,166
29200,0,83,166
29201,0,84,166
29202,0,85,166
29203,0,86,166
29204,0,87,166
29205,0,88,166
29206,0,89,166
29207,0,90,166
29208,0,91,166
29209,0,92,166
29210,0,93,166
29211,0,94,166
29212,0,95,166
29213,0,96,166
29214,0,97,166
29215,0,98,166
29216,0,99,166
29217,0,100,166
29218,0,101,166
29219,0,102,166
29220,0,103,166
29221,0,104,166
29222,0,105,166
29223,0,106,166
29224,0,107,166
29225,0,108,166
29226,0,109,166
29227,0,110,166
29228,0,111,166
29229,0,112,166
29230,0,113,166
29231,0,114,166
29232,0,129,166
29233,0,242,166
29234,0,257,166
29235,0,418,166
29236,0,419,166
29237,0,420,166
29238,0,421,166
29239,0,422,166
29240,0,423,166
29241,0,436,166
29242,0,437,166
29243,0,438,166
29244,0,439,166
29245,0,440,166
29246,0,441,166
29247,0,449,166
29248,0,465,166
29249,0,466,166
29250,0,467,166
29251,0,468,166
29252,0,469,166
29253,0,470,166
29254,0,471,166
29255,0,472,166
29256,0,473,166
29257,0,474,166
29258,0,475,166
29259,0,476,166
29260,0,477,166
29261,0,478,166
29262,0,479,166
29263,0,480,166
29264,0,481,166
29265,0,482,166
29266,0,50,167
29267,0,51,167
29268,0,52,167
29269,0,53,167
29270,0,54,167
29271,0,55,167
29272,0,56,167
29273,0,57,167
29274,0,58,167
29275,0,59,167
29276,0,60,167
29277,0,61,167
29278,0,62,167
29279,0,63,167
29280,0,64,167
29281,0,65,167
29282,0,66,167
29283,0,67,167
29284,0,68,167
29285,0,69,167
29286,0,70,167
29287,0,71,167
29288,0,72,167
29289,0,73,167
29290,0,74,167
29291,0,75,167
29292,0,76,167
29293,0,77,167
29294,0,78,167
29295,0,79,167
29296,0,80,167
29297,0,81,167
29298,0,82,167
29299,0,83,167
29300,0,84,167
29301,0,85,167
29302,0,86,167
29303,0,87,167
29304,0,88,167
29305,0,89,167
29306,0,90,167
29307,0,91,167
29308,0,92,167
29309,0,93,167
29310,0,94,167
29311,0,95,167
29312,0,96,167
29313,0,97,167
29314,0,98,167
29315,0,99,167
29316,0,100,167
29317,0,101,167
29318,0,102,167
29319,0,103,167
29320,0,104,167
29321,0,105,167
29322,0,106,167
29323,0,107,167
29324,0,108,167
29325,0,109,167
29326,0,110,167
29327,0,111,167
29328,0,112,167
29329,0,113,167
29330,0,114,167
29331,0,120,167
29332,0,121,167
29333,0,122,167
29334,0,123,167
29335,0,129,167
29336,0,242,167
29337,0,257,167
29338,0,418,167
29339,0,419,167
29340,0,420,167
29341,0,421,167
29342,0,422,167
29343,0,423,167
29344,0,424,167
29345,0,435,167
29346,0,436,167
29347,0,437,167
29348,0,438,167
29349,0,439,167
29350,0,440,167
29351,0,449,167
29352,0,465,167
29353,0,466,167
29354,0,467,167
29355,0,468,167
29356,0,469,167
29357,0,470,167
29358,0,471,167
29359,0,472,167
29360,0,473,167
29361,0,474,167
29362,0,475,167
29363,0,476,167
29364,0,477,167
29365,0,478,167
29366,0,479,167
29367,0,480,167
29368,0,481,167
29369,0,482,167
29370,0,50,168
29371,0,51,168
29372,0,52,168
29373,0,53,168
29374,0,54,168
29375,0,55,168
29376,0,56,168
29377,0,57,168
29378,0,58,168
29379,0,59,168
29380,0,60,168
29381,0,61,168
29382,0,62,168
29383,0,63,168
29384,0,64,168
29385,0,65,168
29386,0,66,168
29387,0,67,168
29388,0,68,168
29389,0,69,168
29390,0,70,168
29391,0,71,168
29392,0,72,168
29393,0,73,168
29394,0,74,168
29395,0,75,168
29396,0,76,168
29397,0,77,168
29398,0,78,168
29399,0,79,168
29400,0,80,168
29401,0,81,168
29402,0,82,168
29403,0,83,168
29404,0,84,168
29405,0,85,168
29406,0,86,168
29407,0,87,168
29408,0,88,168
29409,0,89,168
29410,0,90,168
29411,0,91,168
29412,0,92,168
29413,0,93,168
29414,0,94,168
29415,0,95,168
29416,0,96,168
29417,0,97,168
29418,0,98,168
29419,0,99,168
29420,0,100,168
29421,0,101,168
29422,0,102,168
29423,0,103,168
29424,0,104,168
29425,0,105,168
29426,0,106,168
29427,0,107,168
29428,0,108,168
29429,0,109,168
29430,0,110,168
29431,0,111,168
29432,0,112,168
29433,0,113,168
29434,0,114,168
29435,0,119,168
29436,0,120,168
29437,0,121,168
29438,0,122,168
29439,0,123,168
29440,0,124,168
29441,0,129,168
29442,0,242,168
29443,0,257,168
29444,0,418,168
29445,0,419,168
29446,0,420,168
29447,0,421,168
29448,0,422,168
29449,0,423,168
29450,0,424,168
29451,0,425,168
29452,0,433,168
29453,0,434,168
29454,0,435,168
29455,0,436,168
29456,0,437,168
29457,0,444,168
29458,0,449,168
29459,0,465,168
29460,0,466,168
29461,0,467,168
29462,0,468,168
29463,0,469,168
29464,0,470,168
29465,0,471,168
29466,0,472,168
29467,0,473,168
29468,0,474,168
29469,0,475,168
29470,0,476,168
29471,0,477,168
29472,0,478,168
29473,0,479,168
29474,0,480,168
29475,0,481,168
29476,0,482,168
29477,0,50,169
29478,0,51,169
29479,0,52,169
29480,0,53,169
29481,0,54,169
29482,0,55,169
29483,0,56,169
29484,0,57,169
29485,0,58,169
29486,0,59,169
29487,0,60,169
29488,0,61,169
29489,0,62,169
29490,0,63,169
29491,0,64,169
29492,0,65,169
29493,0,66,169
29494,0,67,169
29495,0,68,169
29496,0,69,169
29497,0,70,169
29498,0,71,169
29499,0,72,169
29500,0,73,169
29501,0,74,169
29502,0,75,169
29503,0,76,169
29504,0,77,169
29505,0,78,169
29506,0,79,169
29507,0,80,169
29508,0,81,169
29509,0,82,169
29510,0,83,169
29511,0,84,169
29512,0,85,169
29513,0,86,169
29514,0,87,169
29515,0,88,169
29516,0,89,169
29517,0,90,169
29518,0,91,169
29519,0,92,169
29520,0,93,169
29521,0,94,169
29522,0,95,169
29523,0,96,169
29524,0,97,169
29525,0,98,169
29526,0,99,169
29527,0,100,169
29528,0,101,169
29529,0,102,169
29530,0,103,169
29531,0,104,169
29532,0,105,169
29533,0,106,169
29534,0,107,169
29535,0,108,169
29536,0,109,169
29537,0,110,169
29538,0,111,169
29539,0,112,169
29540,0,113,169
29541,0,114,169
29542,0,119,169
29543,0,120,169
29544,0,121,169
29545,0,122,169
29546,0,123,169
29547,0,124,169
29548,0,129,169
29549,0,242,169
29550,0,257,169
29551,0,418,169
29552,0,419,169
29553,0,420,169
29554,0,421,169
29555,0,422,169
29556,0,423,169
29557,0,424,169
29558,0,425,169
29559,0,426,169
29560,0,432,169
29561,0,433,169
29562,0,434,169
29563,0,435,169
29564,0,436,169
29565,0,437,169
29566,0,439,169
29567,0,440,169
29568,0,441,169
29569,0,442,169
29570,0,443,169
29571,0,444,169
29572,0,445,169
29573,0,449,169
29574,0,465,169
29575,0,466,169
29576,0,467,169
29577,0,468,169
29578,0,469,169
29579,0,470,169
29580,0,471,169
29581,0,472,169
29582,0,473,169
29583,0,474,169
29584,0,475,169
29585,0,476,169
29586,0,477,169
29587,0,478,169
29588,0,479,169
29589,0,480,169
29590,0,481,169
29591,0,482,169
29592,0,50,170
29593,0,51,170
29594,0,52,170
29595,0,53,170
29596,0,54,170
29597,0,55,170
29598,0,56,170
29599,0,57,170
29600,0,58,170
29601,0,59,170
29602,0,60,170
29603,0,61,170
29604,0,62,170
29605,0,63,170
29606,0,64,170
29607,0,65,170
29608,0,66,170
29609,0,67,170
29610,0,68,170
29611,0,69,170
29612,0,70,170
29613,0,71,170
29614,0,72,170
29615,0,73,170
29616,0,74,170
29617,0,75,170
29618,0,76,170
29619,0,77,170
29620,0,78,170
29621,0,79,170
29622,0,80,170
29623,0,81,170
29624,0,82,170
29625,0,83,170
29626,0,84,170
29627,0,85,170
29628,0,86,170
29629,0,87,170
29630,0,88,170
29631,0,89,170
29632,0,90,170
29633,0,91,170
29634,0,92,170
29635,0,93,170
29636,0,94,170
29637,0,95,170
29638,0,96,170
29639,0,97,170
29640,0,98,170
29641,0,99,170
29642,0,100,170
29643,0,101,170
29644,0,102,170
29645,0,103,170
29646,0,104,170
29647,0,105,170
29648,0,106,170
29649,0,107,170
29650,0,108,170
29651,0,109,170
29652,0,110,170
29653,0,111,170
29654,0,112,170
29655,0,113,170
29656,0,114,170
29657,0,119,170
29658,0,120,170
29659,0,121,170
29660,0,122,170
29661,0,123,170
29662,0,124,170
29663,0,129,170
29664,0,242,170
29665,0,257,170
29666,0,418,170
29667,0,419,170
29668,0,420,170
29669,0,421,170
29670,0,422,170
29671,0,423,170
29672,0,424,170
29673,0,425,170
29674,0,426,170
29675,0,427,170
29676,0,432,170
29677,0,433,170
29678,0,434,170
29679,0,435,170
29680,0,436,170
29681,0,437,170
29682,0,438,170
29683,0,439,170
29684,0,440,170
29685,0,441,170
29686,0,442,170
29687,0,443,170
29688,0,444,170
29689,0,445,170
29690,0,449,170
29691,0,465,170
29692,0,466,170
29693,0,467,170
29694,0,468,170
29695,0,469,170
29696,0,470,170
29697,0,471,170
29698,0,472,170
29699,0,473,170
29700,0,474,170
29701,0,475,170
29702,0,476,170
29703,0,477,170
29704,0,478,170
29705,0,479,170
29706,0,480,170
29707,0,481,170
29708,0,482,170
29709,0,50,171
29710,0,51,171
29711,0,52,171
29712,0,53,171
29713,0,54,171
29714,0,55,171
29715,0,56,171
29716,0,57,171
29717,0,58,171
29718,0,59,171
29719,0,60,171
29720,0,61,171
29721,0,62,171
29722,0,63,171
29723,0,64,171
29724,0,65,171
29725,0,66,171
29726,0,67,171
29727,0,68,171
29728,0,69,171
29729,0,70,171
29730,0,71,171
29731,0,72,171
29732,0,73,171
29733,0,74,171
29734,0,75,171
29735,0,76,171
29736,0,77,171
29737,0,78,171
29738,0,79,171
29739,0,80,171
29740,0,81,171
29741,0,82,171
29742,0,83,171
29743,0,84,171
29744,0,85,171
29745,0,86,171
29746,0,87,171
29747,0,88,171
29748,0,89,171
29749,0,90,171
29750,0,91,171
29751,0,92,171
29752,0,93,171
29753,0,94,171
29754,0,95,171
29755,0,96,171
29756,0,97,171
29757,0,98,171
29758,0,99,171
29759,0,100,171
29760,0,101,171
29761,0,102,171
29762,0,103,171
29763,0,104,171
29764,0,105,171
29765,0,106,171
29766,0,107,171
29767,0,108,171
29768,0,109,171
29769,0,110,171
29770,0,111,171
29771,0,112,171
29772,0,113,171
29773,0,114,171
29774,0,119,171
29775,0,120,171
29776,0,121,171
29777,0,122,171
29778,0,123,171
29779,0,124,171
29780,0,129,171
29781,0,242,171
29782,0,257,171
29783,0,418,171
29784,0,419,171
29785,0,420,171
29786,0,421,171
29787,0,422,171
29788,0,423,171
29789,0,424,171
29790,0,425,171
29791,0,426,171
29792,0,427,171
29793,0,428,171
29794,0,432,171
29795,0,433,171
29796,0,434,171
29797,0,435,171
29798,0,436,171
29799,0,437,171
29800,0,438,171
29801,0,439,171
29802,0,440,171
29803,0,441,171
29804,0,442,171
29805,0,443,171
29806,0,444,171
29807,0,445,171
29808,0,449,171
29809,0,465,171
29810,0,466,171
29811,0,467,171
29812,0,468,171
29813,0,469,171
29814,0,470,171
29815,0,471,171
29816,0,472,171
29817,0,473,171
29818,0,474,171
29819,0,475,171
29820,0,476,171
29821,0,477,171
29822,0,478,171
29823,0,479,171
29824,0,480,171
29825,0,481,171
29826,0,482,171
29827,0,50,172
29828,0,51,172
29829,0,52,172
29830,0,53,172
29831,0,54,172
29832,0,55,172
29833,0,56,172
29834,0,57,172
29835,0,58,172
29836,0,59,172
29837,0,60,172
29838,0,61,172
29839,0,62,172
29840,0,63,172
29841,0,64,172
29842,0,65,172
29843,0,66,172
29844,0,67,172
29845,0,68,172
29846,0,69,172
29847,0,70,172
29848,0,71,172
29849,0,72,172
29850,0,73,172
29851,0,74,172
29852,0,75,172
29853,0,76,172
29854,0,77,172
29855,0,78,172
29856,0,79,172
29857,0,80,172
29858,0,81,172
29859,0,82,172
29860,0,83,172
29861,0,84,172
29862,0,85,172
29863,0,86,172
29864,0,87,172
29865,0,88,172
29866,0,89,172
29867,0,90,172
29868,0,91,172
29869,0,92,172
29870,0,93,172
29871,0,94,172
29872,0,95,172
29873,0,96,172
29874,0,97,172
29875,0,98,172
29876,0,99,172
29877,0,100,172
29878,0,101,172
29879,0,102,172
29880,0,103,172
29881,0,104,172
29882,0,105,172
29883,0,106,172
29884,0,107,172
29885,0,108,172
29886,0,109,172
29887,0,110,172
29888,0,111,172
29889,0,112,172
29890,0,113,172
29891,0,114,172
29892,0,120,172
29893,0,121,172
29894,0,122,172
29895,0,123,172
29896,0,129,172
29897,0,242,172
29898,0,257,172
29899,0,418,172
29900,0,419,172
29901,0,420,172
29902,0,421,172
29903,0,422,172
29904,0,423,172
29905,0,424,172
29906,0,425,172
29907,0,426,172
29908,0,427,172
29909,0,428,172
29910,0,429,172
29911,0,433,172
29912,0,434,172
29913,0,435,172
29914,0,436,172
29915,0,437,172
29916,0,438,172
29917,0,439,172
29918,0,440,172
29919,0,441,172
29920,0,442,172
29921,0,443,172
29922,0,444,172
29923,0,445,172
29924,0,446,172
29925,0,449,172
29926,0,465,172
29927,0,466,172
29928,0,467,172
29929,0,468,172
29930,0,469,172
29931,0,470,172
29932,0,471,172
29933,0,472,172
29934,0,473,172
29935,0,474,172
29936,0,475,172
29937,0,476,172
29938,0,477,172
29939,0,478,172
29940,0,479,172
29941,0,480,172
29942,0,481,172
29943,0,482,172
29944,0,50,173
29945,0,51,173
29946,0,52,173
29947,0,53,173
29948,0,54,173
29949,0,55,173
29950,0,56,173
29951,0,57,173
29952,0,58,173
29953,0,59,173
29954,0,60,173
29955,0,61,173
29956,0,62,173
29957,0,63,173
29958,0,64,173
29959,0,65,173
29960,0,66,173
29961,0,67,173
29962,0,68,173
29963,0,69,173
29964,0,70,173
29965,0,71,173
29966,0,72,173
29967,0,73,173
29968,0,74,173
29969,0,75,173
29970,0,76,173
29971,0,77,173
29972,0,78,173
29973,0,79,173
29974,0,80,173
29975,0,81,173
29976,0,82,173
29977,0,83,173
29978,0,84,173
29979,0,85,173
29980,0,86,173
29981,0,87,173
29982,0,88,173
29983,0,89,173
29984,0,90,173
29985,0,91,173
29986,0,92,173
29987,0,93,173
29988,0,94,173
29989,0,95,173
29990,0,96,173
29991,0,97,173
29992,0,98,173
29993,0,99,173
29994,0,100,173
29995,0,101,173
29996,0,102,173
29997,0,103,173
29998,0,104,173
29999,0,105,173
30000,0,106,173
30001,0,107,173
30002,0,108,173
30003,0,109,173
30004,0,110,173
30005,0,111,173
30006,0,112,173
30007,0,113,173
30008,0,114,173
30009,0,129,173
30010,0,242,173
30011,0,257,173
30012,0,418,173
30013,0,419,173
30014,0,420,173
30015,0,421,173
30016,0,422,173
30017,0,423,173
30018,0,424,173
30019,0,425,173
30020,0,426,173
30021,0,427,173
30022,0,428,173
30023,0,429,173
30024,0,430,173
30025,0,435,173
30026,0,436,173
30027,0,437,173
30028,0,438,173
30029,0,439,173
30030,0,440,173
30031,0,441,173
30032,0,442,173
30033,0,443,173
30034,0,444,173
30035,0,445,173
30036,0,446,173
30037,0,449,173
30038,0,465,173
30039,0,466,173
30040,0,467,173
30041,0,468,173
30042,0,469,173
30043,0,470,173
30044,0,471,173
30045,0,472,173
30046,0,473,173
30047,0,474,173
30048,0,475,173
30049,0,476,173
30050,0,477,173
30051,0,478,173
30052,0,479,173
30053,0,480,173
30054,0,481,173
30055,0,482,173
30056,0,50,174
30057,0,51,174
30058,0,52,174
30059,0,53,174
30060,0,54,174
30061,0,55,174
30062,0,56,174
30063,0,57,174
30064,0,58,174
30065,0,59,174
30066,0,60,174
30067,0,61,174
30068,0,62,174
30069,0,63,174
30070,0,64,174
30071,0,65,174
30072,0,66,174
30073,0,67,174
30074,0,68,174
30075,0,69,174
30076,0,70,174
30077,0,71,174
30078,0,72,174
30079,0,73,174
30080,0,74,174
30081,0,75,174
30082,0,76,174
30083,0,77,174
30084,0,78,174
30085,0,79,174
30086,0,80,174
30087,0,81,174
30088,0,82,174
30089,0,83,174
30090,0,84,174
30091,0,85,174
30092,0,86,174
30093,0,87,174
30094,0,88,174
30095,0,89,174
30096,0,90,174
30097,0,91,174
30098,0,92,174
30099,0,93,174
30100,0,94,174
30101,0,95,174
30102,0,96,174
30103,0,97,174
30104,0,98,174
30105,0,99,174
30106,0,100,174
30107,0,101,174
30108,0,102,174
30109,0,103,174
30110,0,104,174
30111,0,105,174
30112,0,106,174
30113,0,107,174
30114,0,108,174
30115,0,109,174
30116,0,110,174
30117,0,111,174
30118,0,112,174
30119,0,113,174
30120,0,114,174
30121,0,129,174
30122,0,242,174
30123,0,257,174
30124,0,418,174
30125,0,419,174
30126,0,420,174
30127,0,421,174
30128,0,422,174
30129,0,423,174
30130,0,424,174
30131,0,425,174
30132,0,426,174
30133,0,427,174
30134,0,428,174
30135,0,429,174
30136,0,430,174
30137,0,431,174
30138,0,432,174
30139,0,433,174
30140,0,434,174
30141,0,435,174
30142,0,436,174
30143,0,437,174
30144,0,438,174
30145,0,439,174
30146,0,440,174
30147,0,441,174
30148,0,442,174
30149,0,443,174
30150,0,444,174
30151,0,445,174
30152,0,446,174
30153,0,449,174
30154,0,465,174
30155,0,466,174
30156,0,467,174
30157,0,468,174
30158,0,469,174
30159,0,470,174
30160,0,471,174
30161,0,472,174
30162,0,473,174
30163,0,474,174
30164,0,475,174
30165,0,476,174
30166,0,477,174
30167,0,478,174
30168,0,479,174
30169,0,480,174
30170,0,481,174
30171,0,482,174
30172,0,50,175
30173,0,51,175
30174,0,52,175
30175,0,53,175
30176,0,54,175
30177,0,55,175
30178,0,56,175
30179,0,57,175
30180,0,58,175
30181,0,59,175
30182,0,60,175
30183,0,61,175
30184,0,62,175
30185,0,63,175
30186,0,64,175
30187,0,65,175
30188,0,66,175
30189,0,67,175
30190,0,68,175
30191,0,69,175
30192,0,70,175
30193,0,71,175
30194,0,72,175
30195,0,73,175
30196,0,74,175
30197,0,79,175
30198,0,80,175
30199,0,81,175
30200,0,82,175
30201,0,83,175
30202,0,84,175
30203,0,85,175
30204,0,86,175
30205,0,87,175
30206,0,88,175
30207,0,89,175
30208,0,90,175
30209,0,91,175
30210,0,92,175
30211,0,93,175
30212,0,94,175
30213,0,95,175
30214,0,96,175
30215,0,97,175
30216,0,98,175
30217,0,99,175
30218,0,100,175
30219,0,101,175
30220,0,102,175
30221,0,103,175
30222,0,104,175
30223,0,105,175
30224,0,106,175
30225,0,107,175
30226,0,108,175
30227,0,109,175
30228,0,110,175
30229,0,111,175
30230,0,112,175
30231,0,113,175
30232,0,114,175
30233,0,128,175
30234,0,129,175
30235,0,242,175
30236,0,243,175
30237,0,248,175
30238,0,249,175
30239,0,250,175
30240,0,251,175
30241,0,256,175
30242,0,257,175
30243,0,352,175
30244,0,353,175
30245,0,354,175
30246,0,355,175
30247,0,418,175
30248,0,419,175
30249,0,420,175
30250,0,421,175
30251,0,422,175
30252,0,423,175
30253,0,424,175
30254,0,425,175
30255,0,426,175
30256,0,427,175
30257,0,428,175
30258,0,429,175
30259,0,430,175
30260,0,431,175
30261,0,432,175
30262,0,433,175
30263,0,434,175
30264,0,435,175
30265,0,436,175
30266,0,437,175
30267,0,438,175
30268,0,439,175
30269,0,440,175
30270,0,441,175
30271,0,442,175
30272,0,443,175
30273,0,444,175
30274,0,445,175
30275,0,446,175
30276,0,448,175
30277,0,449,175
30278,0,465,175
30279,0,466,175
30280,0,467,175
30281,0,468,175
30282,0,469,175
30283,0,470,175
30284,0,471,175
30285,0,472,175
30286,0,473,175
30287,0,474,175
30288,0,475,175
30289,0,476,175
30290,0,477,175
30291,0,478,175
30292,0,479,175
30293,0,480,175
30294,0,481,175
30295,0,482,175
30296,0,520,175
30297,0,521,175
30298,0,50,176
30299,0,51,176
30300,0,52,176
30301,0,53,176
30302,0,54,176
30303,0,55,176
30304,0,56,176
30305,0,57,176
30306,0,58,176
30307,0,59,176
30308,0,60,176
30309,0,61,176
30310,0,62,176
30311,0,63,176
30312,0,64,176
30313,0,65,176
30314,0,66,176
30315,0,67,176
30316,0,68,176
30317,0,69,176
30318,0,70,176
30319,0,71,176
30320,0,72,176
30321,0,73,176
30322,0,74,176
30323,0,75,176
30324,0,76,176
30325,0,77,176
30326,0,78,176
30327,0,79,176
30328,0,80,176
30329,0,81,176
30330,0,82,176
30331,0,83,176
30332,0,84,176
30333,0,85,176
30334,0,86,176
30335,0,87,176
30336,0,88,176
30337,0,89,176
30338,0,90,176
30339,0,91,176
30340,0,92,176
30341,0,93,176
30342,0,94,176
30343,0,95,176
30344,0,96,176
30345,0,97,176
30346,0,98,176
30347,0,99,176
30348,0,100,176
30349,0,101,176
30350,0,102,176
30351,0,103,176
30352,0,104,176
30353,0,105,176
30354,0,106,176
30355,0,107,176
30356,0,108,176
30357,0,109,176
30358,0,110,176
30359,0,111,176
30360,0,112,176
30361,0,113,176
30362,0,114,176
30363,0,115,176
30364,0,116,176
30365,0,117,176
30366,0,118,176
30367,0,119,176
30368,0,120,176
30369,0,121,176
30370,0,122,176
30371,0,123,176
30372,0,124,176
30373,0,125,176
30374,0,126,176
30375,0,127,176
30376,0,128,176
30377,0,129,176
30378,0,242,176
30379,0,243,176
30380,0,244,176
30381,0,245,176
30382,0,246,176
30383,0,247,176
30384,0,248,176
30385,0,249,176
30386,0,250,176
30387,0,251,176
30388,0,252,176
30389,0,253,176
30390,0,254,176
30391,0,255,176
30392,0,256,176
30393,0,257,176
30394,0,338,176
30395,0,339,176
30396,0,348,176
30397,0,349,176
30398,0,350,176
30399,0,352,176
30400,0,353,176
30401,0,354,176
30402,0,355,176
30403,0,356,176
30404,0,418,176
30405,0,419,176
30406,0,420,176
30407,0,421,176
30408,0,422,176
30409,0,423,176
30410,0,424,176
30411,0,425,176
30412,0,426,176
30413,0,427,176
30414,0,428,176
30415,0,429,176
30416,0,430,176
30417,0,431,176
30418,0,432,176
30419,0,433,176
30420,0,434,176
30421,0,435,176
30422,0,436,176
30423,0,437,176
30424,0,438,176
30425,0,439,176
30426,0,440,176
30427,0,441,176
30428,0,442,176
30429,0,443,176
30430,0,444,176
30431,0,445,176
30432,0,446,176
30433,0,448,176
30434,0,449,176
30435,0,466,176
30436,0,467,176
30437,0,468,176
30438,0,469,176
30439,0,470,176
30440,0,471,176
30441,0,472,176
30442,0,473,176
30443,0,474,176
30444,0,475,176
30445,0,476,176
30446,0,477,176
30447,0,478,176
30448,0,479,176
30449,0,480,176
30450,0,481,176
30451,0,514,176
30452,0,515,176
30453,0,516,176
30454,0,517,176
30455,0,518,176
30456,0,519,176
30457,0,520,176
30458,0,521,176
30459,0,522,176
30460,0,523,176
30461,0,524,176
30462,0,525,176
30463,0,57,177
30464,0,58,177
30465,0,59,177
30466,0,66,177
30467,0,67,177
30468,0,79,177
30469,0,80,177
30470,0,81,177
30471,0,82,177
30472,0,83,177
30473,0,84,177
30474,0,85,177
30475,0,86,177
30476,0,87,177
30477,0,88,177
30478,0,89,177
30479,0,90,177
30480,0,91,177
30481,0,92,177
30482,0,93,177
30483,0,94,177
30484,0,95,177
30485,0,96,177
30486,0,97,177
30487,0,107,177
30488,0,108,177
30489,0,109,177
30490,0,110,177
30491,0,111,177
30492,0,112,177
30493,0,113,177
30494,0,242,177
30495,0,243,177
30496,0,246,177
30497,0,247,177
30498,0,248,177
30499,0,249,177
30500,0,250,177
30501,0,251,177
30502,0,256,177
30503,0,257,177
30504,0,338,177
30505,0,339,177
30506,0,340,177
30507,0,341,177
30508,0,342,177
30509,0,343,177
30510,0,344,177
30511,0,345,177
30512,0,346,177
30513,0,347,177
30514,0,348,177
30515,0,349,177
30516,0,350,177
30517,0,351,177
30518,0,352,177
30519,0,353,177
30520,0,354,177
30521,0,355,177
30522,0,356,177
30523,0,357,177
30524,0,358,177
30525,0,359,177
30526,0,360,177
30527,0,361,177
30528,0,362,177
30529,0,363,177
30530,0,364,177
30531,0,365,177
30532,0,366,177
30533,0,367,177
30534,0,368,177
30535,0,369,177
30536,0,418,177
30537,0,419,177
30538,0,420,177
30539,0,421,177
30540,0,422,177
30541,0,423,177
30542,0,424,177
30543,0,425,177
30544,0,426,177
30545,0,427,177
30546,0,428,177
30547,0,429,177
30548,0,430,177
30549,0,431,177
30550,0,432,177
30551,0,433,177
30552,0,434,177
30553,0,435,177
30554,0,436,177
30555,0,437,177
30556,0,438,177
30557,0,439,177
30558,0,440,177
30559,0,441,177
30560,0,442,177
30561,0,443,177
30562,0,444,177
30563,0,445,177
30564,0,446,177
30565,0,447,177
30566,0,448,177
30567,0,449,177
30568,0,450,177
30569,0,451,177
30570,0,452,177
30571,0,453,177
30572,0,454,177
30573,0,455,177
30574,0,456,177
30575,0,457,177
30576,0,458,177
30577,0,459,177
30578,0,460,177
30579,0,461,177
30580,0,462,177
30581,0,463,177
30582,0,464,177
30583,0,465,177
30584,0,466,177
30585,0,467,177
30586,0,468,177
30587,0,469,177
30588,0,470,177
30589,0,471,177
30590,0,472,177
30591,0,473,177
30592,0,474,177
30593,0,475,177
30594,0,476,177
30595,0,477,177
30596,0,478,177
30597,0,479,177
30598,0,480,177
30599,0,481,177
30600,0,482,177
30601,0,483,177
30602,0,484,177
30603,0,485,177
30604,0,486,177
30605,0,487,177
30606,0,488,177
30607,0,489,177
30608,0,490,177
30609,0,491,177
30610,0,492,177
30611,0,493,177
30612,0,494,177
30613,0,495,177
30614,0,496,177
30615,0,497,177
30616,0,498,177
30617,0,499,177
30618,0,500,177
30619,0,501,177
30620,0,502,177
30621,0,503,177
30622,0,504,177
30623,0,505,177
30624,0,506,177
30625,0,507,177
30626,0,508,177
30627,0,509,177
30628,0,510,177
30629,0,511,177
30630,0,512,177
30631,0,513,177
30632,0,514,177
30633,0,515,177
30634,0,516,177
30635,0,517,177
30636,0,518,177
30637,0,519,177
30638,0,520,177
30639,0,521,177
30640,0,522,177
30641,0,523,177
30642,0,524,177
30643,0,525,177
30644,0,526,177
30645,0,527,177
30646,0,528,177
30647,0,529,177
30648,0,66,178
30649,0,67,178
30650,0,79,178
30651,0,80,178
30652,0,81,178
30653,0,82,178
30654,0,83,178
30655,0,84,178
30656,0,85,178
30657,0,86,178
30658,0,87,178
30659,0,88,178
30660,0,89,178
30661,0,90,178
30662,0,91,178
30663,0,92,178
30664,0,93,178
30665,0,94,178
30666,0,95,178
30667,0,96,178
30668,0,97,178
30669,0,107,178
30670,0,242,178
30671,0,243,178
30672,0,244,178
30673,0,246,178
30674,0,247,178
30675,0,248,178
30676,0,249,178
30677,0,250,178
30678,0,251,178
30679,0,255,178
30680,0,256,178
30681,0,257,178
30682,0,337,178
30683,0,338,178
30684,0,339,178
30685,0,347,178
30686,0,348,178
30687,0,349,178
30688,0,350,178
30689,0,351,178
30690,0,352,178
30691,0,353,178
30692,0,354,178
30693,0,355,178
30694,0,356,178
30695,0,357,178
30696,0,358,178
30697,0,359,178
30698,0,360,178
30699,0,361,178
30700,0,362,178
30701,0,363,178
30702,0,364,178
30703,0,365,178
30704,0,366,178
30705,0,367,178
30706,0,368,178
30707,0,369,178
30708,0,418,178
30709,0,419,178
30710,0,420,178
30711,0,421,178
30712,0,422,178
30713,0,423,178
30714,0,424,178
30715,0,425,178
30716,0,426,178
30717,0,427,178
30718,0,428,178
30719,0,429,178
30720,0,430,178
30721,0,431,178
30722,0,432,178
30723,0,433,178
30724,0,434,178
30725,0,435,178
30726,0,436,178
30727,0,437,178
30728,0,438,178
30729,0,439,178
30730,0,440,178
30731,0,441,178
30732,0,442,178
30733,0,443,178
30734,0,444,178
30735,0,445,178
30736,0,446,178
30737,0,447,178
30738,0,448,178
30739,0,449,178
30740,0,450,178
30741,0,451,178
30742,0,452,178
30743,0,453,178
30744,0,454,178
30745,0,455,178
30746,0,456,178
30747,0,457,178
30748,0,458,178
30749,0,459,178
30750,0,460,178
30751,0,461,178
30752,0,462,178
30753,0,463,178
30754,0,464,178
30755,0,465,178
30756,0,466,178
30757,0,467,178
30758,0,468,178
30759,0,469,178
30760,0,470,178
30761,0,471,178
30762,0,472,178
30763,0,473,178
30764,0,474,178
30765,0,475,178
30766,0,476,178
30767,0,477,178
30768,0,478,178
30769,0,479,178
30770,0,480,178
30771,0,481,178
30772,0,482,178
30773,0,483,178
30774,0,484,178
30775,0,485,178
30776,0,486,178
30777,0,487,178
30778,0,488,178
30779,0,489,178
30780,0,490,178
30781,0,491,178
30782,0,492,178
30783,0,493,178
30784,0,494,178
30785,0,495,178
30786,0,496,178
30787,0,497,178
30788,0,498,178
30789,0,499,178
30790,0,500,178
30791,0,501,178
30792,0,502,178
30793,0,503,178
30794,0,504,178
30795,0,505,178
30796,0,506,178
30797,0,507,178
30798,0,508,178
30799,0,509,178
30800,0,510,178
30801,0,511,178
30802,0,512,178
30803,0,513,178
30804,0,514,178
30805,0,515,178
30806,0,516,178
30807,0,517,178
30808,0,518,178
30809,0,519,178
30810,0,520,178
30811,0,521,178
30812,0,522,178
30813,0,523,178
30814,0,524,178
30815,0,525,178
30816,0,526,178
30817,0,527,178
30818,0,528,178
30819,0,529,178
30820,0,81,179
30821,0,82,179
30822,0,83,179
30823,0,84,179
30824,0,85,179
30825,0,86,179
30826,0,87,179
30827,0,88,179
30828,0,89,179
30829,0,90,179
30830,0,91,179
30831,0,92,179
30832,0,93,179
30833,0,94,179
30834,0,95,179
30835,0,96,179
30836,0,97,179
30837,0,242,179
30838,0,243,179
30839,0,244,179
30840,0,245,179
30841,0,246,179
30842,0,247,179
30843,0,248,179
30844,0,249,179
30845,0,250,179
30846,0,251,179
30847,0,252,179
30848,0,254,179
30849,0,255,179
30850,0,256,179
30851,0,257,179
30852,0,337,179
30853,0,338,179
30854,0,339,179
30855,0,340,179
30856,0,341,179
30857,0,342,179
30858,0,343,179
30859,0,344,179
30860,0,345,179
30861,0,346,179
30862,0,347,179
30863,0,348,179
30864,0,349,179
30865,0,350,179
30866,0,351,179
30867,0,352,179
30868,0,353,179
30869,0,354,179
30870,0,355,179
30871,0,356,179
30872,0,357,179
30873,0,358,179
30874,0,359,179
30875,0,360,179
30876,0,361,179
30877,0,362,179
30878,0,363,179
30879,0,364,179
30880,0,365,179
30881,0,366,179
30882,0,367,179
30883,0,368,179
30884,0,369,179
30885,0,418,179
30886,0,419,179
30887,0,420,179
30888,0,421,179
30889,0,422,179
30890,0,423,179
30891,0,424,179
30892,0,425,179
30893,0,426,179
30894,0,427,179
30895,0,428,179
30896,0,429,179
30897,0,430,179
30898,0,431,179
30899,0,432,179
30900,0,433,179
30901,0,434,179
30902,0,435,179
30903,0,436,179
30904,0,437,179
30905,0,438,179
30906,0,439,179
30907,0,440,179
30908,0,441,179
30909,0,442,179
30910,0,443,179
30911,0,444,179
30912,0,445,179
30913,0,446,179
30914,0,447,179
30915,0,448,179
30916,0,449,179
30917,0,450,179
30918,0,451,179
30919,0,452,179
30920,0,453,179
30921,0,454,179
30922,0,455,179
30923,0,456,179
30924,0,457,179
30925,0,458,179
30926,0,459,179
30927,0,460,179
30928,0,461,179
30929,0,462,179
30930,0,463,179
30931,0,464,179
30932,0,465,179
30933,0,466,179
30934,0,467,179
30935,0,468,179
30936,0,469,179
30937,0,470,179
30938,0,471,179
30939,0,472,179
30940,0,473,179
30941,0,474,179
30942,0,475,179
30943,0,476,179
30944,0,477,179
30945,0,478,179
30946,0,479,179
30947,0,480,179
30948,0,481,179
30949,0,482,179
30950,0,483,179
30951,0,484,179
30952,0,485,179
30953,0,486,179
30954,0,487,179
30955,0,488,179
30956,0,489,179
30957,0,490,179
30958,0,491,179
30959,0,492,179
30960,0,493,179
30961,0,494,179
30962,0,495,179
30963,0,496,179
30964,0,497,179
30965,0,498,179
30966,0,499,179
30967,0,500,179
30968,0,501,179
30969,0,502,179
30970,0,503,179
30971,0,504,179
30972,0,505,179
30973,0,506,179
30974,0,507,179
30975,0,508,179
30976,0,509,179
30977,0,510,179
30978,0,511,179
30979,0,512,179
30980,0,513,179
30981,0,514,179
30982,0,515,179
30983,0,516,179
30984,0,517,179
30985,0,518,179
30986,0,519,179
30987,0,520,179
30988,0,521,179
30989,0,522,179
30990,0,523,179
30991,0,524,179
30992,0,525,179
30993,0,526,179
30994,0,527,179
30995,0,528,179
30996,0,529,179
30997,0,81,180
30998,0,82,180
30999,0,83,180
31000,0,84,180
31001,0,85,180
31002,0,86,180
31003,0,87,180
31004,0,88,180
31005,0,89,180
31006,0,90,180
31007,0,91,180
31008,0,92,180
31009,0,93,180
31010,0,94,180
31011,0,95,180
31012,0,96,180
31013,0,97,180
31014,0,242,180
31015,0,243,180
31016,0,244,180
31017,0,245,180
31018,0,246,180
31019,0,247,180
31020,0,248,180
31021,0,249,180
31022,0,250,180
31023,0,251,180
31024,0,252,180
31025,0,254,180
31026,0,255,180
31027,0,256,180
31028,0,257,180
31029,0,337,180
31030,0,338,180
31031,0,339,180
31032,0,340,180
31033,0,341,180
31034,0,342,180
31035,0,343,180
31036,0,344,180
31037,0,345,180
31038,0,346,180
31039,0,347,180
31040,0,348,180
31041,0,349,180
31042,0,350,180
31043,0,351,180
31044,0,352,180
31045,0,353,180
31046,0,354,180
31047,0,355,180
31048,0,356,180
31049,0,357,180
31050,0,358,180
31051,0,359,180
31052,0,360,180
31053,0,361,180
31054,0,362,180
31055,0,363,180
31056,0,364,180
31057,0,365,180
31058,0,366,180
31059,0,367,180
31060,0,368,180
31061,0,369,180
31062,0,418,180
31063,0,419,180
31064,0,420,180
31065,0,421,180
31066,0,422,180
31067,0,423,180
31068,0,424,180
31069,0,425,180
31070,0,426,180
31071,0,427,180
31072,0,428,180
31073,0,429,180
31074,0,430,180
31075,0,431,180
31076,0,432,180
31077,0,433,180
31078,0,434,180
31079,0,435,180
31080,0,436,180
31081,0,437,180
31082,0,438,180
31083,0,439,180
31084,0,440,180
31085,0,441,180
31086,0,442,180
31087,0,443,180
31088,0,444,180
31089,0,445,180
31090,0,446,180
31091,0,447,180
31092,0,448,180
31093,0,449,180
31094,0,450,180
31095,0,451,180
31096,0,452,180
31097,0,453,180
31098,0,454,180
31099,0,455,180
31100,0,456,180
31101,0,457,180
31102,0,458,180
31103,0,459,180
31104,0,460,180
31105,0,461,180
31106,0,462,180
31107,0,463,180
31108,0,464,180
31109,0,465,180
31110,0,466,180
31111,0,467,180
31112,0,468,180
31113,0,469,180
31114,0,470,180
31115,0,471,180
31116,0,472,180
31117,0,473,180
31118,0,474,180
31119,0,475,180
31120,0,476,180
31121,0,477,180
31122,0,478,180
31123,0,479,180
31124,0,480,180
31125,0,481,180
31126,0,482,180
31127,0,483,180
31128,0,484,180
31129,0,485,180
31130,0,486,180
31131,0,487,180
31132,0,488,180
31133,0,489,180
31134,0,490,180
31135,0,491,180
31136,0,492,180
31137,0,493,180
31138,0,494,180
31139,0,495,180
31140,0,496,180
31141,0,497,180
31142,0,498,180
31143,0,499,180
31144,0,500,180
31145,0,501,180
31146,0,502,180
31147,0,503,180
31148,0,504,180
31149,0,505,180
31150,0,506,180
31151,0,507,180
31152,0,508,180
31153,0,509,180
31154,0,510,180
31155,0,511,180
31156,0,512,180
31157,0,513,180
31158,0,514,180
31159,0,515,180
31160,0,516,180
31161,0,517,180
31162,0,518,180
31163,0,519,180
31164,0,520,180
31165,0,521,180
31166,0,522,180
31167,0,523,180
31168,0,524,180
31169,0,525,180
31170,0,526,180
31171,0,527,180
31172,0,528,180
31173,0,529,180
31174,0,82,181
31175,0,83,181
31176,0,84,181
31177,0,85,181
31178,0,86,181
31179,0,87,181
31180,0,88,181
31181,0,89,181
31182,0,90,181
31183,0,91,181
31184,0,92,181
31185,0,93,181
31186,0,94,181
31187,0,95,181
31188,0,96,181
31189,0,97,181
31190,0,242,181
31191,0,243,181
31192,0,244,181
31193,0,245,181
31194,0,247,181
31195,0,248,181
31196,0,249,181
31197,0,250,181
31198,0,251,181
31199,0,252,181
31200,0,253,181
31201,0,254,181
31202,0,255,181
31203,0,256,181
31204,0,257,181
31205,0,338,181
31206,0,339,181
31207,0,340,181
31208,0,341,181
31209,0,342,181
31210,0,343,181
31211,0,344,181
31212,0,345,181
31213,0,346,181
31214,0,347,181
31215,0,348,181
31216,0,349,181
31217,0,350,181
31218,0,351,181
31219,0,352,181
31220,0,353,181
31221,0,354,181
31222,0,355,181
31223,0,356,181
31224,0,357,181
31225,0,358,181
31226,0,359,181
31227,0,360,181
31228,0,361,181
31229,0,362,181
31230,0,363,181
31231,0,364,181
31232,0,365,181
31233,0,366,181
31234,0,367,181
31235,0,368,181
31236,0,369,181
31237,0,418,181
31238,0,419,181
31239,0,420,181
31240,0,421,181
31241,0,422,181
31242,0,423,181
31243,0,424,181
31244,0,425,181
31245,0,426,181
31246,0,427,181
31247,0,428,181
31248,0,429,181
31249,0,430,181
31250,0,431,181
31251,0,432,181
31252,0,433,181
31253,0,434,181
31254,0,435,181
31255,0,436,181
31256,0,437,181
31257,0,438,181
31258,0,439,181
31259,0,440,181
31260,0,441,181
31261,0,442,181
31262,0,443,181
31263,0,444,181
31264,0,445,181
31265,0,446,181
31266,0,447,181
31267,0,448,181
31268,0,449,181
31269,0,450,181
31270,0,451,181
31271,0,452,181
31272,0,453,181
31273,0,454,181
31274,0,455,181
31275,0,456,181
31276,0,457,181
31277,0,458,181
31278,0,459,181
31279,0,460,181
31280,0,461,181
31281,0,462,181
31282,0,463,181
31283,0,464,181
31284,0,465,181
31285,0,466,181
31286,0,467,181
31287,0,468,181
31288,0,469,181
31289,0,470,181
31290,0,471,181
31291,0,472,181
31292,0,473,181
31293,0,474,181
31294,0,475,181
31295,0,476,181
31296,0,477,181
31297,0,478,181
31298,0,479,181
31299,0,480,181
31300,0,481,181
31301,0,482,181
31302,0,483,181
31303,0,484,181
31304,0,485,181
31305,0,486,181
31306,0,487,181
31307,0,488,181
31308,0,489,181
31309,0,490,181
31310,0,491,181
31311,0,492,181
31312,0,493,181
31313,0,494,181
31314,0,495,181
31315,0,496,181
31316,0,497,181
31317,0,498,181
31318,0,499,181
31319,0,500,181
31320,0,501,181
31321,0,502,181
31322,0,503,181
31323,0,504,181
31324,0,505,181
31325,0,506,181
31326,0,507,181
31327,0,508,181
31328,0,509,181
31329,0,510,181
31330,0,511,181
31331,0,512,181
31332,0,513,181
31333,0,514,181
31334,0,515,181
31335,0,516,181
31336,0,517,181
31337,0,518,181
31338,0,519,181
31339,0,520,181
31340,0,521,181
31341,0,522,181
31342,0,523,181
31343,0,524,181
31344,0,525,181
31345,0,526,181
31346,0,527,181
31347,0,528,181
31348,0,529,181
31349,0,82,182
31350,0,83,182
31351,0,84,182
31352,0,85,182
31353,0,86,182
31354,0,87,182
31355,0,88,182
31356,0,89,182
31357,0,90,182
31358,0,91,182
31359,0,92,182
31360,0,93,182
31361,0,94,182
31362,0,95,182
31363,0,96,182
31364,0,97,182
31365,0,242,182
31366,0,243,182
31367,0,244,182
31368,0,245,182
31369,0,246,182
31370,0,247,182
31371,0,248,182
31372,0,249,182
31373,0,250,182
31374,0,251,182
31375,0,252,182
31376,0,253,182
31377,0,254,182
31378,0,255,182
31379,0,256,182
31380,0,257,182
31381,0,338,182
31382,0,339,182
31383,0,340,182
31384,0,341,182
31385,0,342,182
31386,0,343,182
31387,0,344,182
31388,0,345,182
31389,0,346,182
31390,0,347,182
31391,0,348,182
31392,0,349,182
31393,0,350,182
31394,0,351,182
31395,0,352,182
31396,0,353,182
31397,0,354,182
31398,0,355,182
31399,0,356,182
31400,0,357,182
31401,0,358,182
31402,0,359,182
31403,0,360,182
31404,0,361,182
31405,0,362,182
31406,0,363,182
31407,0,364,182
31408,0,365,182
31409,0,366,182
31410,0,367,182
31411,0,368,182
31412,0,369,182
31413,0,418,182
31414,0,419,182
31415,0,420,182
31416,0,421,182
31417,0,422,182
31418,0,423,182
31419,0,424,182
31420,0,425,182
31421,0,426,182
31422,0,427,182
31423,0,428,182
31424,0,429,182
31425,0,430,182
31426,0,431,182
31427,0,432,182
31428,0,433,182
31429,0,434,182
31430,0,435,182
31431,0,436,182
31432,0,437,182
31433,0,438,182
31434,0,439,182
31435,0,440,182
31436,0,441,182
31437,0,442,182
31438,0,443,182
31439,0,444,182
31440,0,445,182
31441,0,446,182
31442,0,447,182
31443,0,448,182
31444,0,449,182
31445,0,450,182
31446,0,451,182
31447,0,452,182
31448,0,453,182
31449,0,454,182
31450,0,455,182
31451,0,456,182
31452,0,457,182
31453,0,458,182
31454,0,459,182
31455,0,460,182
31456,0,461,182
31457,0,462,182
31458,0,463,182
31459,0,464,182
31460,0,465,182
31461,0,466,182
31462,0,467,182
31463,0,468,182
31464,0,469,182
31465,0,470,182
31466,0,471,182
31467,0,472,182
31468,0,473,182
31469,0,474,182
31470,0,475,182
31471,0,476,182
31472,0,477,182
31473,0,478,182
31474,0,479,182
31475,0,480,182
31476,0,481,182
31477,0,482,182
31478,0,483,182
31479,0,484,182
31480,0,485,182
31481,0,486,182
31482,0,487,182
31483,0,488,182
31484,0,489,182
31485,0,490,182
31486,0,491,182
31487,0,492,182
31488,0,493,182
31489,0,494,182
31490,0,495,182
31491,0,496,182
31492,0,497,182
31493,0,498,182
31494,0,499,182
31495,0,500,182
31496,0,501,182
31497,0,502,182
31498,0,503,182
31499,0,504,182
31500,0,505,182
31501,0,506,182
31502,0,507,182
31503,0,508,182
31504,0,509,182
31505,0,510,182
31506,0,511,182
31507,0,512,182
31508,0,513,182
31509,0,514,182
31510,0,515,182
31511,0,516,182
31512,0,517,182
31513,0,518,182
31514,0,519,182
31515,0,520,182
31516,0,521,182
31517,0,522,182
31518,0,523,182
31519,0,524,182
31520,0,525,182
31521,0,526,182
31522,0,527,182
31523,0,528,182
31524,0,529,182
31525,0,82,183
31526,0,83,183
31527,0,84,183
31528,0,85,183
31529,0,86,183
31530,0,87,183
31531,0,88,183
31532,0,89,183
31533,0,90,183
31534,0,91,183
31535,0,92,183
31536,0,93,183
31537,0,94,183
31538,0,95,183
31539,0,96,183
31540,0,97,183
31541,0,242,183
31542,0,243,183
31543,0,244,183
31544,0,245,183
31545,0,246,183
31546,0,247,183
31547,0,248,183
31548,0,249,183
31549,0,250,183
31550,0,251,183
31551,0,252,183
31552,0,253,183
31553,0,254,183
31554,0,255,183
31555,0,256,183
31556,0,257,183
31557,0,338,183
31558,0,339,183
31559,0,340,183
31560,0,341,183
31561,0,342,183
31562,0,343,183
31563,0,344,183
31564,0,345,183
31565,0,346,183
31566,0,347,183
31567,0,348,183
31568,0,349,183
31569,0,350,183
31570,0,351,183
31571,0,352,183
31572,0,353,183
31573,0,354,183
31574,0,355,183
31575,0,356,183
31576,0,357,183
31577,0,358,183
31578,0,359,183
31579,0,360,183
31580,0,361,183
31581,0,362,183
31582,0,363,183
31583,0,364,183
31584,0,365,183
31585,0,366,183
31586,0,367,183
31587,0,368,183
31588,0,369,183
31589,0,418,183
31590,0,419,183
31591,0,420,183
31592,0,421,183
31593,0,422,183
31594,0,423,183
31595,0,424,183
31596,0,425,183
31597,0,426,183
31598,0,427,183
31599,0,428,183
31600,0,429,183
31601,0,430,183
31602,0,431,183
31603,0,432,183
31604,0,433,183
31605,0,434,183
31606,0,435,183
31607,0,436,183
31608,0,437,183
31609,0,438,183
31610,0,439,183
31611,0,440,183
31612,0,441,183
31613,0,442,183
31614,0,443,183
31615,0,444,183
31616,0,445,183
31617,0,446,183
31618,0,447,183
31619,0,448,183
31620,0,449,183
31621,0,450,183
31622,0,451,183
31623,0,452,183
31624,0,453,183
31625,0,454,183
31626,0,455,183
31627,0,456,183
31628,0,457,183
31629,0,458,183
31630,0,459,183
31631,0,460,183
31632,0,461,183
31633,0,462,183
31634,0,463,183
31635,0,464,183
31636,0,465,183
31637,0,466,183
31638,0,467,183
31639,0,468,183
31640,0,469,183
31641,0,470,183
31642,0,471,183
31643,0,472,183
31644,0,473,183
31645,0,474,183
31646,0,475,183
31647,0,476,183
31648,0,477,183
31649,0,478,183
31650,0,479,183
31651,0,480,183
31652,0,481,183
31653,0,482,183
31654,0,483,183
31655,0,484,183
31656,0,485,183
31657,0,486,183
31658,0,487,183
31659,0,488,183
31660,0,489,183
31661,0,490,183
31662,0,491,183
31663,0,492,183
31664,0,493,183
31665,0,494,183
31666,0,495,183
31667,0,496,183
31668,0,497,183
31669,0,498,183
31670,0,499,183
31671,0,500,183
31672,0,501,183
31673,0,502,183
31674,0,503,183
31675,0,504,183
31676,0,505,183
31677,0,506,183
31678,0,507,183
31679,0,508,183
31680,0,509,183
31681,0,510,183
31682,0,511,183
31683,0,512,183
31684,0,513,183
31685,0,514,183
31686,0,515,183
31687,0,516,183
31688,0,517,183
31689,0,518,183
31690,0,519,183
31691,0,520,183
31692,0,521,183
31693,0,522,183
31694,0,523,183
31695,0,524,183
31696,0,525,183
31697,0,526,183
31698,0,527,183
31699,0,528,183
31700,0,529,183
31701,0,82,184
31702,0,83,184
31703,0,84,184
31704,0,85,184
31705,0,86,184
31706,0,87,184
31707,0,88,184
31708,0,89,184
31709,0,90,184
31710,0,91,184
31711,0,92,184
31712,0,93,184
31713,0,94,184
31714,0,95,184
31715,0,96,184
31716,0,97,184
31717,0,242,184
31718,0,243,184
31719,0,244,184
31720,0,245,184
31721,0,246,184
31722,0,247,184
31723,0,248,184
31724,0,249,184
31725,0,250,184
31726,0,251,184
31727,0,252,184
31728,0,253,184
31729,0,254,184
31730,0,255,184
31731,0,256,184
31732,0,257,184
31733,0,338,184
31734,0,339,184
31735,0,340,184
31736,0,341,184
31737,0,342,184
31738,0,343,184
31739,0,344,184
31740,0,345,184
31741,0,346,184
31742,0,347,184
31743,0,348,184
31744,0,349,184
31745,0,350,184
31746,0,351,184
31747,0,352,184
31748,0,353,184
31749,0,354,184
31750,0,355,184
31751,0,356,184
31752,0,357,184
31753,0,358,184
31754,0,359,184
31755,0,360,184
31756,0,361,184
31757,0,362,184
31758,0,363,184
31759,0,364,184
31760,0,365,184
31761,0,366,184
31762,0,367,184
31763,0,368,184
31764,0,369,184
31765,0,418,184
31766,0,419,184
31767,0,420,184
31768,0,421,184
31769,0,422,184
31770,0,423,184
31771,0,424,184
31772,0,425,184
31773,0,426,184
31774,0,427,184
31775,0,428,184
31776,0,429,184
31777,0,430,184
31778,0,431,184
31779,0,432,184
31780,0,433,184
31781,0,434,184
31782,0,435,184
31783,0,436,184
31784,0,437,184
31785,0,438,184
31786,0,439,184
31787,0,440,184
31788,0,441,184
31789,0,442,184
31790,0,443,184
31791,0,444,184
31792,0,445,184
31793,0,446,184
31794,0,447,184
31795,0,448,184
31796,0,449,184
31797,0,450,184
31798,0,451,184
31799,0,452,184
31800,0,453,184
31801,0,454,184
31802,0,455,184
31803,0,456,184
31804,0,457,184
31805,0,458,184
31806,0,459,184
31807,0,460,184
31808,0,461,184
31809,0,462,184
31810,0,463,184
31811,0,464,184
31812,0,465,184
31813,0,466,184
31814,0,467,184
31815,0,468,184
31816,0,469,184
31817,0,470,184
31818,0,471,184
31819,0,472,184
31820,0,473,184
31821,0,474,184
31822,0,475,184
31823,0,476,184
31824,0,477,184
31825,0,478,184
31826,0,479,184
31827,0,480,184
31828,0,481,184
31829,0,482,184
31830,0,483,184
31831,0,484,184
31832,0,485,184
31833,0,486,184
31834,0,487,184
31835,0,488,184
31836,0,489,184
31837,0,490,184
31838,0,491,184
31839,0,492,184
31840,0,493,184
31841,0,494,184
31842,0,495,184
31843,0,496,184
31844,0,497,184
31845,0,498,184
31846,0,499,184
31847,0,500,184
31848,0,501,184
31849,0,502,184
31850,0,503,184
31851,0,504,184
31852,0,505,184
31853,0,506,184
31854,0,507,184
31855,0,508,184
31856,0,509,184
31857,0,510,184
31858,0,511,184
31859,0,512,184
31860,0,513,184
31861,0,514,184
31862,0,515,184
31863,0,516,184
31864,0,517,184
31865,0,518,184
31866,0,519,184
31867,0,520,184
31868,0,521,184
31869,0,522,184
31870,0,523,184
31871,0,524,184
31872,0,525,184
31873,0,526,184
31874,0,527,184
31875,0,528,184
31876,0,529,184
31877,0,82,185
31878,0,83,185
31879,0,84,185
31880,0,85,185
31881,0,86,185
31882,0,87,185
31883,0,88,185
31884,0,89,185
31885,0,90,185
31886,0,91,185
31887,0,92,185
31888,0,93,185
31889,0,94,185
31890,0,95,185
31891,0,96,185
31892,0,97,185
31893,0,242,185
31894,0,243,185
31895,0,244,185
31896,0,245,185
31897,0,246,185
31898,0,247,185
31899,0,248,185
31900,0,249,185
31901,0,250,185
31902,0,251,185
31903,0,252,185
31904,0,253,185
31905,0,254,185
31906,0,255,185
31907,0,256,185
31908,0,257,185
31909,0,338,185
31910,0,339,185
31911,0,340,185
31912,0,341,185
31913,0,342,185
31914,0,343,185
31915,0,344,185
31916,0,345,185
31917,0,346,185
31918,0,347,185
31919,0,348,185
31920,0,349,185
31921,0,350,185
31922,0,351,185
31923,0,352,185
31924,0,353,185
31925,0,354,185
31926,0,355,185
31927,0,356,185
31928,0,357,185
31929,0,358,185
31930,0,359,185
31931,0,360,185
31932,0,361,185
31933,0,362,185
31934,0,363,185
31935,0,364,185
31936,0,365,185
31937,0,366,185
31938,0,367,185
31939,0,368,185
31940,0,369,185
31941,0,418,185
31942,0,419,185
31943,0,420,185
31944,0,421,185
31945,0,422,185
31946,0,423,185
31947,0,424,185
31948,0,425,185
31949,0,426,185
31950,0,427,185
31951,0,428,185
31952,0,429,185
31953,0,430,185
31954,0,431,185
31955,0,432,185
31956,0,433,185
31957,0,434,185
31958,0,435,185
31959,0,436,185
31960,0,437,185
31961,0,438,185
31962,0,439,185
31963,0,440,185
31964,0,441,185
31965,0,442,185
31966,0,443,185
31967,0,444,185
31968,0,445,185
31969,0,446,185
31970,0,447,185
31971,0,448,185
31972,0,449,185
31973,0,450,185
31974,0,451,185
31975,0,452,185
31976,0,453,185
31977,0,454,185
31978,0,455,185
31979,0,456,185
31980,0,457,185
31981,0,458,185
31982,0,459,185
31983,0,460,185
31984,0,461,185
31985,0,462,185
31986,0,463,185
31987,0,464,185
31988,0,465,185
31989,0,466,185
31990,0,467,185
31991,0,468,185
31992,0,469,185
31993,0,470,185
31994,0,471,185
31995,0,472,185
31996,0,473,185
31997,0,474,185
31998,0,475,185
31999,0,476,185
32000,0,477,185
32001,0,478,185
32002,0,479,185
32003,0,480,185
32004,0,481,185
32005,0,482,185
32006,0,483,185
32007,0,484,185
32008,0,485,185
32009,0,486,185
32010,0,487,185
32011,0,488,185
32012,0,489,185
32013,0,490,185
32014,0,491,185
32015,0,492,185
32016,0,493,185
32017,0,494,185
32018,0,495,185
32019,0,496,185
32020,0,497,185
32021,0,498,185
32022,0,499,185
32023,0,500,185
32024,0,501,185
32025,0,502,185
32026,0,503,185
32027,0,504,185
32028,0,505,185
32029,0,506,185
32030,0,507,185
32031,0,508,185
32032,0,509,185
32033,0,510,185
32034,0,511,185
32035,0,512,185
32036,0,513,185
32037,0,514,185
32038,0,515,185
32039,0,516,185
32040,0,517,185
32041,0,518,185
32042,0,519,185
32043,0,520,185
32044,0,521,185
32045,0,522,185
32046,0,523,185
32047,0,524,185
32048,0,525,185
32049,0,526,185
32050,0,527,185
32051,0,528,185
32052,0,529,185
32053,0,82,186
32054,0,83,186
32055,0,84,186
32056,0,85,186
32057,0,86,186
32058,0,87,186
32059,0,88,186
32060,0,89,186
32061,0,90,186
32062,0,91,186
32063,0,92,186
32064,0,93,186
32065,0,94,186
32066,0,95,186
32067,0,96,186
32068,0,97,186
32069,0,242,186
32070,0,243,186
32071,0,244,186
32072,0,245,186
32073,0,246,186
32074,0,247,186
32075,0,248,186
32076,0,249,186
32077,0,250,186
32078,0,251,186
32079,0,252,186
32080,0,253,186
32081,0,254,186
32082,0,255,186
32083,0,256,186
32084,0,257,186
32085,0,338,186
32086,0,339,186
32087,0,340,186
32088,0,341,186
32089,0,342,186
32090,0,343,186
32091,0,344,186
32092,0,345,186
32093,0,346,186
32094,0,347,186
32095,0,348,186
32096,0,349,186
32097,0,350,186
32098,0,351,186
32099,0,352,186
32100,0,353,186
32101,0,354,186
32102,0,355,186
32103,0,356,186
32104,0,357,186
32105,0,358,186
32106,0,359,186
32107,0,360,186
32108,0,361,186
32109,0,362,186
32110,0,363,186
32111,0,364,186
32112,0,365,186
32113,0,366,186
32114,0,367,186
32115,0,368,186
32116,0,369,186
32117,0,418,186
32118,0,419,186
32119,0,420,186
32120,0,421,186
32121,0,422,186
32122,0,423,186
32123,0,424,186
32124,0,425,186
32125,0,426,186
32126,0,427,186
32127,0,428,186
32128,0,429,186
32129,0,430,186
32130,0,431,186
32131,0,432,186
32132,0,433,186
32133,0,434,186
32134,0,435,186
32135,0,436,186
32136,0,437,186
32137,0,438,186
32138,0,439,186
32139,0,440,186
32140,0,441,186
32141,0,442,186
32142,0,443,186
32143,0,444,186
32144,0,445,186
32145,0,446,186
32146,0,447,186
32147,0,448,186
32148,0,449,186
32149,0,450,186
32150,0,451,186
32151,0,452,186
32152,0,453,186
32153,0,454,186
32154,0,455,186
32155,0,456,186
32156,0,457,186
32157,0,458,186
32158,0,459,186
32159,0,460,186
32160,0,461,186
32161,0,462,186
32162,0,463,186
32163,0,464,186
32164,0,465,186
32165,0,466,186
32166,0,467,186
32167,0,468,186
32168,0,469,186
32169,0,470,186
32170,0,471,186
32171,0,472,186
32172,0,473,186
32173,0,474,186
32174,0,475,186
32175,0,476,186
32176,0,477,186
32177,0,478,186
32178,0,479,186
32179,0,480,186
32180,0,481,186
32181,0,482,186
32182,0,483,186
32183,0,484,186
32184,0,485,186
32185,0,486,186
32186,0,487,186
32187,0,488,186
32188,0,489,186
32189,0,490,186
32190,0,491,186
32191,0,492,186
32192,0,493,186
32193,0,494,186
32194,0,495,186
32195,0,496,186
32196,0,497,186
32197,0,498,186
32198,0,499,186
32199,0,500,186
32200,0,501,186
32201,0,502,186
32202,0,503,186
32203,0,504,186
32204,0,505,186
32205,0,506,186
32206,0,507,186
32207,0,508,186
32208,0,509,186
32209,0,510,186
32210,0,511,186
32211,0,512,186
32212,0,513,186
32213,0,514,186
32214,0,515,186
32215,0,516,186
32216,0,517,186
32217,0,518,186
32218,0,519,186
32219,0,520,186
32220,0,521,186
32221,0,522,186
32222,0,523,186
32223,0,524,186
32224,0,525,186
32225,0,526,186
32226,0,527,186
32227,0,528,186
32228,0,529,186
32229,0,82,187
32230,0,83,187
32231,0,84,187
32232,0,85,187
32233,0,86,187
32234,0,87,187
32235,0,88,187
32236,0,89,187
32237,0,90,187
32238,0,91,187
32239,0,92,187
32240,0,93,187
32241,0,94,187
32242,0,95,187
32243,0,96,187
32244,0,97,187
32245,0,242,187
32246,0,243,187
32247,0,244,187
32248,0,245,187
32249,0,246,187
32250,0,247,187
32251,0,248,187
32252,0,249,187
32253,0,250,187
32254,0,251,187
32255,0,252,187
32256,0,253,187
32257,0,254,187
32258,0,255,187
32259,0,256,187
32260,0,257,187
32261,0,338,187
32262,0,339,187
32263,0,340,187
32264,0,341,187
32265,0,342,187
32266,0,343,187
32267,0,344,187
32268,0,345,187
32269,0,346,187
32270,0,347,187
32271,0,348,187
32272,0,349,187
32273,0,350,187
32274,0,351,187
32275,0,352,187
32276,0,353,187
32277,0,354,187
32278,0,355,187
32279,0,356,187
32280,0,357,187
32281,0,358,187
32282,0,359,187
32283,0,360,187
32284,0,361,187
32285,0,362,187
32286,0,363,187
32287,0,364,187
32288,0,365,187
32289,0,366,187
32290,0,367,187
32291,0,368,187
32292,0,369,187
32293,0,418,187
32294,0,419,187
32295,0,420,187
32296,0,421,187
32297,0,422,187
32298,0,423,187
32299,0,424,187
32300,0,425,187
32301,0,426,187
32302,0,427,187
32303,0,428,187
32304,0,429,187
32305,0,430,187
32306,0,431,187
32307,0,432,187
32308,0,433,187
32309,0,434,187
32310,0,435,187
32311,0,436,187
32312,0,437,187
32313,0,438,187
32314,0,439,187
32315,0,440,187
32316,0,441,187
32317,0,442,187
32318,0,443,187
32319,0,444,187
32320,0,445,187
32321,0,446,187
32322,0,447,187
32323,0,448,187
32324,0,449,187
32325,0,450,187
32326,0,451,187
32327,0,452,187
32328,0,453,187
32329,0,454,187
32330,0,455,187
32331,0,456,187
32332,0,457,187
32333,0,458,187
32334,0,459,187
32335,0,460,187
32336,0,461,187
32337,0,462,187
32338,0,463,187
32339,0,464,187
32340,0,465,187
32341,0,466,187
32342,0,467,187
32343,0,468,187
32344,0,469,187
32345,0,470,187
32346,0,471,187
32347,0,472,187
32348,0,473,187
32349,0,474,187
32350,0,475,187
32351,0,476,187
32352,0,477,187
32353,0,478,187
32354,0,479,187
32355,0,480,187
32356,0,481,187
32357,0,482,187
32358,0,483,187
32359,0,484,187
32360,0,485,187
32361,0,486,187
32362,0,487,187
32363,0,488,187
32364,0,489,187
32365,0,490,187
32366,0,491,187
32367,0,492,187
32368,0,493,187
32369,0,494,187
32370,0,495,187
32371,0,496,187
32372,0,497,187
32373,0,498,187
32374,0,499,187
32375,0,500,187
32376,0,501,187
32377,0,502,187
32378,0,503,187
32379,0,504,187
32380,0,505,187
32381,0,506,187
32382,0,507,187
32383,0,508,187
32384,0,509,187
32385,0,510,187
32386,0,511,187
32387,0,512,187
32388,0,513,187
32389,0,514,187
32390,0,515,187
32391,0,516,187
32392,0,517,187
32393,0,518,187
32394,0,519,187
32395,0,520,187
32396,0,521,187
32397,0,522,187
32398,0,523,187
32399,0,524,187
32400,0,525,187
32401,0,526,187
32402,0,527,187
32403,0,528,187
32404,0,529,187
32405,0,82,188
32406,0,83,188
32407,0,84,188
32408,0,85,188
32409,0,86,188
32410,0,87,188
32411,0,88,188
32412,0,89,188
32413,0,90,188
32414,0,91,188
32415,0,92,188
32416,0,93,188
32417,0,94,188
32418,0,95,188
32419,0,96,188
32420,0,97,188
32421,0,242,188
32422,0,243,188
32423,0,244,188
32424,0,245,188
32425,0,246,188
32426,0,247,188
32427,0,248,188
32428,0,249,188
32429,0,250,188
32430,0,251,188
32431,0,252,188
32432,0,253,188
32433,0,254,188
32434,0,255,188
32435,0,256,188
32436,0,257,188
32437,0,338,188
32438,0,339,188
32439,0,340,188
32440,0,341,188
32441,0,342,188
32442,0,343,188
32443,0,344,188
32444,0,345,188
32445,0,346,188
32446,0,347,188
32447,0,348,188
32448,0,349,188
32449,0,350,188
32450,0,351,188
32451,0,352,188
32452,0,353,188
32453,0,354,188
32454,0,355,188
32455,0,356,188
32456,0,357,188
32457,0,358,188
32458,0,359,188
32459,0,360,188
32460,0,361,188
32461,0,362,188
32462,0,363,188
32463,0,364,188
32464,0,365,188
32465,0,366,188
32466,0,367,188
32467,0,368,188
32468,0,369,188
32469,0,418,188
32470,0,419,188
32471,0,420,188
32472,0,421,188
32473,0,422,188
32474,0,423,188
32475,0,424,188
32476,0,425,188
32477,0,426,188
32478,0,427,188
32479,0,428,188
32480,0,429,188
32481,0,430,188
32482,0,431,188
32483,0,432,188
32484,0,433,188
32485,0,434,188
32486,0,435,188
32487,0,436,188
32488,0,437,188
32489,0,438,188
32490,0,439,188
32491,0,440,188
32492,0,441,188
32493,0,442,188
32494,0,443,188
32495,0,444,188
32496,0,445,188
32497,0,446,188
32498,0,447,188
32499,0,448,188
32500,0,449,188
32501,0,450,188
32502,0,451,188
32503,0,452,188
32504,0,453,188
32505,0,454,188
32506,0,455,188
32507,0,456,188
32508,0,457,188
32509,0,458,188
32510,0,459,188
32511,0,460,188
32512,0,461,188
32513,0,462,188
32514,0,463,188
32515,0,464,188
32516,0,465,188
32517,0,466,188
32518,0,467,188
32519,0,468,188
32520,0,469,188
32521,0,470,188
32522,0,471,188
32523,0,472,188
32524,0,473,188
32525,0,474,188
32526,0,475,188
32527,0,476,188
32528,0,477,188
32529,0,478,188
32530,0,479,188
32531,0,480,188
32532,0,481,188
32533,0,482,188
32534,0,483,188
32535,0,484,188
32536,0,485,188
32537,0,486,188
32538,0,487,188
32539,0,488,188
32540,0,489,188
32541,0,490,188
32542,0,491,188
32543,0,492,188
32544,0,493,188
32545,0,494,188
32546,0,495,188
32547,0,496,188
32548,0,497,188
32549,0,498,188
32550,0,499,188
32551,0,500,188
32552,0,501,188
32553,0,502,188
32554,0,503,188
32555,0,504,188
32556,0,505,188
32557,0,506,188
32558,0,507,188
32559,0,508,188
32560,0,509,188
32561,0,510,188
32562,0,511,188
32563,0,512,188
32564,0,513,188
32565,0,514,188
32566,0,515,188
32567,0,516,188
32568,0,517,188
32569,0,518,188
32570,0,519,188
32571,0,520,188
32572,0,521,188
32573,0,522,188
32574,0,523,188
32575,0,524,188
32576,0,525,188
32577,0,526,188
32578,0,527,188
32579,0,528,188
32580,0,529,188
32581,0,82,189
32582,0,83,189
32583,0,84,189
32584,0,85,189
32585,0,86,189
32586,0,87,189
32587,0,88,189
32588,0,89,189
32589,0,90,189
32590,0,91,189
32591,0,92,189
32592,0,93,189
32593,0,94,189
32594,0,95,189
32595,0,96,189
32596,0,97,189
32597,0,242,189
32598,0,243,189
32599,0,244,189
32600,0,245,189
32601,0,248,189
32602,0,249,189
32603,0,250,189
32604,0,251,189
32605,0,252,189
32606,0,253,189
32607,0,254,189
32608,0,255,189
32609,0,256,189
32610,0,257,189
32611,0,338,189
32612,0,339,189
32613,0,340,189
32614,0,341,189
32615,0,342,189
32616,0,343,189
32617,0,344,189
32618,0,345,189
32619,0,346,189
32620,0,347,189
32621,0,348,189
32622,0,349,189
32623,0,350,189
32624,0,351,189
32625,0,352,189
32626,0,353,189
32627,0,354,189
32628,0,355,189
32629,0,356,189
32630,0,357,189
32631,0,358,189
32632,0,359,189
32633,0,360,189
32634,0,361,189
32635,0,362,189
32636,0,363,189
32637,0,364,189
32638,0,365,189
32639,0,366,189
32640,0,367,189
32641,0,368,189
32642,0,369,189
32643,0,418,189
32644,0,419,189
32645,0,420,189
32646,0,421,189
32647,0,422,189
32648,0,423,189
32649,0,424,189
32650,0,425,189
32651,0,426,189
32652,0,427,189
32653,0,428,189
32654,0,429,189
32655,0,430,189
32656,0,431,189
32657,0,432,189
32658,0,433,189
32659,0,434,189
32660,0,435,189
32661,0,436,189
32662,0,437,189
32663,0,438,189
32664,0,439,189
32665,0,440,189
32666,0,441,189
32667,0,442,189
32668,0,443,189
32669,0,444,189
32670,0,445,189
32671,0,446,189
32672,0,447,189
32673,0,448,189
32674,0,449,189
32675,0,450,189
32676,0,451,189
32677,0,452,189
32678,0,453,189
32679,0,454,189
32680,0,455,189
32681,0,456,189
32682,0,457,189
32683,0,458,189
32684,0,459,189
32685,0,460,189
32686,0,461,189
32687,0,462,189
32688,0,463,189
32689,0,464,189
32690,0,465,189
32691,0,466,189
32692,0,467,189
32693,0,468,189
32694,0,469,189
32695,0,470,189
32696,0,471,189
32697,0,472,189
32698,0,473,189
32699,0,474,189
32700,0,475,189
32701,0,476,189
32702,0,477,189
32703,0,478,189
32704,0,479,189
32705,0,480,189
32706,0,481,189
32707,0,482,189
32708,0,483,189
32709,0,484,189
32710,0,485,189
32711,0,486,189
32712,0,487,189
32713,0,488,189
32714,0,489,189
32715,0,490,189
32716,0,491,189
32717,0,492,189
32718,0,493,189
32719,0,494,189
32720,0,495,189
32721,0,496,189
32722,0,497,189
32723,0,498,189
32724,0,499,189
32725,0,500,189
32726,0,501,189
32727,0,502,189
32728,0,503,189
32729,0,504,189
32730,0,505,189
32731,0,506,189
32732,0,507,189
32733,0,508,189
32734,0,509,189
32735,0,510,189
32736,0,511,189
32737,0,512,189
32738,0,513,189
32739,0,514,189
32740,0,515,189
32741,0,516,189
32742,0,517,189
32743,0,518,189
32744,0,519,189
32745,0,520,189
32746,0,521,189
32747,0,522,189
32748,0,523,189
32749,0,524,189
32750,0,525,189
32751,0,526,189
32752,0,527,189
32753,0,528,189
32754,0,529,189
32755,0,82,190
32756,0,83,190
32757,0,84,190
32758,0,85,190
32759,0,86,190
32760,0,87,190
32761,0,88,190
32762,0,89,190
32763,0,90,190
32764,0,91,190
32765,0,92,190
32766,0,93,190
32767,0,94,190
32768,0,95,190
32769,0,96,190
32770,0,97,190
32771,0,242,190
32772,0,243,190
32773,0,244,190
32774,0,245,190
32775,0,249,190
32776,0,250,190
32777,0,251,190
32778,0,252,190
32779,0,253,190
32780,0,254,190
32781,0,255,190
32782,0,256,190
32783,0,257,190
32784,0,338,190
32785,0,339,190
32786,0,340,190
32787,0,341,190
32788,0,342,190
32789,0,343,190
32790,0,344,190
32791,0,345,190
32792,0,346,190
32793,0,347,190
32794,0,348,190
32795,0,349,190
32796,0,350,190
32797,0,351,190
32798,0,352,190
32799,0,353,190
32800,0,354,190
32801,0,355,190
32802,0,356,190
32803,0,357,190
32804,0,358,190
32805,0,359,190
32806,0,360,190
32807,0,361,190
32808,0,362,190
32809,0,363,190
32810,0,364,190
32811,0,365,190
32812,0,366,190
32813,0,367,190
32814,0,368,190
32815,0,369,190
32816,0,418,190
32817,0,419,190
32818,0,420,190
32819,0,421,190
32820,0,422,190
32821,0,423,190
32822,0,424,190
32823,0,425,190
32824,0,426,190
32825,0,427,190
32826,0,428,190
32827,0,429,190
32828,0,430,190
32829,0,431,190
32830,0,432,190
32831,0,433,190
32832,0,434,190
32833,0,435,190
32834,0,436,190
32835,0,437,190
32836,0,438,190
32837,0,439,190
32838,0,440,190
32839,0,441,190
32840,0,442,190
32841,0,443,190
32842,0,444,190
32843,0,445,190
32844,0,446,190
32845,0,447,190
32846,0,448,190
32847,0,449,190
32848,0,450,190
32849,0,451,190
32850,0,452,190
32851,0,453,190
32852,0,454,190
32853,0,455,190
32854,0,456,190
32855,0,457,190
32856,0,458,190
32857,0,459,190
32858,0,460,190
32859,0,461,190
32860,0,462,190
32861,0,463,190
32862,0,464,190
32863,0,465,190
32864,0,466,190
32865,0,467,190
32866,0,468,190
32867,0,469,190
32868,0,470,190
32869,0,471,190
32870,0,472,190
32871,0,473,190
32872,0,474,190
32873,0,475,190
32874,0,476,190
32875,0,477,190
32876,0,478,190
32877,0,479,190
32878,0,480,190
32879,0,481,190
32880,0,482,190
32881,0,483,190
32882,0,484,190
32883,0,485,190
32884,0,486,190
32885,0,487,190
32886,0,488,190
32887,0,489,190
32888,0,490,190
32889,0,491,190
32890,0,492,190
32891,0,493,190
32892,0,494,190
32893,0,495,190
32894,0,496,190
32895,0,497,190
32896,0,498,190
32897,0,499,190
32898,0,500,190
32899,0,501,190
32900,0,502,190
32901,0,503,190
32902,0,504,190
32903,0,505,190
32904,0,506,190
32905,0,507,190
32906,0,508,190
32907,0,509,190
32908,0,510,190
32909,0,511,190
32910,0,512,190
32911,0,513,190
32912,0,514,190
32913,0,515,190
32914,0,516,190
32915,0,517,190
32916,0,518,190
32917,0,519,190
32918,0,520,190
32919,0,521,190
32920,0,522,190
32921,0,523,190
32922,0,524,190
32923,0,525,190
32924,0,526,190
32925,0,527,190
32926,0,528,190
32927,0,529,190
32928,0,82,191
32929,0,83,191
32930,0,84,191
32931,0,85,191
32932,0,86,191
32933,0,87,191
32934,0,88,191
32935,0,89,191
32936,0,90,191
32937,0,91,191
32938,0,92,191
32939,0,93,191
32940,0,94,191
32941,0,95,191
32942,0,96,191
32943,0,97,191
32944,0,242,191
32945,0,243,191
32946,0,244,191
32947,0,249,191
32948,0,250,191
32949,0,251,191
32950,0,252,191
32951,0,253,191
32952,0,254,191
32953,0,255,191
32954,0,256,191
32955,0,257,191
32956,0,337,191
32957,0,338,191
32958,0,339,191
32959,0,340,191
32960,0,341,191
32961,0,342,191
32962,0,343,191
32963,0,344,191
32964,0,345,191
32965,0,346,191
32966,0,347,191
32967,0,348,191
32968,0,349,191
32969,0,350,191
32970,0,351,191
32971,0,352,191
32972,0,353,191
32973,0,354,191
32974,0,355,191
32975,0,356,191
32976,0,357,191
32977,0,358,191
32978,0,359,191
32979,0,360,191
32980,0,361,191
32981,0,362,191
32982,0,363,191
32983,0,364,191
32984,0,365,191
32985,0,366,191
32986,0,367,191
32987,0,368,191
32988,0,369,191
32989,0,370,191
32990,0,418,191
32991,0,419,191
32992,0,420,191
32993,0,421,191
32994,0,422,191
32995,0,423,191
32996,0,424,191
32997,0,425,191
32998,0,426,191
32999,0,427,191
33000,0,428,191
33001,0,429,191
33002,0,430,191
33003,0,431,191
33004,0,432,191
33005,0,433,191
33006,0,434,191
33007,0,435,191
33008,0,436,191
33009,0,437,191
33010,0,438,191
33011,0,439,191
33012,0,440,191
33013,0,441,191
33014,0,442,191
33015,0,443,191
33016,0,444,191
33017,0,445,191
33018,0,446,191
33019,0,447,191
33020,0,448,191
33021,0,449,191
33022,0,450,191
33023,0,451,191
33024,0,452,191
33025,0,453,191
33026,0,454,191
33027,0,455,191
33028,0,456,191
33029,0,457,191
33030,0,458,191
33031,0,459,191
33032,0,460,191
33033,0,461,191
33034,0,462,191
33035,0,463,191
33036,0,464,191
33037,0,465,191
33038,0,466,191
33039,0,467,191
33040,0,468,191
33041,0,469,191
33042,0,470,191
33043,0,471,191
33044,0,472,191
33045,0,473,191
33046,0,474,191
33047,0,475,191
33048,0,476,191
33049,0,477,191
33050,0,478,191
33051,0,479,191
33052,0,480,191
33053,0,481,191
33054,0,482,191
33055,0,483,191
33056,0,485,191
33057,0,486,191
33058,0,487,191
33059,0,488,191
33060,0,489,191
33061,0,490,191
33062,0,491,191
33063,0,492,191
33064,0,493,191
33065,0,494,191
33066,0,495,191
33067,0,496,191
33068,0,497,191
33069,0,498,191
33070,0,499,191
33071,0,500,191
33072,0,501,191
33073,0,502,191
33074,0,503,191
33075,0,504,191
33076,0,505,191
33077,0,506,191
33078,0,507,191
33079,0,508,191
33080,0,509,191
33081,0,510,191
33082,0,511,191
33083,0,512,191
33084,0,513,191
33085,0,514,191
33086,0,515,191
33087,0,516,191
33088,0,517,191
33089,0,518,191
33090,0,519,191
33091,0,520,191
33092,0,521,191
33093,0,522,191
33094,0,523,191
33095,0,524,191
33096,0,525,191
33097,0,526,191
33098,0,527,191
33099,0,528,191
33100,0,529,191
33101,0,82,192
33102,0,83,192
33103,0,84,192
33104,0,85,192
33105,0,86,192
33106,0,87,192
33107,0,88,192
33108,0,89,192
33109,0,90,192
33110,0,91,192
33111,0,92,192
33112,0,93,192
33113,0,94,192
33114,0,95,192
33115,0,96,192
33116,0,97,192
33117,0,242,192
33118,0,243,192
33119,0,249,192
33120,0,250,192
33121,0,251,192
33122,0,252,192
33123,0,253,192
33124,0,254,192
33125,0,255,192
33126,0,256,192
33127,0,257,192
33128,0,338,192
33129,0,339,192
33130,0,340,192
33131,0,341,192
33132,0,342,192
33133,0,343,192
33134,0,344,192
33135,0,345,192
33136,0,346,192
33137,0,347,192
33138,0,348,192
33139,0,349,192
33140,0,350,192
33141,0,351,192
33142,0,352,192
33143,0,353,192
33144,0,354,192
33145,0,355,192
33146,0,356,192
33147,0,357,192
33148,0,358,192
33149,0,359,192
33150,0,360,192
33151,0,361,192
33152,0,362,192
33153,0,363,192
33154,0,364,192
33155,0,365,192
33156,0,366,192
33157,0,367,192
33158,0,368,192
33159,0,369,192
33160,0,418,192
33161,0,419,192
33162,0,420,192
33163,0,421,192
33164,0,422,192
33165,0,423,192
33166,0,424,192
33167,0,425,192
33168,0,426,192
33169,0,427,192
33170,0,428,192
33171,0,429,192
33172,0,430,192
33173,0,431,192
33174,0,432,192
33175,0,433,192
33176,0,434,192
33177,0,435,192
33178,0,436,192
33179,0,437,192
33180,0,438,192
33181,0,439,192
33182,0,440,192
33183,0,441,192
33184,0,442,192
33185,0,443,192
33186,0,444,192
33187,0,445,192
33188,0,446,192
33189,0,447,192
33190,0,448,192
33191,0,449,192
33192,0,450,192
33193,0,451,192
33194,0,452,192
33195,0,453,192
33196,0,454,192
33197,0,455,192
33198,0,456,192
33199,0,457,192
33200,0,458,192
33201,0,459,192
33202,0,460,192
33203,0,461,192
33204,0,462,192
33205,0,463,192
33206,0,464,192
33207,0,465,192
33208,0,466,192
33209,0,467,192
33210,0,468,192
33211,0,469,192
33212,0,470,192
33213,0,471,192
33214,0,472,192
33215,0,473,192
33216,0,474,192
33217,0,475,192
33218,0,476,192
33219,0,477,192
33220,0,478,192
33221,0,479,192
33222,0,480,192
33223,0,481,192
33224,0,482,192
33225,0,483,192
33226,0,484,192
33227,0,485,192
33228,0,486,192
33229,0,487,192
33230,0,488,192
33231,0,489,192
33232,0,490,192
33233,0,491,192
33234,0,492,192
33235,0,493,192
33236,0,494,192
33237,0,495,192
33238,0,496,192
33239,0,497,192
33240,0,498,192
33241,0,499,192
33242,0,500,192
33243,0,501,192
33244,0,502,192
33245,0,503,192
33246,0,504,192
33247,0,505,192
33248,0,506,192
33249,0,507,192
33250,0,508,192
33251,0,509,192
33252,0,510,192
33253,0,511,192
33254,0,512,192
33255,0,513,192
33256,0,514,192
33257,0,515,192
33258,0,516,192
33259,0,517,192
33260,0,518,192
33261,0,519,192
33262,0,520,192
33263,0,521,192
33264,0,522,192
33265,0,523,192
33266,0,524,192
33267,0,525,192
33268,0,526,192
33269,0,527,192
33270,0,528,192
33271,0,529,192
33272,0,82,193
33273,0,83,193
33274,0,84,193
33275,0,85,193
33276,0,86,193
33277,0,87,193
33278,0,88,193
33279,0,89,193
33280,0,90,193
33281,0,91,193
33282,0,92,193
33283,0,93,193
33284,0,94,193
33285,0,95,193
33286,0,96,193
33287,0,97,193
33288,0,242,193
33289,0,243,193
33290,0,249,193
33291,0,250,193
33292,0,251,193
33293,0,252,193
33294,0,253,193
33295,0,254,193
33296,0,255,193
33297,0,256,193
33298,0,257,193
33299,0,338,193
33300,0,339,193
33301,0,340,193
33302,0,341,193
33303,0,342,193
33304,0,343,193
33305,0,344,193
33306,0,345,193
33307,0,346,193
33308,0,347,193
33309,0,348,193
33310,0,349,193
33311,0,350,193
33312,0,351,193
33313,0,352,193
33314,0,353,193
33315,0,354,193
33316,0,355,193
33317,0,356,193
33318,0,357,193
33319,0,358,193
33320,0,359,193
33321,0,360,193
33322,0,361,193
33323,0,362,193
33324,0,363,193
33325,0,364,193
33326,0,365,193
33327,0,366,193
33328,0,367,193
33329,0,368,193
33330,0,369,193
33331,0,466,193
33332,0,467,193
33333,0,468,193
33334,0,469,193
33335,0,470,193
33336,0,471,193
33337,0,472,193
33338,0,473,193
33339,0,474,193
33340,0,475,193
33341,0,476,193
33342,0,477,193
33343,0,478,193
33344,0,479,193
33345,0,480,193
33346,0,481,193
33347,0,81,194
33348,0,82,194
33349,0,83,194
33350,0,84,194
33351,0,85,194
33352,0,86,194
33353,0,87,194
33354,0,88,194
33355,0,89,194
33356,0,90,194
33357,0,91,194
33358,0,92,194
33359,0,93,194
33360,0,94,194
33361,0,95,194
33362,0,96,194
33363,0,97,194
33364,0,242,194
33365,0,243,194
33366,0,250,194
33367,0,251,194
33368,0,252,194
33369,0,253,194
33370,0,254,194
33371,0,255,194
33372,0,256,194
33373,0,257,194
33374,0,338,194
33375,0,339,194
33376,0,340,194
33377,0,341,194
33378,0,342,194
33379,0,343,194
33380,0,344,194
33381,0,345,194
33382,0,346,194
33383,0,347,194
33384,0,348,194
33385,0,349,194
33386,0,350,194
33387,0,351,194
33388,0,352,194
33389,0,353,194
33390,0,354,194
33391,0,355,194
33392,0,356,194
33393,0,357,194
33394,0,358,194
33395,0,359,194
33396,0,360,194
33397,0,361,194
33398,0,362,194
33399,0,363,194
33400,0,364,194
33401,0,365,194
33402,0,366,194
33403,0,367,194
33404,0,368,194
33405,0,369,194
33406,0,465,194
33407,0,466,194
33408,0,467,194
33409,0,468,194
33410,0,469,194
33411,0,470,194
33412,0,471,194
33413,0,472,194
33414,0,473,194
33415,0,474,194
33416,0,475,194
33417,0,476,194
33418,0,477,194
33419,0,478,194
33420,0,479,194
33421,0,480,194
33422,0,481,194
33423,0,81,195
33424,0,82,195
33425,0,83,195
33426,0,84,195
33427,0,85,195
33428,0,86,195
33429,0,87,195
33430,0,88,195
33431,0,89,195
33432,0,90,195
33433,0,91,195
33434,0,92,195
33435,0,93,195
33436,0,94,195
33437,0,95,195
33438,0,96,195
33439,0,97,195
33440,0,98,195
33441,0,242,195
33442,0,250,195
33443,0,251,195
33444,0,252,195
33445,0,253,195
33446,0,254,195
33447,0,255,195
33448,0,257,195
33449,0,337,195
33450,0,338,195
33451,0,339,195
33452,0,340,195
33453,0,341,195
33454,0,342,195
33455,0,343,195
33456,0,344,195
33457,0,345,195
33458,0,346,195
33459,0,347,195
33460,0,348,195
33461,0,349,195
33462,0,350,195
33463,0,351,195
33464,0,352,195
33465,0,353,195
33466,0,354,195
33467,0,355,195
33468,0,356,195
33469,0,357,195
33470,0,358,195
33471,0,359,195
33472,0,360,195
33473,0,361,195
33474,0,362,195
33475,0,363,195
33476,0,364,195
33477,0,365,195
33478,0,366,195
33479,0,367,195
33480,0,368,195
33481,0,369,195
33482,0,465,195
33483,0,466,195
33484,0,467,195
33485,0,468,195
33486,0,469,195
33487,0,470,195
33488,0,471,195
33489,0,472,195
33490,0,473,195
33491,0,474,195
33492,0,475,195
33493,0,476,195
33494,0,477,195
33495,0,478,195
33496,0,479,195
33497,0,480,195
33498,0,481,195
33499,0,482,195
33500,0,81,196
33501,0,82,196
33502,0,83,196
33503,0,84,196
33504,0,85,196
33505,0,86,196
33506,0,87,196
33507,0,88,196
33508,0,89,196
33509,0,90,196
33510,0,91,196
33511,0,92,196
33512,0,93,196
33513,0,94,196
33514,0,95,196
33515,0,96,196
33516,0,97,196
33517,0,98,196
33518,0,242,196
33519,0,250,196
33520,0,251,196
33521,0,252,196
33522,0,253,196
33523,0,254,196
33524,0,255,196
33525,0,256,196
33526,0,257,196
33527,0,337,196
33528,0,338,196
33529,0,339,196
33530,0,340,196
33531,0,341,196
33532,0,342,196
33533,0,343,196
33534,0,344,196
33535,0,345,196
33536,0,346,196
33537,0,347,196
33538,0,348,196
33539,0,349,196
33540,0,350,196
33541,0,351,196
33542,0,352,196
33543,0,353,196
33544,0,354,196
33545,0,355,196
33546,0,356,196
33547,0,357,196
33548,0,358,196
33549,0,359,196
33550,0,360,196
33551,0,361,196
33552,0,362,196
33553,0,363,196
33554,0,364,196
33555,0,365,196
33556,0,366,196
33557,0,367,196
33558,0,368,196
33559,0,369,196
33560,0,465,196
33561,0,466,196
33562,0,467,196
33563,0,468,196
33564,0,469,196
33565,0,470,196
33566,0,471,196
33567,0,472,196
33568,0,473,196
33569,0,474,196
33570,0,475,196
33571,0,476,196
33572,0,477,196
33573,0,478,196
33574,0,479,196
33575,0,480,196
33576,0,481,196
33577,0,482,196
33578,0,81,197
33579,0,82,197
33580,0,83,197
33581,0,84,197
33582,0,85,197
33583,0,86,197
33584,0,87,197
33585,0,88,197
33586,0,89,197
33587,0,90,197
33588,0,91,197
33589,0,92,197
33590,0,93,197
33591,0,94,197
33592,0,95,197
33593,0,96,197
33594,0,97,197
33595,0,98,197
33596,0,242,197
33597,0,250,197
33598,0,251,197
33599,0,252,197
33600,0,253,197
33601,0,254,197
33602,0,255,197
33603,0,256,197
33604,0,257,197
33605,0,338,197
33606,0,339,197
33607,0,340,197
33608,0,341,197
33609,0,342,197
33610,0,343,197
33611,0,344,197
33612,0,345,197
33613,0,346,197
33614,0,347,197
33615,0,348,197
33616,0,349,197
33617,0,350,197
33618,0,351,197
33619,0,352,197
33620,0,353,197
33621,0,354,197
33622,0,355,197
33623,0,356,197
33624,0,357,197
33625,0,358,197
33626,0,359,197
33627,0,360,197
33628,0,361,197
33629,0,362,197
33630,0,363,197
33631,0,364,197
33632,0,365,197
33633,0,366,197
33634,0,367,197
33635,0,368,197
33636,0,369,197
33637,0,465,197
33638,0,466,197
33639,0,467,197
33640,0,468,197
33641,0,469,197
33642,0,470,197
33643,0,471,197
33644,0,472,197
33645,0,473,197
33646,0,474,197
33647,0,475,197
33648,0,476,197
33649,0,477,197
33650,0,478,197
33651,0,479,197
33652,0,480,197
33653,0,481,197
33654,0,482,197
33655,0,81,198
33656,0,82,198
33657,0,83,198
33658,0,84,198
33659,0,85,198
33660,0,86,198
33661,0,87,198
33662,0,88,198
33663,0,89,198
33664,0,90,198
33665,0,91,198
33666,0,92,198
33667,0,93,198
33668,0,94,198
33669,0,95,198
33670,0,96,198
33671,0,97,198
33672,0,98,198
33673,0,242,198
33674,0,251,198
33675,0,252,198
33676,0,253,198
33677,0,254,198
33678,0,255,198
33679,0,256,198
33680,0,257,198
33681,0,338,198
33682,0,339,198
33683,0,340,198
33684,0,341,198
33685,0,342,198
33686,0,343,198
33687,0,344,198
33688,0,345,198
33689,0,346,198
33690,0,347,198
33691,0,348,198
33692,0,349,198
33693,0,350,198
33694,0,351,198
33695,0,352,198
33696,0,353,198
33697,0,354,198
33698,0,355,198
33699,0,356,198
33700,0,357,198
33701,0,358,198
33702,0,359,198
33703,0,360,198
33704,0,361,198
33705,0,362,198
33706,0,363,198
33707,0,364,198
33708,0,365,198
33709,0,366,198
33710,0,367,198
33711,0,368,198
33712,0,369,198
33713,0,465,198
33714,0,466,198
33715,0,467,198
33716,0,468,198
33717,0,469,198
33718,0,470,198
33719,0,471,198
33720,0,472,198
33721,0,473,198
33722,0,474,198
33723,0,475,198
33724,0,476,198
33725,0,477,198
33726,0,478,198
33727,0,479,198
33728,0,480,198
33729,0,481,198
33730,0,482,198
33731,0,81,199
33732,0,82,199
33733,0,83,199
33734,0,84,199
33735,0,85,199
33736,0,86,199
33737,0,87,199
33738,0,88,199
33739,0,89,199
33740,0,90,199
33741,0,91,199
33742,0,92,199
33743,0,93,199
33744,0,94,199
33745,0,95,199
33746,0,96,199
33747,0,97,199
33748,0,98,199
33749,0,242,199
33750,0,251,199
33751,0,252,199
33752,0,253,199
33753,0,254,199
33754,0,255,199
33755,0,256,199
33756,0,257,199
33757,0,338,199
33758,0,339,199
33759,0,340,199
33760,0,341,199
33761,0,342,199
33762,0,343,199
33763,0,344,199
33764,0,345,199
33765,0,346,199
33766,0,347,199
33767,0,348,199
33768,0,349,199
33769,0,350,199
33770,0,351,199
33771,0,352,199
33772,0,353,199
33773,0,354,199
33774,0,355,199
33775,0,356,199
33776,0,357,199
33777,0,358,199
33778,0,359,199
33779,0,360,199
33780,0,361,199
33781,0,362,199
33782,0,363,199
33783,0,364,199
33784,0,365,199
33785,0,366,199
33786,0,367,199
33787,0,368,199
33788,0,369,199
33789,0,465,199
33790,0,466,199
33791,0,467,199
33792,0,468,199
33793,0,469,199
33794,0,470,199
33795,0,471,199
33796,0,472,199
33797,0,473,199
33798,0,474,199
33799,0,475,199
33800,0,476,199
33801,0,477,199
33802,0,478,199
33803,0,479,199
33804,0,480,199
33805,0,481,199
33806,0,482,199
33807,0,81,200
33808,0,82,200
33809,0,83,200
33810,0,84,200
33811,0,85,200
33812,0,86,200
33813,0,87,200
33814,0,88,200
33815,0,89,200
33816,0,90,200
33817,0,91,200
33818,0,92,200
33819,0,93,200
33820,0,94,200
33821,0,95,200
33822,0,96,200
33823,0,97,200
33824,0,98,200
33825,0,242,200
33826,0,251,200
33827,0,252,200
33828,0,253,200
33829,0,254,200
33830,0,255,200
33831,0,256,200
33832,0,257,200
33833,0,338,200
33834,0,339,200
33835,0,340,200
33836,0,341,200
33837,0,342,200
33838,0,343,200
33839,0,344,200
33840,0,345,200
33841,0,346,200
33842,0,347,200
33843,0,348,200
33844,0,349,200
33845,0,350,200
33846,0,351,200
33847,0,352,200
33848,0,353,200
33849,0,354,200
33850,0,355,200
33851,0,356,200
33852,0,357,200
33853,0,358,200
33854,0,359,200
33855,0,360,200
33856,0,361,200
33857,0,362,200
33858,0,363,200
33859,0,364,200
33860,0,365,200
33861,0,366,200
33862,0,367,200
33863,0,368,200
33864,0,369,200
33865,0,465,200
33866,0,466,200
33867,0,467,200
33868,0,468,200
33869,0,469,200
33870,0,470,200
33871,0,471,200
33872,0,472,200
33873,0,473,200
33874,0,474,200
33875,0,475,200
33876,0,476,200
33877,0,477,200
33878,0,478,200
33879,0,479,200
33880,0,480,200
33881,0,481,200
33882,0,482,200
33883,0,81,201
33884,0,82,201
33885,0,83,201
33886,0,84,201
33887,0,85,201
33888,0,86,201
33889,0,87,201
33890,0,88,201
33891,0,89,201
33892,0,90,201
33893,0,91,201
33894,0,92,201
33895,0,93,201
33896,0,94,201
33897,0,95,201
33898,0,96,201
33899,0,97,201
33900,0,98,201
33901,0,242,201
33902,0,251,201
33903,0,252,201
33904,0,253,201
33905,0,254,201
33906,0,255,201
33907,0,256,201
33908,0,257,201
33909,0,338,201
33910,0,339,201
33911,0,340,201
33912,0,341,201
33913,0,342,201
33914,0,343,201
33915,0,344,201
33916,0,345,201
33917,0,346,201
33918,0,347,201
33919,0,348,201
33920,0,349,201
33921,0,350,201
33922,0,351,201
33923,0,352,201
33924,0,353,201
33925,0,354,201
33926,0,355,201
33927,0,356,201
33928,0,357,201
33929,0,358,201
33930,0,359,201
33931,0,360,201
33932,0,361,201
33933,0,362,201
33934,0,363,201
33935,0,364,201
33936,0,365,201
33937,0,366,201
33938,0,367,201
33939,0,368,201
33940,0,369,201
33941,0,465,201
33942,0,466,201
33943,0,467,201
33944,0,468,201
33945,0,469,201
33946,0,470,201
33947,0,471,201
33948,0,472,201
33949,0,473,201
33950,0,474,201
33951,0,475,201
33952,0,476,201
33953,0,477,201
33954,0,478,201
33955,0,479,201
33956,0,480,201
33957,0,481,201
33958,0,482,201
33959,0,81,202
33960,0,82,202
33961,0,83,202
33962,0,84,202
33963,0,85,202
33964,0,86,202
33965,0,87,202
33966,0,88,202
33967,0,89,202
33968,0,90,202
33969,0,91,202
33970,0,92,202
33971,0,93,202
33972,0,94,202
33973,0,95,202
33974,0,96,202
33975,0,97,202
33976,0,98,202
33977,0,242,202
33978,0,251,202
33979,0,252,202
33980,0,253,202
33981,0,254,202
33982,0,255,202
33983,0,256,202
33984,0,257,202
33985,0,338,202
33986,0,339,202
33987,0,340,202
33988,0,341,202
33989,0,342,202
33990,0,343,202
33991,0,344,202
33992,0,345,202
33993,0,346,202
33994,0,347,202
33995,0,348,202
33996,0,349,202
33997,0,350,202
33998,0,351,202
33999,0,352,202
34000,0,353,202
34001,0,354,202
34002,0,355,202
34003,0,356,202
34004,0,357,202
34005,0,358,202
34006,0,359,202
34007,0,360,202
34008,0,361,202
34009,0,362,202
34010,0,363,202
34011,0,364,202
34012,0,365,202
34013,0,366,202
34014,0,367,202
34015,0,368,202
34016,0,369,202
34017,0,465,202
34018,0,466,202
34019,0,467,202
34020,0,468,202
34021,0,469,202
34022,0,470,202
34023,0,471,202
34024,0,472,202
34025,0,473,202
34026,0,474,202
34027,0,475,202
34028,0,476,202
34029,0,477,202
34030,0,478,202
34031,0,479,202
34032,0,480,202
34033,0,481,202
34034,0,482,202
34035,0,81,203
34036,0,82,203
34037,0,83,203
34038,0,84,203
34039,0,85,203
34040,0,86,203
34041,0,87,203
34042,0,88,203
34043,0,89,203
34044,0,90,203
34045,0,91,203
34046,0,92,203
34047,0,93,203
34048,0,94,203
34049,0,95,203
34050,0,96,203
34051,0,97,203
34052,0,98,203
34053,0,242,203
34054,0,252,203
34055,0,253,203
34056,0,254,203
34057,0,255,203
34058,0,256,203
34059,0,257,203
34060,0,338,203
34061,0,339,203
34062,0,340,203
34063,0,341,203
34064,0,342,203
34065,0,343,203
34066,0,344,203
34067,0,345,203
34068,0,346,203
34069,0,347,203
34070,0,348,203
34071,0,349,203
34072,0,350,203
34073,0,351,203
34074,0,352,203
34075,0,353,203
34076,0,354,203
34077,0,355,203
34078,0,356,203
34079,0,357,203
34080,0,358,203
34081,0,359,203
34082,0,360,203
34083,0,361,203
34084,0,362,203
34085,0,363,203
34086,0,364,203
34087,0,365,203
34088,0,366,203
34089,0,367,203
34090,0,368,203
34091,0,369,203
34092,0,465,203
34093,0,466,203
34094,0,467,203
34095,0,468,203
34096,0,469,203
34097,0,470,203
34098,0,471,203
34099,0,472,203
34100,0,473,203
34101,0,474,203
34102,0,475,203
34103,0,476,203
34104,0,477,203
34105,0,478,203
34106,0,479,203
34107,0,480,203
34108,0,481,203
34109,0,482,203
34110,0,81,204
34111,0,82,204
34112,0,83,204
34113,0,84,204
34114,0,85,204
34115,0,86,204
34116,0,87,204
34117,0,88,204
34118,0,89,204
34119,0,90,204
34120,0,91,204
34121,0,92,204
34122,0,93,204
34123,0,94,204
34124,0,95,204
34125,0,96,204
34126,0,97,204
34127,0,98,204
34128,0,242,204
34129,0,252,204
34130,0,253,204
34131,0,254,204
34132,0,255,204
34133,0,256,204
34134,0,257,204
34135,0,338,204
34136,0,339,204
34137,0,340,204
34138,0,341,204
34139,0,342,204
34140,0,343,204
34141,0,344,204
34142,0,345,204
34143,0,346,204
34144,0,347,204
34145,0,348,204
34146,0,349,204
34147,0,350,204
34148,0,351,204
34149,0,352,204
34150,0,353,204
34151,0,354,204
34152,0,355,204
34153,0,356,204
34154,0,357,204
34155,0,358,204
34156,0,359,204
34157,0,360,204
34158,0,361,204
34159,0,362,204
34160,0,363,204
34161,0,364,204
34162,0,365,204
34163,0,366,204
34164,0,367,204
34165,0,368,204
34166,0,369,204
34167,0,465,204
34168,0,466,204
34169,0,467,204
34170,0,468,204
34171,0,469,204
34172,0,470,204
34173,0,471,204
34174,0,472,204
34175,0,473,204
34176,0,474,204
34177,0,475,204
34178,0,476,204
34179,0,477,204
34180,0,478,204
34181,0,479,204
34182,0,480,204
34183,0,481,204
34184,0,482,204
34185,0,81,205
34186,0,82,205
34187,0,83,205
34188,0,84,205
34189,0,85,205
34190,0,86,205
34191,0,87,205
34192,0,88,205
34193,0,89,205
34194,0,90,205
34195,0,91,205
34196,0,92,205
34197,0,93,205
34198,0,94,205
34199,0,95,205
34200,0,96,205
34201,0,97,205
34202,0,98,205
34203,0,242,205
34204,0,252,205
34205,0,253,205
34206,0,254,205
34207,0,255,205
34208,0,256,205
34209,0,257,205
34210,0,338,205
34211,0,339,205
34212,0,340,205
34213,0,341,205
34214,0,342,205
34215,0,343,205
34216,0,344,205
34217,0,345,205
34218,0,346,205
34219,0,347,205
34220,0,348,205
34221,0,349,205
34222,0,350,205
34223,0,351,205
34224,0,352,205
34225,0,353,205
34226,0,354,205
34227,0,355,205
34228,0,356,205
34229,0,357,205
34230,0,358,205
34231,0,359,205
34232,0,360,205
34233,0,361,205
34234,0,362,205
34235,0,363,205
34236,0,364,205
34237,0,365,205
34238,0,366,205
34239,0,367,205
34240,0,368,205
34241,0,369,205
34242,0,465,205
34243,0,466,205
34244,0,467,205
34245,0,468,205
34246,0,469,205
34247,0,470,205
34248,0,471,205
34249,0,472,205
34250,0,473,205
34251,0,474,205
34252,0,475,205
34253,0,476,205
34254,0,477,205
34255,0,478,205
34256,0,479,205
34257,0,480,205
34258,0,481,205
34259,0,482,205
34260,0,81,206
34261,0,82,206
34262,0,83,206
34263,0,84,206
34264,0,85,206
34265,0,86,206
34266,0,87,206
34267,0,88,206
34268,0,89,206
34269,0,90,206
34270,0,91,206
34271,0,92,206
34272,0,93,206
34273,0,94,206
34274,0,95,206
34275,0,96,206
34276,0,97,206
34277,0,98,206
34278,0,242,206
34279,0,252,206
34280,0,253,206
34281,0,254,206
34282,0,255,206
34283,0,256,206
34284,0,257,206
34285,0,338,206
34286,0,339,206
34287,0,340,206
34288,0,341,206
34289,0,342,206
34290,0,343,206
34291,0,344,206
34292,0,345,206
34293,0,346,206
34294,0,347,206
34295,0,348,206
34296,0,349,206
34297,0,350,206
34298,0,351,206
34299,0,352,206
34300,0,353,206
34301,0,354,206
34302,0,355,206
34303,0,356,206
34304,0,357,206
34305,0,358,206
34306,0,359,206
34307,0,360,206
34308,0,361,206
34309,0,362,206
34310,0,363,206
34311,0,364,206
34312,0,365,206
34313,0,366,206
34314,0,367,206
34315,0,368,206
34316,0,369,206
34317,0,465,206
34318,0,466,206
34319,0,467,206
34320,0,468,206
34321,0,469,206
34322,0,470,206
34323,0,471,206
34324,0,472,206
34325,0,473,206
34326,0,474,206
34327,0,475,206
34328,0,476,206
34329,0,477,206
34330,0,478,206
34331,0,479,206
34332,0,480,206
34333,0,481,206
34334,0,482,206
34335,0,81,207
34336,0,82,207
34337,0,83,207
34338,0,84,207
34339,0,85,207
34340,0,86,207
34341,0,87,207
34342,0,88,207
34343,0,89,207
34344,0,90,207
34345,0,91,207
34346,0,92,207
34347,0,93,207
34348,0,94,207
34349,0,95,207
34350,0,96,207
34351,0,97,207
34352,0,98,207
34353,0,242,207
34354,0,243,207
34355,0,253,207
34356,0,254,207
34357,0,255,207
34358,0,256,207
34359,0,257,207
34360,0,258,207
34361,0,338,207
34362,0,339,207
34363,0,340,207
34364,0,341,207
34365,0,342,207
34366,0,343,207
34367,0,344,207
34368,0,345,207
34369,0,346,207
34370,0,347,207
34371,0,348,207
34372,0,349,207
34373,0,350,207
34374,0,351,207
34375,0,352,207
34376,0,353,207
34377,0,354,207
34378,0,355,207
34379,0,356,207
34380,0,357,207
34381,0,358,207
34382,0,359,207
34383,0,360,207
34384,0,361,207
34385,0,362,207
34386,0,363,207
34387,0,364,207
34388,0,365,207
34389,0,366,207
34390,0,367,207
34391,0,368,207
34392,0,369,207
34393,0,465,207
34394,0,466,207
34395,0,467,207
34396,0,468,207
34397,0,469,207
34398,0,470,207
34399,0,471,207
34400,0,472,207
34401,0,473,207
34402,0,474,207
34403,0,475,207
34404,0,476,207
34405,0,477,207
34406,0,478,207
34407,0,479,207
34408,0,480,207
34409,0,481,207
34410,0,482,207
34411,0,82,208
34412,0,83,208
34413,0,84,208
34414,0,85,208
34415,0,86,208
34416,0,87,208
34417,0,88,208
34418,0,89,208
34419,0,90,208
34420,0,91,208
34421,0,92,208
34422,0,93,208
34423,0,94,208
34424,0,95,208
34425,0,96,208
34426,0,97,208
34427,0,242,208
34428,0,243,208
34429,0,255,208
34430,0,256,208
34431,0,257,208
34432,0,258,208
34433,0,259,208
34434,0,324,208
34435,0,325,208
34436,0,326,208
34437,0,338,208
34438,0,339,208
34439,0,340,208
34440,0,341,208
34441,0,342,208
34442,0,343,208
34443,0,344,208
34444,0,345,208
34445,0,346,208
34446,0,347,208
34447,0,348,208
34448,0,349,208
34449,0,350,208
34450,0,351,208
34451,0,352,208
34452,0,353,208
34453,0,354,208
34454,0,355,208
34455,0,356,208
34456,0,357,208
34457,0,358,208
34458,0,359,208
34459,0,360,208
34460,0,361,208
34461,0,362,208
34462,0,363,208
34463,0,364,208
34464,0,365,208
34465,0,366,208
34466,0,367,208
34467,0,368,208
34468,0,369,208
34469,0,465,208
34470,0,466,208
34471,0,467,208
34472,0,468,208
34473,0,469,208
34474,0,470,208
34475,0,471,208
34476,0,472,208
34477,0,473,208
34478,0,474,208
34479,0,475,208
34480,0,476,208
34481,0,477,208
34482,0,478,208
34483,0,479,208
34484,0,480,208
34485,0,481,208
34486,0,82,209
34487,0,83,209
34488,0,84,209
34489,0,85,209
34490,0,86,209
34491,0,87,209
34492,0,88,209
34493,0,89,209
34494,0,90,209
34495,0,91,209
34496,0,92,209
34497,0,93,209
34498,0,94,209
34499,0,95,209
34500,0,96,209
34501,0,97,209
34502,0,242,209
34503,0,243,209
34504,0,247,209
34505,0,248,209
34506,0,250,209
34507,0,251,209
34508,0,252,209
34509,0,253,209
34510,0,256,209
34511,0,257,209
34512,0,258,209
34513,0,259,209
34514,0,322,209
34515,0,323,209
34516,0,324,209
34517,0,325,209
34518,0,326,209
34519,0,327,209
34520,0,328,209
34521,0,336,209
34522,0,337,209
34523,0,338,209
34524,0,339,209
34525,0,340,209
34526,0,341,209
34527,0,342,209
34528,0,343,209
34529,0,344,209
34530,0,350,209
34531,0,351,209
34532,0,352,209
34533,0,353,209
34534,0,354,209
34535,0,355,209
34536,0,356,209
34537,0,357,209
34538,0,358,209
34539,0,359,209
34540,0,360,209
34541,0,361,209
34542,0,362,209
34543,0,363,209
34544,0,364,209
34545,0,365,209
34546,0,366,209
34547,0,367,209
34548,0,368,209
34549,0,369,209
34550,0,370,209
34551,0,371,209
34552,0,372,209
34553,0,373,209
34554,0,374,209
34555,0,375,209
34556,0,376,209
34557,0,377,209
34558,0,378,209
34559,0,379,209
34560,0,380,209
34561,0,381,209
34562,0,382,209
34563,0,383,209
34564,0,384,209
34565,0,385,209
34566,0,386,209
34567,0,387,209
34568,0,400,209
34569,0,401,209
34570,0,465,209
34571,0,466,209
34572,0,467,209
34573,0,468,209
34574,0,469,209
34575,0,470,209
34576,0,471,209
34577,0,472,209
34578,0,473,209
34579,0,474,209
34580,0,475,209
34581,0,476,209
34582,0,477,209
34583,0,478,209
34584,0,479,209
34585,0,480,209
34586,0,481,209
34587,0,82,210
34588,0,83,210
34589,0,84,210
34590,0,85,210
34591,0,86,210
34592,0,87,210
34593,0,88,210
34594,0,89,210
34595,0,90,210
34596,0,91,210
34597,0,92,210
34598,0,93,210
34599,0,94,210
34600,0,95,210
34601,0,96,210
34602,0,97,210
34603,0,241,210
34604,0,242,210
34605,0,243,210
34606,0,246,210
34607,0,247,210
34608,0,248,210
34609,0,249,210
34610,0,250,210
34611,0,251,210
34612,0,252,210
34613,0,253,210
34614,0,254,210
34615,0,256,210
34616,0,257,210
34617,0,258,210
34618,0,259,210
34619,0,322,210
34620,0,323,210
34621,0,324,210
34622,0,325,210
34623,0,326,210
34624,0,327,210
34625,0,328,210
34626,0,329,210
34627,0,330,210
34628,0,331,210
34629,0,332,210
34630,0,333,210
34631,0,334,210
34632,0,335,210
34633,0,336,210
34634,0,337,210
34635,0,338,210
34636,0,339,210
34637,0,340,210
34638,0,341,210
34639,0,342,210
34640,0,343,210
34641,0,344,210
34642,0,345,210
34643,0,346,210
34644,0,347,210
34645,0,348,210
34646,0,349,210
34647,0,350,210
34648,0,351,210
34649,0,352,210
34650,0,353,210
34651,0,354,210
34652,0,355,210
34653,0,356,210
34654,0,357,210
34655,0,358,210
34656,0,359,210
34657,0,360,210
34658,0,361,210
34659,0,362,210
34660,0,363,210
34661,0,364,210
34662,0,365,210
34663,0,366,210
34664,0,367,210
34665,0,368,210
34666,0,369,210
34667,0,370,210
34668,0,371,210
34669,0,372,210
34670,0,373,210
34671,0,374,210
34672,0,375,210
34673,0,376,210
34674,0,377,210
34675,0,378,210
34676,0,379,210
34677,0,380,210
34678,0,381,210
34679,0,382,210
34680,0,383,210
34681,0,384,210
34682,0,385,210
34683,0,386,210
34684,0,387,210
34685,0,400,210
34686,0,401,210
34687,0,465,210
34688,0,466,210
34689,0,467,210
34690,0,468,210
34691,0,469,210
34692,0,470,210
34693,0,471,210
34694,0,472,210
34695,0,473,210
34696,0,474,210
34697,0,475,210
34698,0,476,210
34699,0,477,210
34700,0,478,210
34701,0,479,210
34702,0,480,210
34703,0,481,210
34704,0,82,211
34705,0,83,211
34706,0,84,211
34707,0,85,211
34708,0,86,211
34709,0,87,211
34710,0,88,211
34711,0,89,211
34712,0,90,211
34713,0,91,211
34714,0,92,211
34715,0,93,211
34716,0,94,211
34717,0,95,211
34718,0,96,211
34719,0,97,211
34720,0,241,211
34721,0,246,211
34722,0,247,211
34723,0,248,211
34724,0,249,211
34725,0,250,211
34726,0,251,211
34727,0,252,211
34728,0,253,211
34729,0,254,211
34730,0,257,211
34731,0,258,211
34732,0,321,211
34733,0,322,211
34734,0,323,211
34735,0,324,211
34736,0,325,211
34737,0,326,211
34738,0,327,211
34739,0,328,211
34740,0,329,211
34741,0,330,211
34742,0,331,211
34743,0,332,211
34744,0,333,211
34745,0,334,211
34746,0,335,211
34747,0,336,211
34748,0,337,211
34749,0,338,211
34750,0,339,211
34751,0,340,211
34752,0,341,211
34753,0,342,211
34754,0,343,211
34755,0,344,211
34756,0,345,211
34757,0,346,211
34758,0,347,211
34759,0,348,211
34760,0,349,211
34761,0,350,211
34762,0,351,211
34763,0,352,211
34764,0,353,211
34765,0,354,211
34766,0,355,211
34767,0,356,211
34768,0,357,211
34769,0,358,211
34770,0,359,211
34771,0,360,211
34772,0,361,211
34773,0,362,211
34774,0,363,211
34775,0,364,211
34776,0,365,211
34777,0,366,211
34778,0,367,211
34779,0,368,211
34780,0,369,211
34781,0,370,211
34782,0,371,211
34783,0,372,211
34784,0,373,211
34785,0,374,211
34786,0,375,211
34787,0,376,211
34788,0,377,211
34789,0,378,211
34790,0,379,211
34791,0,380,211
34792,0,381,211
34793,0,382,211
34794,0,383,211
34795,0,384,211
34796,0,385,211
34797,0,386,211
34798,0,401,211
34799,0,466,211
34800,0,467,211
34801,0,468,211
34802,0,469,211
34803,0,470,211
34804,0,471,211
34805,0,472,211
34806,0,473,211
34807,0,474,211
34808,0,475,211
34809,0,476,211
34810,0,477,211
34811,0,478,211
34812,0,479,211
34813,0,480,211
34814,0,481,211
34815,0,82,212
34816,0,83,212
34817,0,84,212
34818,0,85,212
34819,0,86,212
34820,0,87,212
34821,0,88,212
34822,0,89,212
34823,0,90,212
34824,0,91,212
34825,0,92,212
34826,0,93,212
34827,0,94,212
34828,0,95,212
34829,0,96,212
34830,0,97,212
34831,0,241,212
34832,0,242,212
34833,0,243,212
34834,0,246,212
34835,0,247,212
34836,0,248,212
34837,0,249,212
34838,0,250,212
34839,0,251,212
34840,0,252,212
34841,0,253,212
34842,0,254,212
34843,0,255,212
34844,0,256,212
34845,0,257,212
34846,0,258,212
34847,0,321,212
34848,0,322,212
34849,0,323,212
34850,0,324,212
34851,0,325,212
34852,0,326,212
34853,0,327,212
34854,0,328,212
34855,0,329,212
34856,0,330,212
34857,0,331,212
34858,0,332,212
34859,0,333,212
34860,0,334,212
34861,0,335,212
34862,0,336,212
34863,0,337,212
34864,0,338,212
34865,0,339,212
34866,0,340,212
34867,0,341,212
34868,0,342,212
34869,0,343,212
34870,0,344,212
34871,0,345,212
34872,0,346,212
34873,0,347,212
34874,0,348,212
34875,0,349,212
34876,0,350,212
34877,0,351,212
34878,0,352,212
34879,0,353,212
34880,0,354,212
34881,0,355,212
34882,0,356,212
34883,0,357,212
34884,0,358,212
34885,0,359,212
34886,0,360,212
34887,0,361,212
34888,0,362,212
34889,0,363,212
34890,0,364,212
34891,0,365,212
34892,0,366,212
34893,0,367,212
34894,0,368,212
34895,0,369,212
34896,0,370,212
34897,0,371,212
34898,0,372,212
34899,0,373,212
34900,0,374,212
34901,0,375,212
34902,0,376,212
34903,0,377,212
34904,0,378,212
34905,0,379,212
34906,0,380,212
34907,0,381,212
34908,0,382,212
34909,0,383,212
34910,0,384,212
34911,0,385,212
34912,0,386,212
34913,0,401,212
34914,0,466,212
34915,0,467,212
34916,0,468,212
34917,0,469,212
34918,0,470,212
34919,0,471,212
34920,0,472,212
34921,0,473,212
34922,0,474,212
34923,0,475,212
34924,0,476,212
34925,0,477,212
34926,0,478,212
34927,0,479,212
34928,0,480,212
34929,0,481,212
34930,0,82,213
34931,0,83,213
34932,0,84,213
34933,0,85,213
34934,0,86,213
34935,0,87,213
34936,0,88,213
34937,0,89,213
34938,0,90,213
34939,0,91,213
34940,0,92,213
34941,0,93,213
34942,0,94,213
34943,0,95,213
34944,0,96,213
34945,0,97,213
34946,0,241,213
34947,0,242,213
34948,0,243,213
34949,0,246,213
34950,0,247,213
34951,0,248,213
34952,0,249,213
34953,0,250,213
34954,0,252,213
34955,0,253,213
34956,0,254,213
34957,0,256,213
34958,0,257,213
34959,0,258,213
34960,0,321,213
34961,0,322,213
34962,0,323,213
34963,0,324,213
34964,0,325,213
34965,0,326,213
34966,0,327,213
34967,0,328,213
34968,0,329,213
34969,0,330,213
34970,0,331,213
34971,0,332,213
34972,0,333,213
34973,0,334,213
34974,0,335,213
34975,0,336,213
34976,0,337,213
34977,0,338,213
34978,0,339,213
34979,0,340,213
34980,0,341,213
34981,0,342,213
34982,0,343,213
34983,0,344,213
34984,0,345,213
34985,0,346,213
34986,0,347,213
34987,0,348,213
34988,0,349,213
34989,0,350,213
34990,0,351,213
34991,0,352,213
34992,0,353,213
34993,0,354,213
34994,0,355,213
34995,0,356,213
34996,0,357,213
34997,0,358,213
34998,0,359,213
34999,0,360,213
35000,0,361,213
35001,0,362,213
35002,0,363,213
35003,0,364,213
35004,0,365,213
35005,0,366,213
35006,0,367,213
35007,0,368,213
35008,0,369,213
35009,0,370,213
35010,0,371,213
35011,0,372,213
35012,0,373,213
35013,0,374,213
35014,0,375,213
35015,0,376,213
35016,0,377,213
35017,0,378,213
35018,0,379,213
35019,0,380,213
35020,0,381,213
35021,0,382,213
35022,0,383,213
35023,0,384,213
35024,0,385,213
35025,0,386,213
35026,0,401,213
35027,0,466,213
35028,0,467,213
35029,0,468,213
35030,0,469,213
35031,0,470,213
35032,0,471,213
35033,0,472,213
35034,0,473,213
35035,0,474,213
35036,0,475,213
35037,0,476,213
35038,0,477,213
35039,0,478,213
35040,0,479,213
35041,0,480,213
35042,0,481,213
35043,0,82,214
35044,0,83,214
35045,0,84,214
35046,0,85,214
35047,0,86,214
35048,0,87,214
35049,0,88,214
35050,0,89,214
35051,0,90,214
35052,0,91,214
35053,0,92,214
35054,0,93,214
35055,0,94,214
35056,0,95,214
35057,0,96,214
35058,0,97,214
35059,0,241,214
35060,0,242,214
35061,0,243,214
35062,0,256,214
35063,0,257,214
35064,0,258,214
35065,0,321,214
35066,0,322,214
35067,0,323,214
35068,0,324,214
35069,0,325,214
35070,0,326,214
35071,0,327,214
35072,0,328,214
35073,0,329,214
35074,0,330,214
35075,0,331,214
35076,0,332,214
35077,0,333,214
35078,0,334,214
35079,0,335,214
35080,0,336,214
35081,0,337,214
35082,0,338,214
35083,0,339,214
35084,0,340,214
35085,0,341,214
35086,0,342,214
35087,0,343,214
35088,0,344,214
35089,0,345,214
35090,0,346,214
35091,0,347,214
35092,0,348,214
35093,0,349,214
35094,0,350,214
35095,0,351,214
35096,0,352,214
35097,0,353,214
35098,0,354,214
35099,0,355,214
35100,0,356,214
35101,0,357,214
35102,0,358,214
35103,0,359,214
35104,0,360,214
35105,0,361,214
35106,0,362,214
35107,0,363,214
35108,0,364,214
35109,0,365,214
35110,0,366,214
35111,0,367,214
35112,0,368,214
35113,0,369,214
35114,0,370,214
35115,0,371,214
35116,0,372,214
35117,0,373,214
35118,0,374,214
35119,0,375,214
35120,0,376,214
35121,0,377,214
35122,0,378,214
35123,0,379,214
35124,0,380,214
35125,0,381,214
35126,0,382,214
35127,0,383,214
35128,0,384,214
35129,0,385,214
35130,0,386,214
35131,0,401,214
35132,0,466,214
35133,0,467,214
35134,0,468,214
35135,0,469,214
35136,0,470,214
35137,0,471,214
35138,0,472,214
35139,0,473,214
35140,0,474,214
35141,0,475,214
35142,0,476,214
35143,0,477,214
35144,0,478,214
35145,0,479,214
35146,0,480,214
35147,0,481,214
35148,0,82,215
35149,0,83,215
35150,0,84,215
35151,0,85,215
35152,0,86,215
35153,0,87,215
35154,0,88,215
35155,0,89,215
35156,0,90,215
35157,0,91,215
35158,0,92,215
35159,0,93,215
35160,0,94,215
35161,0,95,215
35162,0,96,215
35163,0,97,215
35164,0,241,215
35165,0,242,215
35166,0,243,215
35167,0,257,215
35168,0,258,215
35169,0,322,215
35170,0,323,215
35171,0,324,215
35172,0,325,215
35173,0,326,215
35174,0,327,215
35175,0,328,215
35176,0,329,215
35177,0,330,215
35178,0,331,215
35179,0,332,215
35180,0,333,215
35181,0,334,215
35182,0,335,215
35183,0,336,215
35184,0,337,215
35185,0,338,215
35186,0,339,215
35187,0,340,215
35188,0,341,215
35189,0,342,215
35190,0,343,215
35191,0,344,215
35192,0,345,215
35193,0,346,215
35194,0,347,215
35195,0,348,215
35196,0,349,215
35197,0,350,215
35198,0,351,215
35199,0,352,215
35200,0,353,215
35201,0,354,215
35202,0,355,215
35203,0,356,215
35204,0,357,215
35205,0,358,215
35206,0,359,215
35207,0,360,215
35208,0,361,215
35209,0,362,215
35210,0,363,215
35211,0,364,215
35212,0,365,215
35213,0,366,215
35214,0,367,215
35215,0,368,215
35216,0,369,215
35217,0,370,215
35218,0,371,215
35219,0,372,215
35220,0,373,215
35221,0,374,215
35222,0,375,215
35223,0,376,215
35224,0,377,215
35225,0,378,215
35226,0,379,215
35227,0,380,215
35228,0,381,215
35229,0,382,215
35230,0,383,215
35231,0,384,215
35232,0,385,215
35233,0,386,215
35234,0,393,215
35235,0,394,215
35236,0,395,215
35237,0,401,215
35238,0,466,215
35239,0,467,215
35240,0,468,215
35241,0,469,215
35242,0,470,215
35243,0,471,215
35244,0,472,215
35245,0,473,215
35246,0,474,215
35247,0,475,215
35248,0,476,215
35249,0,477,215
35250,0,478,215
35251,0,479,215
35252,0,480,215
35253,0,481,215
35254,0,82,216
35255,0,83,216
35256,0,84,216
35257,0,85,216
35258,0,86,216
35259,0,87,216
35260,0,88,216
35261,0,89,216
35262,0,90,216
35263,0,91,216
35264,0,92,216
35265,0,93,216
35266,0,94,216
35267,0,95,216
35268,0,96,216
35269,0,97,216
35270,0,241,216
35271,0,242,216
35272,0,243,216
35273,0,244,216
35274,0,245,216
35275,0,246,216
35276,0,247,216
35277,0,248,216
35278,0,249,216
35279,0,250,216
35280,0,251,216
35281,0,252,216
35282,0,253,216
35283,0,254,216
35284,0,255,216
35285,0,256,216
35286,0,257,216
35287,0,258,216
35288,0,322,216
35289,0,323,216
35290,0,324,216
35291,0,325,216
35292,0,326,216
35293,0,327,216
35294,0,328,216
35295,0,329,216
35296,0,330,216
35297,0,331,216
35298,0,332,216
35299,0,333,216
35300,0,334,216
35301,0,335,216
35302,0,336,216
35303,0,337,216
35304,0,338,216
35305,0,339,216
35306,0,340,216
35307,0,341,216
35308,0,342,216
35309,0,343,216
35310,0,344,216
35311,0,345,216
35312,0,346,216
35313,0,347,216
35314,0,348,216
35315,0,349,216
35316,0,350,216
35317,0,351,216
35318,0,352,216
35319,0,353,216
35320,0,354,216
35321,0,355,216
35322,0,356,216
35323,0,357,216
35324,0,358,216
35325,0,359,216
35326,0,360,216
35327,0,361,216
35328,0,362,216
35329,0,363,216
35330,0,364,216
35331,0,365,216
35332,0,366,216
35333,0,367,216
35334,0,368,216
35335,0,369,216
35336,0,370,216
35337,0,371,216
35338,0,372,216
35339,0,373,216
35340,0,374,216
35341,0,375,216
35342,0,376,216
35343,0,377,216
35344,0,378,216
35345,0,379,216
35346,0,380,216
35347,0,381,216
35348,0,382,216
35349,0,383,216
35350,0,384,216
35351,0,385,216
35352,0,386,216
35353,0,393,216
35354,0,394,216
35355,0,395,216
35356,0,396,216
35357,0,401,216
35358,0,466,216
35359,0,467,216
35360,0,468,216
35361,0,469,216
35362,0,470,216
35363,0,471,216
35364,0,472,216
35365,0,473,216
35366,0,474,216
35367,0,475,216
35368,0,476,216
35369,0,477,216
35370,0,478,216
35371,0,479,216
35372,0,480,216
35373,0,481,216
35374,0,82,217
35375,0,83,217
35376,0,84,217
35377,0,85,217
35378,0,86,217
35379,0,87,217
35380,0,88,217
35381,0,89,217
35382,0,90,217
35383,0,91,217
35384,0,92,217
35385,0,93,217
35386,0,94,217
35387,0,95,217
35388,0,96,217
35389,0,97,217
35390,0,241,217
35391,0,242,217
35392,0,243,217
35393,0,244,217
35394,0,245,217
35395,0,246,217
35396,0,247,217
35397,0,248,217
35398,0,249,217
35399,0,250,217
35400,0,251,217
35401,0,252,217
35402,0,253,217
35403,0,254,217
35404,0,255,217
35405,0,256,217
35406,0,257,217
35407,0,258,217
35408,0,322,217
35409,0,323,217
35410,0,324,217
35411,0,325,217
35412,0,326,217
35413,0,327,217
35414,0,328,217
35415,0,329,217
35416,0,330,217
35417,0,331,217
35418,0,332,217
35419,0,333,217
35420,0,334,217
35421,0,335,217
35422,0,336,217
35423,0,337,217
35424,0,338,217
35425,0,339,217
35426,0,340,217
35427,0,341,217
35428,0,342,217
35429,0,343,217
35430,0,344,217
35431,0,345,217
35432,0,346,217
35433,0,347,217
35434,0,348,217
35435,0,349,217
35436,0,350,217
35437,0,351,217
35438,0,352,217
35439,0,353,217
35440,0,354,217
35441,0,355,217
35442,0,356,217
35443,0,357,217
35444,0,358,217
35445,0,359,217
35446,0,360,217
35447,0,361,217
35448,0,362,217
35449,0,363,217
35450,0,364,217
35451,0,365,217
35452,0,366,217
35453,0,367,217
35454,0,368,217
35455,0,369,217
35456,0,370,217
35457,0,371,217
35458,0,372,217
35459,0,373,217
35460,0,374,217
35461,0,375,217
35462,0,376,217
35463,0,377,217
35464,0,378,217
35465,0,379,217
35466,0,380,217
35467,0,381,217
35468,0,382,217
35469,0,383,217
35470,0,384,217
35471,0,385,217
35472,0,386,217
35473,0,387,217
35474,0,388,217
35475,0,389,217
35476,0,393,217
35477,0,394,217
35478,0,395,217
35479,0,396,217
35480,0,401,217
35481,0,465,217
35482,0,466,217
35483,0,467,217
35484,0,468,217
35485,0,469,217
35486,0,470,217
35487,0,471,217
35488,0,472,217
35489,0,473,217
35490,0,474,217
35491,0,475,217
35492,0,476,217
35493,0,477,217
35494,0,478,217
35495,0,479,217
35496,0,480,217
35497,0,481,217
35498,0,82,218
35499,0,83,218
35500,0,84,218
35501,0,85,218
35502,0,86,218
35503,0,87,218
35504,0,88,218
35505,0,89,218
35506,0,90,218
35507,0,91,218
35508,0,92,218
35509,0,93,218
35510,0,94,218
35511,0,95,218
35512,0,96,218
35513,0,97,218
35514,0,240,218
35515,0,241,218
35516,0,242,218
35517,0,243,218
35518,0,244,218
35519,0,245,218
35520,0,246,218
35521,0,247,218
35522,0,248,218
35523,0,249,218
35524,0,250,218
35525,0,251,218
35526,0,252,218
35527,0,253,218
35528,0,254,218
35529,0,255,218
35530,0,256,218
35531,0,257,218
35532,0,258,218
35533,0,322,218
35534,0,323,218
35535,0,324,218
35536,0,325,218
35537,0,326,218
35538,0,327,218
35539,0,328,218
35540,0,329,218
35541,0,330,218
35542,0,331,218
35543,0,332,218
35544,0,333,218
35545,0,334,218
35546,0,335,218
35547,0,336,218
35548,0,337,218
35549,0,338,218
35550,0,339,218
35551,0,340,218
35552,0,341,218
35553,0,342,218
35554,0,343,218
35555,0,344,218
35556,0,345,218
35557,0,346,218
35558,0,347,218
35559,0,348,218
35560,0,349,218
35561,0,350,218
35562,0,351,218
35563,0,352,218
35564,0,353,218
35565,0,354,218
35566,0,355,218
35567,0,356,218
35568,0,357,218
35569,0,358,218
35570,0,359,218
35571,0,360,218
35572,0,361,218
35573,0,362,218
35574,0,363,218
35575,0,364,218
35576,0,365,218
35577,0,366,218
35578,0,367,218
35579,0,368,218
35580,0,369,218
35581,0,370,218
35582,0,371,218
35583,0,372,218
35584,0,373,218
35585,0,374,218
35586,0,375,218
35587,0,376,218
35588,0,377,218
35589,0,378,218
35590,0,379,218
35591,0,380,218
35592,0,381,218
35593,0,382,218
35594,0,383,218
35595,0,384,218
35596,0,385,218
35597,0,386,218
35598,0,387,218
35599,0,388,218
35600,0,389,218
35601,0,390,218
35602,0,391,218
35603,0,392,218
35604,0,393,218
35605,0,394,218
35606,0,395,218
35607,0,396,218
35608,0,401,218
35609,0,465,218
35610,0,466,218
35611,0,467,218
35612,0,468,218
35613,0,469,218
35614,0,470,218
35615,0,471,218
35616,0,472,218
35617,0,473,218
35618,0,474,218
35619,0,475,218
35620,0,476,218
35621,0,477,218
35622,0,478,218
35623,0,479,218
35624,0,480,218
35625,0,481,218
35626,0,82,219
35627,0,83,219
35628,0,84,219
35629,0,85,219
35630,0,86,219
35631,0,87,219
35632,0,88,219
35633,0,89,219
35634,0,90,219
35635,0,91,219
35636,0,92,219
35637,0,93,219
35638,0,94,219
35639,0,95,219
35640,0,96,219
35641,0,97,219
35642,0,241,219
35643,0,242,219
35644,0,243,219
35645,0,244,219
35646,0,245,219
35647,0,246,219
35648,0,247,219
35649,0,248,219
35650,0,249,219
35651,0,250,219
35652,0,251,219
35653,0,252,219
35654,0,253,219
35655,0,254,219
35656,0,255,219
35657,0,256,219
35658,0,257,219
35659,0,258,219
35660,0,322,219
35661,0,323,219
35662,0,324,219
35663,0,325,219
35664,0,326,219
35665,0,327,219
35666,0,328,219
35667,0,329,219
35668,0,330,219
35669,0,331,219
35670,0,332,219
35671,0,333,219
35672,0,334,219
35673,0,335,219
35674,0,336,219
35675,0,337,219
35676,0,338,219
35677,0,339,219
35678,0,340,219
35679,0,341,219
35680,0,342,219
35681,0,343,219
35682,0,344,219
35683,0,345,219
35684,0,346,219
35685,0,347,219
35686,0,348,219
35687,0,349,219
35688,0,350,219
35689,0,351,219
35690,0,352,219
35691,0,353,219
35692,0,354,219
35693,0,355,219
35694,0,356,219
35695,0,357,219
35696,0,358,219
35697,0,359,219
35698,0,360,219
35699,0,361,219
35700,0,362,219
35701,0,363,219
35702,0,364,219
35703,0,365,219
35704,0,366,219
35705,0,367,219
35706,0,368,219
35707,0,369,219
35708,0,370,219
35709,0,371,219
35710,0,372,219
35711,0,373,219
35712,0,374,219
35713,0,375,219
35714,0,376,219
35715,0,377,219
35716,0,378,219
35717,0,379,219
35718,0,380,219
35719,0,381,219
35720,0,382,219
35721,0,383,219
35722,0,384,219
35723,0,385,219
35724,0,386,219
35725,0,387,219
35726,0,388,219
35727,0,389,219
35728,0,390,219
35729,0,391,219
35730,0,392,219
35731,0,393,219
35732,0,401,219
35733,0,466,219
35734,0,467,219
35735,0,468,219
35736,0,469,219
35737,0,470,219
35738,0,471,219
35739,0,472,219
35740,0,473,219
35741,0,474,219
35742,0,475,219
35743,0,476,219
35744,0,477,219
35745,0,478,219
35746,0,479,219
35747,0,480,219
35748,0,481,219
35749,0,82,220
35750,0,83,220
35751,0,84,220
35752,0,85,220
35753,0,86,220
35754,0,87,220
35755,0,88,220
35756,0,89,220
35757,0,90,220
35758,0,91,220
35759,0,92,220
35760,0,93,220
35761,0,94,220
35762,0,95,220
35763,0,96,220
35764,0,97,220
35765,0,240,220
35766,0,241,220
35767,0,242,220
35768,0,243,220
35769,0,244,220
35770,0,245,220
35771,0,246,220
35772,0,247,220
35773,0,248,220
35774,0,249,220
35775,0,250,220
35776,0,251,220
35777,0,252,220
35778,0,253,220
35779,0,254,220
35780,0,255,220
35781,0,256,220
35782,0,257,220
35783,0,258,220
35784,0,322,220
35785,0,323,220
35786,0,324,220
35787,0,325,220
35788,0,326,220
35789,0,327,220
35790,0,328,220
35791,0,329,220
35792,0,330,220
35793,0,331,220
35794,0,332,220
35795,0,333,220
35796,0,334,220
35797,0,335,220
35798,0,336,220
35799,0,337,220
35800,0,338,220
35801,0,339,220
35802,0,340,220
35803,0,341,220
35804,0,342,220
35805,0,343,220
35806,0,344,220
35807,0,345,220
35808,0,346,220
35809,0,347,220
35810,0,348,220
35811,0,349,220
35812,0,350,220
35813,0,351,220
35814,0,352,220
35815,0,353,220
35816,0,354,220
35817,0,355,220
35818,0,356,220
35819,0,357,220
35820,0,358,220
35821,0,359,220
35822,0,360,220
35823,0,361,220
35824,0,362,220
35825,0,363,220
35826,0,364,220
35827,0,365,220
35828,0,366,220
35829,0,367,220
35830,0,368,220
35831,0,369,220
35832,0,370,220
35833,0,371,220
35834,0,372,220
35835,0,373,220
35836,0,374,220
35837,0,375,220
35838,0,376,220
35839,0,377,220
35840,0,378,220
35841,0,379,220
35842,0,380,220
35843,0,381,220
35844,0,382,220
35845,0,383,220
35846,0,384,220
35847,0,385,220
35848,0,386,220
35849,0,387,220
35850,0,388,220
35851,0,389,220
35852,0,390,220
35853,0,391,220
35854,0,392,220
35855,0,393,220
35856,0,401,220
35857,0,466,220
35858,0,467,220
35859,0,468,220
35860,0,469,220
35861,0,470,220
35862,0,471,220
35863,0,472,220
35864,0,473,220
35865,0,474,220
35866,0,475,220
35867,0,476,220
35868,0,477,220
35869,0,478,220
35870,0,479,220
35871,0,480,220
35872,0,481,220
35873,0,82,221
35874,0,83,221
35875,0,84,221
35876,0,85,221
35877,0,86,221
35878,0,87,221
35879,0,88,221
35880,0,89,221
35881,0,90,221
35882,0,91,221
35883,0,92,221
35884,0,93,221
35885,0,94,221
35886,0,95,221
35887,0,96,221
35888,0,97,221
35889,0,241,221
35890,0,242,221
35891,0,243,221
35892,0,244,221
35893,0,245,221
35894,0,246,221
35895,0,247,221
35896,0,248,221
35897,0,249,221
35898,0,250,221
35899,0,251,221
35900,0,252,221
35901,0,253,221
35902,0,254,221
35903,0,255,221
35904,0,256,221
35905,0,257,221
35906,0,258,221
35907,0,322,221
35908,0,323,221
35909,0,324,221
35910,0,325,221
35911,0,326,221
35912,0,327,221
35913,0,328,221
35914,0,329,221
35915,0,330,221
35916,0,331,221
35917,0,332,221
35918,0,333,221
35919,0,334,221
35920,0,335,221
35921,0,336,221
35922,0,337,221
35923,0,338,221
35924,0,339,221
35925,0,340,221
35926,0,341,221
35927,0,342,221
35928,0,343,221
35929,0,344,221
35930,0,345,221
35931,0,346,221
35932,0,347,221
35933,0,348,221
35934,0,349,221
35935,0,350,221
35936,0,351,221
35937,0,352,221
35938,0,353,221
35939,0,354,221
35940,0,355,221
35941,0,356,221
35942,0,357,221
35943,0,358,221
35944,0,359,221
35945,0,360,221
35946,0,361,221
35947,0,362,221
35948,0,363,221
35949,0,364,221
35950,0,365,221
35951,0,366,221
35952,0,367,221
35953,0,368,221
35954,0,369,221
35955,0,370,221
35956,0,371,221
35957,0,372,221
35958,0,373,221
35959,0,374,221
35960,0,375,221
35961,0,376,221
35962,0,377,221
35963,0,378,221
35964,0,379,221
35965,0,380,221
35966,0,381,221
35967,0,382,221
35968,0,383,221
35969,0,384,221
35970,0,385,221
35971,0,386,221
35972,0,387,221
35973,0,388,221
35974,0,389,221
35975,0,390,221
35976,0,391,221
35977,0,392,221
35978,0,393,221
35979,0,401,221
35980,0,466,221
35981,0,467,221
35982,0,468,221
35983,0,469,221
35984,0,470,221
35985,0,471,221
35986,0,472,221
35987,0,473,221
35988,0,474,221
35989,0,475,221
35990,0,476,221
35991,0,477,221
35992,0,478,221
35993,0,479,221
35994,0,480,221
35995,0,481,221
35996,0,82,222
35997,0,83,222
35998,0,84,222
35999,0,85,222
36000,0,86,222
36001,0,87,222
36002,0,88,222
36003,0,89,222
36004,0,90,222
36005,0,91,222
36006,0,92,222
36007,0,93,222
36008,0,94,222
36009,0,95,222
36010,0,96,222
36011,0,97,222
36012,0,241,222
36013,0,242,222
36014,0,243,222
36015,0,244,222
36016,0,245,222
36017,0,246,222
36018,0,247,222
36019,0,248,222
36020,0,249,222
36021,0,250,222
36022,0,251,222
36023,0,252,222
36024,0,253,222
36025,0,254,222
36026,0,255,222
36027,0,256,222
36028,0,257,222
36029,0,258,222
36030,0,322,222
36031,0,323,222
36032,0,324,222
36033,0,325,222
36034,0,326,222
36035,0,327,222
36036,0,328,222
36037,0,329,222
36038,0,330,222
36039,0,331,222
36040,0,332,222
36041,0,333,222
36042,0,334,222
36043,0,335,222
36044,0,336,222
36045,0,337,222
36046,0,338,222
36047,0,339,222
36048,0,340,222
36049,0,341,222
36050,0,342,222
36051,0,343,222
36052,0,344,222
36053,0,345,222
36054,0,346,222
36055,0,347,222
36056,0,348,222
36057,0,349,222
36058,0,350,222
36059,0,351,222
36060,0,352,222
36061,0,353,222
36062,0,354,222
36063,0,355,222
36064,0,356,222
36065,0,357,222
36066,0,358,222
36067,0,359,222
36068,0,360,222
36069,0,361,222
36070,0,362,222
36071,0,363,222
36072,0,364,222
36073,0,365,222
36074,0,366,222
36075,0,367,222
36076,0,368,222
36077,0,369,222
36078,0,370,222
36079,0,371,222
36080,0,372,222
36081,0,373,222
36082,0,374,222
36083,0,375,222
36084,0,376,222
36085,0,377,222
36086,0,378,222
36087,0,379,222
36088,0,380,222
36089,0,381,222
36090,0,382,222
36091,0,383,222
36092,0,384,222
36093,0,385,222
36094,0,386,222
36095,0,387,222
36096,0,388,222
36097,0,389,222
36098,0,390,222
36099,0,391,222
36100,0,392,222
36101,0,393,222
36102,0,401,222
36103,0,466,222
36104,0,467,222
36105,0,468,222
36106,0,469,222
36107,0,470,222
36108,0,471,222
36109,0,472,222
36110,0,473,222
36111,0,474,222
36112,0,475,222
36113,0,476,222
36114,0,477,222
36115,0,478,222
36116,0,479,222
36117,0,480,222
36118,0,481,222
36119,0,82,223
36120,0,83,223
36121,0,84,223
36122,0,85,223
36123,0,86,223
36124,0,87,223
36125,0,88,223
36126,0,89,223
36127,0,90,223
36128,0,91,223
36129,0,92,223
36130,0,93,223
36131,0,94,223
36132,0,95,223
36133,0,96,223
36134,0,97,223
36135,0,240,223
36136,0,241,223
36137,0,242,223
36138,0,243,223
36139,0,244,223
36140,0,245,223
36141,0,246,223
36142,0,247,223
36143,0,248,223
36144,0,249,223
36145,0,250,223
36146,0,251,223
36147,0,252,223
36148,0,253,223
36149,0,254,223
36150,0,255,223
36151,0,256,223
36152,0,257,223
36153,0,258,223
36154,0,322,223
36155,0,323,223
36156,0,324,223
36157,0,325,223
36158,0,326,223
36159,0,327,223
36160,0,328,223
36161,0,329,223
36162,0,330,223
36163,0,331,223
36164,0,332,223
36165,0,333,223
36166,0,334,223
36167,0,335,223
36168,0,336,223
36169,0,337,223
36170,0,338,223
36171,0,339,223
36172,0,340,223
36173,0,341,223
36174,0,342,223
36175,0,343,223
36176,0,344,223
36177,0,345,223
36178,0,346,223
36179,0,347,223
36180,0,348,223
36181,0,349,223
36182,0,350,223
36183,0,351,223
36184,0,352,223
36185,0,353,223
36186,0,354,223
36187,0,355,223
36188,0,356,223
36189,0,357,223
36190,0,358,223
36191,0,359,223
36192,0,360,223
36193,0,361,223
36194,0,362,223
36195,0,363,223
36196,0,364,223
36197,0,365,223
36198,0,366,223
36199,0,367,223
36200,0,368,223
36201,0,369,223
36202,0,370,223
36203,0,371,223
36204,0,372,223
36205,0,373,223
36206,0,374,223
36207,0,375,223
36208,0,376,223
36209,0,377,223
36210,0,378,223
36211,0,379,223
36212,0,380,223
36213,0,381,223
36214,0,382,223
36215,0,383,223
36216,0,384,223
36217,0,385,223
36218,0,386,223
36219,0,387,223
36220,0,388,223
36221,0,389,223
36222,0,390,223
36223,0,391,223
36224,0,392,223
36225,0,393,223
36226,0,400,223
36227,0,401,223
36228,0,466,223
36229,0,467,223
36230,0,468,223
36231,0,469,223
36232,0,470,223
36233,0,471,223
36234,0,472,223
36235,0,473,223
36236,0,474,223
36237,0,475,223
36238,0,476,223
36239,0,477,223
36240,0,478,223
36241,0,479,223
36242,0,480,223
36243,0,481,223
36244,0,82,224
36245,0,83,224
36246,0,84,224
36247,0,85,224
36248,0,86,224
36249,0,87,224
36250,0,88,224
36251,0,89,224
36252,0,90,224
36253,0,91,224
36254,0,92,224
36255,0,93,224
36256,0,94,224
36257,0,95,224
36258,0,96,224
36259,0,97,224
36260,0,242,224
36261,0,243,224
36262,0,244,224
36263,0,245,224
36264,0,246,224
36265,0,247,224
36266,0,248,224
36267,0,249,224
36268,0,250,224
36269,0,251,224
36270,0,252,224
36271,0,253,224
36272,0,254,224
36273,0,255,224
36274,0,256,224
36275,0,257,224
36276,0,275,224
36277,0,276,224
36278,0,277,224
36279,0,291,224
36280,0,292,224
36281,0,293,224
36282,0,294,224
36283,0,295,224
36284,0,296,224
36285,0,297,224
36286,0,298,224
36287,0,299,224
36288,0,300,224
36289,0,301,224
36290,0,302,224
36291,0,303,224
36292,0,304,224
36293,0,313,224
36294,0,314,224
36295,0,315,224
36296,0,322,224
36297,0,323,224
36298,0,324,224
36299,0,325,224
36300,0,326,224
36301,0,327,224
36302,0,328,224
36303,0,329,224
36304,0,330,224
36305,0,331,224
36306,0,332,224
36307,0,333,224
36308,0,334,224
36309,0,335,224
36310,0,336,224
36311,0,337,224
36312,0,338,224
36313,0,339,224
36314,0,340,224
36315,0,341,224
36316,0,342,224
36317,0,343,224
36318,0,344,224
36319,0,345,224
36320,0,346,224
36321,0,347,224
36322,0,348,224
36323,0,349,224
36324,0,350,224
36325,0,351,224
36326,0,352,224
36327,0,353,224
36328,0,354,224
36329,0,355,224
36330,0,356,224
36331,0,357,224
36332,0,358,224
36333,0,359,224
36334,0,360,224
36335,0,361,224
36336,0,362,224
36337,0,363,224
36338,0,364,224
36339,0,365,224
36340,0,366,224
36341,0,367,224
36342,0,368,224
36343,0,369,224
36344,0,370,224
36345,0,371,224
36346,0,372,224
36347,0,373,224
36348,0,374,224
36349,0,375,224
36350,0,376,224
36351,0,377,224
36352,0,378,224
36353,0,379,224
36354,0,380,224
36355,0,381,224
36356,0,382,224
36357,0,383,224
36358,0,384,224
36359,0,385,224
36360,0,386,224
36361,0,387,224
36362,0,388,224
36363,0,389,224
36364,0,390,224
36365,0,391,224
36366,0,392,224
36367,0,393,224
36368,0,394,224
36369,0,395,224
36370,0,396,224
36371,0,397,224
36372,0,398,224
36373,0,399,224
36374,0,400,224
36375,0,401,224
36376,0,403,224
36377,0,404,224
36378,0,405,224
36379,0,406,224
36380,0,407,224
36381,0,408,224
36382,0,409,224
36383,0,410,224
36384,0,411,224
36385,0,412,224
36386,0,413,224
36387,0,414,224
36388,0,415,224
36389,0,416,224
36390,0,435,224
36391,0,436,224
36392,0,437,224
36393,0,438,224
36394,0,439,224
36395,0,440,224
36396,0,441,224
36397,0,442,224
36398,0,443,224
36399,0,444,224
36400,0,445,224
36401,0,446,224
36402,0,447,224
36403,0,448,224
36404,0,466,224
36405,0,467,224
36406,0,468,224
36407,0,469,224
36408,0,470,224
36409,0,471,224
36410,0,472,224
36411,0,473,224
36412,0,474,224
36413,0,475,224
36414,0,476,224
36415,0,477,224
36416,0,478,224
36417,0,479,224
36418,0,480,224
36419,0,481,224
36420,0,82,225
36421,0,83,225
36422,0,84,225
36423,0,85,225
36424,0,86,225
36425,0,87,225
36426,0,88,225
36427,0,89,225
36428,0,90,225
36429,0,91,225
36430,0,92,225
36431,0,93,225
36432,0,94,225
36433,0,95,225
36434,0,96,225
36435,0,97,225
36436,0,98,225
36437,0,99,225
36438,0,100,225
36439,0,101,225
36440,0,102,225
36441,0,103,225
36442,0,104,225
36443,0,105,225
36444,0,106,225
36445,0,107,225
36446,0,108,225
36447,0,109,225
36448,0,110,225
36449,0,112,225
36450,0,113,225
36451,0,114,225
36452,0,115,225
36453,0,116,225
36454,0,117,225
36455,0,118,225
36456,0,119,225
36457,0,120,225
36458,0,121,225
36459,0,122,225
36460,0,123,225
36461,0,124,225
36462,0,125,225
36463,0,126,225
36464,0,127,225
36465,0,128,225
36466,0,129,225
36467,0,242,225
36468,0,243,225
36469,0,244,225
36470,0,245,225
36471,0,246,225
36472,0,247,225
36473,0,248,225
36474,0,249,225
36475,0,250,225
36476,0,251,225
36477,0,252,225
36478,0,253,225
36479,0,254,225
36480,0,255,225
36481,0,256,225
36482,0,257,225
36483,0,258,225
36484,0,259,225
36485,0,260,225
36486,0,261,225
36487,0,264,225
36488,0,265,225
36489,0,266,225
36490,0,267,225
36491,0,268,225
36492,0,269,225
36493,0,270,225
36494,0,271,225
36495,0,272,225
36496,0,273,225
36497,0,274,225
36498,0,275,225
36499,0,276,225
36500,0,277,225
36501,0,278,225
36502,0,279,225
36503,0,280,225
36504,0,281,225
36505,0,282,225
36506,0,283,225
36507,0,284,225
36508,0,285,225
36509,0,286,225
36510,0,287,225
36511,0,288,225
36512,0,289,225
36513,0,290,225
36514,0,291,225
36515,0,292,225
36516,0,293,225
36517,0,294,225
36518,0,295,225
36519,0,296,225
36520,0,297,225
36521,0,298,225
36522,0,299,225
36523,0,300,225
36524,0,301,225
36525,0,302,225
36526,0,303,225
36527,0,304,225
36528,0,305,225
36529,0,306,225
36530,0,307,225
36531,0,308,225
36532,0,309,225
36533,0,310,225
36534,0,311,225
36535,0,312,225
36536,0,313,225
36537,0,314,225
36538,0,315,225
36539,0,316,225
36540,0,317,225
36541,0,318,225
36542,0,319,225
36543,0,320,225
36544,0,321,225
36545,0,322,225
36546,0,323,225
36547,0,324,225
36548,0,325,225
36549,0,326,225
36550,0,327,225
36551,0,328,225
36552,0,329,225
36553,0,330,225
36554,0,331,225
36555,0,332,225
36556,0,333,225
36557,0,334,225
36558,0,335,225
36559,0,336,225
36560,0,337,225
36561,0,338,225
36562,0,339,225
36563,0,340,225
36564,0,341,225
36565,0,342,225
36566,0,343,225
36567,0,344,225
36568,0,345,225
36569,0,346,225
36570,0,347,225
36571,0,348,225
36572,0,349,225
36573,0,350,225
36574,0,351,225
36575,0,352,225
36576,0,353,225
36577,0,354,225
36578,0,355,225
36579,0,356,225
36580,0,357,225
36581,0,358,225
36582,0,359,225
36583,0,360,225
36584,0,361,225
36585,0,362,225
36586,0,363,225
36587,0,364,225
36588,0,365,225
36589,0,366,225
36590,0,367,225
36591,0,368,225
36592,0,369,225
36593,0,370,225
36594,0,371,225
36595,0,372,225
36596,0,373,225
36597,0,374,225
36598,0,375,225
36599,0,376,225
36600,0,377,225
36601,0,378,225
36602,0,379,225
36603,0,380,225
36604,0,381,225
36605,0,382,225
36606,0,383,225
36607,0,384,225
36608,0,385,225
36609,0,386,225
36610,0,387,225
36611,0,388,225
36612,0,389,225
36613,0,390,225
36614,0,391,225
36615,0,392,225
36616,0,393,225
36617,0,394,225
36618,0,395,225
36619,0,396,225
36620,0,397,225
36621,0,398,225
36622,0,399,225
36623,0,400,225
36624,0,401,225
36625,0,402,225
36626,0,403,225
36627,0,404,225
36628,0,405,225
36629,0,406,225
36630,0,407,225
36631,0,408,225
36632,0,409,225
36633,0,410,225
36634,0,411,225
36635,0,412,225
36636,0,413,225
36637,0,414,225
36638,0,415,225
36639,0,416,225
36640,0,417,225
36641,0,418,225
36642,0,419,225
36643,0,420,225
36644,0,421,225
36645,0,422,225
36646,0,423,225
36647,0,424,225
36648,0,425,225
36649,0,426,225
36650,0,427,225
36651,0,428,225
36652,0,429,225
36653,0,430,225
36654,0,431,225
36655,0,432,225
36656,0,433,225
36657,0,434,225
36658,0,435,225
36659,0,436,225
36660,0,437,225
36661,0,438,225
36662,0,439,225
36663,0,440,225
36664,0,441,225
36665,0,442,225
36666,0,443,225
36667,0,444,225
36668,0,445,225
36669,0,446,225
36670,0,447,225
36671,0,448,225
36672,0,449,225
36673,0,450,225
36674,0,451,225
36675,0,452,225
36676,0,453,225
36677,0,454,225
36678,0,455,225
36679,0,456,225
36680,0,457,225
36681,0,458,225
36682,0,459,225
36683,0,460,225
36684,0,461,225
36685,0,462,225
36686,0,463,225
36687,0,464,225
36688,0,465,225
36689,0,466,225
36690,0,467,225
36691,0,468,225
36692,0,469,225
36693,0,470,225
36694,0,471,225
36695,0,472,225
36696,0,473,225
36697,0,474,225
36698,0,475,225
36699,0,476,225
36700,0,477,225
36701,0,478,225
36702,0,479,225
36703,0,480,225
36704,0,481,225
36705,0,82,226
36706,0,83,226
36707,0,84,226
36708,0,85,226
36709,0,86,226
36710,0,87,226
36711,0,88,226
36712,0,89,226
36713,0,90,226
36714,0,91,226
36715,0,92,226
36716,0,93,226
36717,0,94,226
36718,0,95,226
36719,0,96,226
36720,0,97,226
36721,0,98,226
36722,0,99,226
36723,0,100,226
36724,0,101,226
36725,0,102,226
36726,0,103,226
36727,0,104,226
36728,0,105,226
36729,0,106,226
36730,0,107,226
36731,0,108,226
36732,0,109,226
36733,0,110,226
36734,0,111,226
36735,0,112,226
36736,0,113,226
36737,0,114,226
36738,0,115,226
36739,0,116,226
36740,0,117,226
36741,0,118,226
36742,0,119,226
36743,0,120,226
36744,0,121,226
36745,0,122,226
36746,0,123,226
36747,0,124,226
36748,0,125,226
36749,0,126,226
36750,0,127,226
36751,0,128,226
36752,0,129,226
36753,0,242,226
36754,0,243,226
36755,0,244,226
36756,0,245,226
36757,0,246,226
36758,0,247,226
36759,0,248,226
36760,0,249,226
36761,0,250,226
36762,0,251,226
36763,0,252,226
36764,0,253,226
36765,0,254,226
36766,0,255,226
36767,0,256,226
36768,0,257,226
36769,0,258,226
36770,0,259,226
36771,0,260,226
36772,0,261,226
36773,0,264,226
36774,0,265,226
36775,0,266,226
36776,0,267,226
36777,0,268,226
36778,0,269,226
36779,0,270,226
36780,0,271,226
36781,0,272,226
36782,0,273,226
36783,0,274,226
36784,0,275,226
36785,0,276,226
36786,0,277,226
36787,0,278,226
36788,0,279,226
36789,0,280,226
36790,0,281,226
36791,0,282,226
36792,0,283,226
36793,0,284,226
36794,0,285,226
36795,0,286,226
36796,0,287,226
36797,0,288,226
36798,0,289,226
36799,0,290,226
36800,0,291,226
36801,0,292,226
36802,0,293,226
36803,0,294,226
36804,0,295,226
36805,0,296,226
36806,0,297,226
36807,0,298,226
36808,0,299,226
36809,0,300,226
36810,0,301,226
36811,0,302,226
36812,0,303,226
36813,0,304,226
36814,0,305,226
36815,0,306,226
36816,0,307,226
36817,0,308,226
36818,0,309,226
36819,0,310,226
36820,0,311,226
36821,0,312,226
36822,0,313,226
36823,0,314,226
36824,0,315,226
36825,0,316,226
36826,0,317,226
36827,0,318,226
36828,0,319,226
36829,0,320,226
36830,0,321,226
36831,0,322,226
36832,0,323,226
36833,0,324,226
36834,0,325,226
36835,0,326,226
36836,0,327,226
36837,0,328,226
36838,0,329,226
36839,0,330,226
36840,0,331,226
36841,0,332,226
36842,0,333,226
36843,0,334,226
36844,0,335,226
36845,0,336,226
36846,0,337,226
36847,0,338,226
36848,0,339,226
36849,0,340,226
36850,0,341,226
36851,0,342,226
36852,0,343,226
36853,0,344,226
36854,0,345,226
36855,0,346,226
36856,0,347,226
36857,0,348,226
36858,0,349,226
36859,0,350,226
36860,0,351,226
36861,0,352,226
36862,0,353,226
36863,0,354,226
36864,0,355,226
36865,0,356,226
36866,0,357,226
36867,0,358,226
36868,0,359,226
36869,0,360,226
36870,0,361,226
36871,0,362,226
36872,0,363,226
36873,0,364,226
36874,0,365,226
36875,0,366,226
36876,0,367,226
36877,0,368,226
36878,0,369,226
36879,0,370,226
36880,0,371,226
36881,0,372,226
36882,0,373,226
36883,0,374,226
36884,0,375,226
36885,0,376,226
36886,0,377,226
36887,0,378,226
36888,0,379,226
36889,0,380,226
36890,0,381,226
36891,0,382,226
36892,0,383,226
36893,0,384,226
36894,0,385,226
36895,0,386,226
36896,0,387,226
36897,0,388,226
36898,0,389,226
36899,0,390,226
36900,0,391,226
36901,0,392,226
36902,0,393,226
36903,0,394,226
36904,0,395,226
36905,0,396,226
36906,0,397,226
36907,0,398,226
36908,0,399,226
36909,0,400,226
36910,0,401,226
36911,0,402,226
36912,0,403,226
36913,0,404,226
36914,0,405,226
36915,0,406,226
36916,0,407,226
36917,0,408,226
36918,0,409,226
36919,0,410,226
36920,0,411,226
36921,0,412,226
36922,0,413,226
36923,0,414,226
36924,0,415,226
36925,0,416,226
36926,0,417,226
36927,0,418,226
36928,0,419,226
36929,0,420,226
36930,0,421,226
36931,0,422,226
36932,0,423,226
36933,0,424,226
36934,0,425,226
36935,0,426,226
36936,0,427,226
36937,0,428,226
36938,0,429,226
36939,0,430,226
36940,0,431,226
36941,0,432,226
36942,0,433,226
36943,0,434,226
36944,0,435,226
36945,0,436,226
36946,0,437,226
36947,0,438,226
36948,0,439,226
36949,0,440,226
36950,0,441,226
36951,0,442,226
36952,0,443,226
36953,0,444,226
36954,0,445,226
36955,0,446,226
36956,0,447,226
36957,0,448,226
36958,0,449,226
36959,0,450,226
36960,0,451,226
36961,0,452,226
36962,0,453,226
36963,0,454,226
36964,0,455,226
36965,0,456,226
36966,0,457,226
36967,0,458,226
36968,0,459,226
36969,0,460,226
36970,0,461,226
36971,0,462,226
36972,0,463,226
36973,0,464,226
36974,0,465,226
36975,0,466,226
36976,0,467,226
36977,0,468,226
36978,0,469,226
36979,0,470,226
36980,0,471,226
36981,0,472,226
36982,0,473,226
36983,0,474,226
36984,0,475,226
36985,0,476,226
36986,0,477,226
36987,0,478,226
36988,0,479,226
36989,0,480,226
36990,0,481,226
36991,0,82,227
36992,0,83,227
36993,0,84,227
36994,0,85,227
36995,0,86,227
36996,0,87,227
36997,0,88,227
36998,0,89,227
36999,0,90,227
37000,0,91,227
37001,0,92,227
37002,0,93,227
37003,0,94,227
37004,0,95,227
37005,0,96,227
37006,0,97,227
37007,0,98,227
37008,0,99,227
37009,0,100,227
37010,0,101,227
37011,0,102,227
37012,0,103,227
37013,0,104,227
37014,0,105,227
37015,0,106,227
37016,0,107,227
37017,0,108,227
37018,0,109,227
37019,0,110,227
37020,0,111,227
37021,0,112,227
37022,0,113,227
37023,0,114,227
37024,0,115,227
37025,0,116,227
37026,0,117,227
37027,0,118,227
37028,0,119,227
37029,0,120,227
37030,0,121,227
37031,0,122,227
37032,0,123,227
37033,0,124,227
37034,0,125,227
37035,0,126,227
37036,0,127,227
37037,0,128,227
37038,0,129,227
37039,0,242,227
37040,0,243,227
37041,0,244,227
37042,0,245,227
37043,0,246,227
37044,0,247,227
37045,0,248,227
37046,0,249,227
37047,0,250,227
37048,0,251,227
37049,0,252,227
37050,0,253,227
37051,0,254,227
37052,0,255,227
37053,0,256,227
37054,0,257,227
37055,0,258,227
37056,0,259,227
37057,0,260,227
37058,0,261,227
37059,0,262,227
37060,0,263,227
37061,0,264,227
37062,0,265,227
37063,0,266,227
37064,0,267,227
37065,0,268,227
37066,0,269,227
37067,0,270,227
37068,0,271,227
37069,0,272,227
37070,0,273,227
37071,0,274,227
37072,0,275,227
37073,0,276,227
37074,0,277,227
37075,0,278,227
37076,0,279,227
37077,0,280,227
37078,0,281,227
37079,0,282,227
37080,0,283,227
37081,0,284,227
37082,0,285,227
37083,0,286,227
37084,0,287,227
37085,0,288,227
37086,0,289,227
37087,0,290,227
37088,0,291,227
37089,0,292,227
37090,0,293,227
37091,0,294,227
37092,0,295,227
37093,0,296,227
37094,0,297,227
37095,0,298,227
37096,0,299,227
37097,0,300,227
37098,0,301,227
37099,0,302,227
37100,0,303,227
37101,0,304,227
37102,0,305,227
37103,0,306,227
37104,0,307,227
37105,0,308,227
37106,0,309,227
37107,0,310,227
37108,0,311,227
37109,0,312,227
37110,0,313,227
37111,0,314,227
37112,0,315,227
37113,0,316,227
37114,0,317,227
37115,0,318,227
37116,0,319,227
37117,0,320,227
37118,0,321,227
37119,0,322,227
37120,0,323,227
37121,0,324,227
37122,0,325,227
37123,0,326,227
37124,0,327,227
37125,0,328,227
37126,0,329,227
37127,0,330,227
37128,0,331,227
37129,0,332,227
37130,0,333,227
37131,0,334,227
37132,0,335,227
37133,0,336,227
37134,0,337,227
37135,0,338,227
37136,0,339,227
37137,0,340,227
37138,0,341,227
37139,0,342,227
37140,0,343,227
37141,0,344,227
37142,0,345,227
37143,0,346,227
37144,0,347,227
37145,0,348,227
37146,0,349,227
37147,0,350,227
37148,0,351,227
37149,0,352,227
37150,0,353,227
37151,0,354,227
37152,0,355,227
37153,0,356,227
37154,0,357,227
37155,0,358,227
37156,0,359,227
37157,0,360,227
37158,0,361,227
37159,0,362,227
37160,0,363,227
37161,0,364,227
37162,0,365,227
37163,0,366,227
37164,0,367,227
37165,0,368,227
37166,0,369,227
37167,0,370,227
37168,0,371,227
37169,0,372,227
37170,0,373,227
37171,0,374,227
37172,0,375,227
37173,0,376,227
37174,0,377,227
37175,0,378,227
37176,0,379,227
37177,0,380,227
37178,0,381,227
37179,0,382,227
37180,0,383,227
37181,0,384,227
37182,0,385,227
37183,0,386,227
37184,0,387,227
37185,0,388,227
37186,0,389,227
37187,0,390,227
37188,0,391,227
37189,0,392,227
37190,0,393,227
37191,0,394,227
37192,0,395,227
37193,0,396,227
37194,0,397,227
37195,0,398,227
37196,0,399,227
37197,0,400,227
37198,0,401,227
37199,0,402,227
37200,0,403,227
37201,0,404,227
37202,0,405,227
37203,0,406,227
37204,0,407,227
37205,0,408,227
37206,0,409,227
37207,0,410,227
37208,0,411,227
37209,0,412,227
37210,0,413,227
37211,0,414,227
37212,0,415,227
37213,0,416,227
37214,0,417,227
37215,0,418,227
37216,0,419,227
37217,0,420,227
37218,0,421,227
37219,0,422,227
37220,0,423,227
37221,0,424,227
37222,0,425,227
37223,0,426,227
37224,0,427,227
37225,0,428,227
37226,0,429,227
37227,0,430,227
37228,0,431,227
37229,0,432,227
37230,0,433,227
37231,0,434,227
37232,0,435,227
37233,0,436,227
37234,0,437,227
37235,0,438,227
37236,0,439,227
37237,0,440,227
37238,0,441,227
37239,0,442,227
37240,0,443,227
37241,0,444,227
37242,0,445,227
37243,0,446,227
37244,0,447,227
37245,0,448,227
37246,0,449,227
37247,0,450,227
37248,0,451,227
37249,0,452,227
37250,0,453,227
37251,0,454,227
37252,0,455,227
37253,0,456,227
37254,0,457,227
37255,0,458,227
37256,0,459,227
37257,0,460,227
37258,0,461,227
37259,0,462,227
37260,0,463,227
37261,0,464,227
37262,0,465,227
37263,0,466,227
37264,0,467,227
37265,0,468,227
37266,0,469,227
37267,0,470,227
37268,0,471,227
37269,0,472,227
37270,0,473,227
37271,0,474,227
37272,0,475,227
37273,0,476,227
37274,0,477,227
37275,0,478,227
37276,0,479,227
37277,0,480,227
37278,0,481,227
37279,0,82,228
37280,0,83,228
37281,0,84,228
37282,0,85,228
37283,0,86,228
37284,0,87,228
37285,0,88,228
37286,0,89,228
37287,0,90,228
37288,0,91,228
37289,0,92,228
37290,0,93,228
37291,0,94,228
37292,0,95,228
37293,0,96,228
37294,0,97,228
37295,0,98,228
37296,0,99,228
37297,0,100,228
37298,0,101,228
37299,0,102,228
37300,0,103,228
37301,0,104,228
37302,0,105,228
37303,0,106,228
37304,0,107,228
37305,0,108,228
37306,0,109,228
37307,0,110,228
37308,0,111,228
37309,0,112,228
37310,0,113,228
37311,0,114,228
37312,0,115,228
37313,0,116,228
37314,0,117,228
37315,0,118,228
37316,0,119,228
37317,0,120,228
37318,0,121,228
37319,0,122,228
37320,0,123,228
37321,0,124,228
37322,0,125,228
37323,0,126,228
37324,0,127,228
37325,0,128,228
37326,0,129,228
37327,0,242,228
37328,0,243,228
37329,0,244,228
37330,0,245,228
37331,0,246,228
37332,0,247,228
37333,0,248,228
37334,0,249,228
37335,0,250,228
37336,0,251,228
37337,0,252,228
37338,0,253,228
37339,0,254,228
37340,0,255,228
37341,0,256,228
37342,0,257,228
37343,0,258,228
37344,0,259,228
37345,0,260,228
37346,0,261,228
37347,0,262,228
37348,0,263,228
37349,0,264,228
37350,0,265,228
37351,0,266,228
37352,0,267,228
37353,0,268,228
37354,0,269,228
37355,0,270,228
37356,0,271,228
37357,0,272,228
37358,0,273,228
37359,0,274,228
37360,0,275,228
37361,0,276,228
37362,0,277,228
37363,0,278,228
37364,0,279,228
37365,0,280,228
37366,0,281,228
37367,0,282,228
37368,0,283,228
37369,0,284,228
37370,0,285,228
37371,0,286,228
37372,0,287,228
37373,0,288,228
37374,0,289,228
37375,0,290,228
37376,0,291,228
37377,0,292,228
37378,0,293,228
37379,0,294,228
37380,0,295,228
37381,0,296,228
37382,0,297,228
37383,0,298,228
37384,0,299,228
37385,0,300,228
37386,0,301,228
37387,0,302,228
37388,0,303,228
37389,0,304,228
37390,0,305,228
37391,0,306,228
37392,0,307,228
37393,0,308,228
37394,0,309,228
37395,0,310,228
37396,0,311,228
37397,0,312,228
37398,0,313,228
37399,0,314,228
37400,0,315,228
37401,0,316,228
37402,0,317,228
37403,0,318,228
37404,0,319,228
37405,0,320,228
37406,0,321,228
37407,0,322,228
37408,0,323,228
37409,0,324,228
37410,0,325,228
37411,0,326,228
37412,0,327,228
37413,0,328,228
37414,0,329,228
37415,0,330,228
37416,0,331,228
37417,0,332,228
37418,0,333,228
37419,0,334,228
37420,0,335,228
37421,0,336,228
37422,0,337,228
37423,0,338,228
37424,0,339,228
37425,0,340,228
37426,0,341,228
37427,0,342,228
37428,0,343,228
37429,0,344,228
37430,0,345,228
37431,0,346,228
37432,0,347,228
37433,0,348,228
37434,0,349,228
37435,0,350,228
37436,0,351,228
37437,0,352,228
37438,0,353,228
37439,0,354,228
37440,0,355,228
37441,0,356,228
37442,0,357,228
37443,0,358,228
37444,0,359,228
37445,0,360,228
37446,0,361,228
37447,0,362,228
37448,0,363,228
37449,0,364,228
37450,0,365,228
37451,0,366,228
37452,0,367,228
37453,0,368,228
37454,0,369,228
37455,0,370,228
37456,0,371,228
37457,0,372,228
37458,0,373,228
37459,0,374,228
37460,0,375,228
37461,0,376,228
37462,0,377,228
37463,0,378,228
37464,0,379,228
37465,0,380,228
37466,0,381,228
37467,0,382,228
37468,0,383,228
37469,0,384,228
37470,0,385,228
37471,0,386,228
37472,0,387,228
37473,0,388,228
37474,0,389,228
37475,0,390,228
37476,0,391,228
37477,0,392,228
37478,0,393,228
37479,0,394,228
37480,0,395,228
37481,0,396,228
37482,0,397,228
37483,0,398,228
37484,0,399,228
37485,0,400,228
37486,0,401,228
37487,0,402,228
37488,0,403,228
37489,0,404,228
37490,0,405,228
37491,0,406,228
37492,0,407,228
37493,0,408,228
37494,0,409,228
37495,0,410,228
37496,0,411,228
37497,0,412,228
37498,0,413,228
37499,0,414,228
37500,0,415,228
37501,0,416,228
37502,0,417,228
37503,0,418,228
37504,0,419,228
37505,0,420,228
37506,0,421,228
37507,0,422,228
37508,0,423,228
37509,0,424,228
37510,0,425,228
37511,0,426,228
37512,0,427,228
37513,0,428,228
37514,0,429,228
37515,0,430,228
37516,0,431,228
37517,0,432,228
37518,0,433,228
37519,0,434,228
37520,0,435,228
37521,0,436,228
37522,0,437,228
37523,0,438,228
37524,0,439,228
37525,0,440,228
37526,0,441,228
37527,0,442,228
37528,0,443,228
37529,0,444,228
37530,0,445,228
37531,0,446,228
37532,0,447,228
37533,0,448,228
37534,0,449,228
37535,0,450,228
37536,0,451,228
37537,0,452,228
37538,0,453,228
37539,0,454,228
37540,0,455,228
37541,0,456,228
37542,0,457,228
37543,0,458,228
37544,0,459,228
37545,0,460,228
37546,0,461,228
37547,0,462,228
37548,0,463,228
37549,0,464,228
37550,0,465,228
37551,0,466,228
37552,0,467,228
37553,0,468,228
37554,0,469,228
37555,0,470,228
37556,0,471,228
37557,0,472,228
37558,0,473,228
37559,0,474,228
37560,0,475,228
37561,0,476,228
37562,0,477,228
37563,0,478,228
37564,0,479,228
37565,0,480,228
37566,0,481,228
37567,0,82,229
37568,0,83,229
37569,0,84,229
37570,0,85,229
37571,0,86,229
37572,0,87,229
37573,0,88,229
37574,0,89,229
37575,0,90,229
37576,0,91,229
37577,0,92,229
37578,0,93,229
37579,0,94,229
37580,0,95,229
37581,0,96,229
37582,0,97,229
37583,0,98,229
37584,0,99,229
37585,0,100,229
37586,0,101,229
37587,0,102,229
37588,0,103,229
37589,0,104,229
37590,0,105,229
37591,0,106,229
37592,0,107,229
37593,0,108,229
37594,0,109,229
37595,0,110,229
37596,0,111,229
37597,0,112,229
37598,0,113,229
37599,0,114,229
37600,0,115,229
37601,0,116,229
37602,0,117,229
37603,0,118,229
37604,0,119,229
37605,0,120,229
37606,0,121,229
37607,0,122,229
37608,0,123,229
37609,0,124,229
37610,0,125,229
37611,0,126,229
37612,0,127,229
37613,0,128,229
37614,0,129,229
37615,0,242,229
37616,0,243,229
37617,0,244,229
37618,0,245,229
37619,0,246,229
37620,0,247,229
37621,0,248,229
37622,0,249,229
37623,0,250,229
37624,0,251,229
37625,0,252,229
37626,0,253,229
37627,0,254,229
37628,0,255,229
37629,0,256,229
37630,0,257,229
37631,0,258,229
37632,0,259,229
37633,0,260,229
37634,0,261,229
37635,0,262,229
37636,0,263,229
37637,0,264,229
37638,0,265,229
37639,0,266,229
37640,0,267,229
37641,0,268,229
37642,0,269,229
37643,0,270,229
37644,0,271,229
37645,0,272,229
37646,0,273,229
37647,0,274,229
37648,0,275,229
37649,0,276,229
37650,0,277,229
37651,0,278,229
37652,0,279,229
37653,0,280,229
37654,0,281,229
37655,0,282,229
37656,0,283,229
37657,0,284,229
37658,0,285,229
37659,0,286,229
37660,0,287,229
37661,0,288,229
37662,0,289,229
37663,0,290,229
37664,0,291,229
37665,0,292,229
37666,0,293,229
37667,0,294,229
37668,0,295,229
37669,0,296,229
37670,0,297,229
37671,0,298,229
37672,0,299,229
37673,0,300,229
37674,0,301,229
37675,0,302,229
37676,0,303,229
37677,0,304,229
37678,0,305,229
37679,0,306,229
37680,0,307,229
37681,0,308,229
37682,0,309,229
37683,0,310,229
37684,0,311,229
37685,0,312,229
37686,0,313,229
37687,0,314,229
37688,0,315,229
37689,0,316,229
37690,0,317,229
37691,0,318,229
37692,0,319,229
37693,0,320,229
37694,0,321,229
37695,0,322,229
37696,0,323,229
37697,0,324,229
37698,0,325,229
37699,0,326,229
37700,0,327,229
37701,0,328,229
37702,0,329,229
37703,0,330,229
37704,0,331,229
37705,0,332,229
37706,0,333,229
37707,0,334,229
37708,0,335,229
37709,0,336,229
37710,0,337,229
37711,0,338,229
37712,0,339,229
37713,0,340,229
37714,0,341,229
37715,0,342,229
37716,0,343,229
37717,0,344,229
37718,0,345,229
37719,0,346,229
37720,0,347,229
37721,0,348,229
37722,0,349,229
37723,0,350,229
37724,0,351,229
37725,0,352,229
37726,0,353,229
37727,0,354,229
37728,0,355,229
37729,0,356,229
37730,0,357,229
37731,0,358,229
37732,0,359,229
37733,0,360,229
37734,0,361,229
37735,0,362,229
37736,0,363,229
37737,0,364,229
37738,0,365,229
37739,0,366,229
37740,0,367,229
37741,0,368,229
37742,0,369,229
37743,0,370,229
37744,0,371,229
37745,0,372,229
37746,0,373,229
37747,0,374,229
37748,0,375,229
37749,0,376,229
37750,0,377,229
37751,0,378,229
37752,0,379,229
37753,0,380,229
37754,0,381,229
37755,0,382,229
37756,0,383,229
37757,0,384,229
37758,0,385,229
37759,0,386,229
37760,0,387,229
37761,0,388,229
37762,0,389,229
37763,0,390,229
37764,0,391,229
37765,0,392,229
37766,0,393,229
37767,0,394,229
37768,0,395,229
37769,0,396,229
37770,0,397,229
37771,0,398,229
37772,0,399,229
37773,0,400,229
37774,0,401,229
37775,0,402,229
37776,0,403,229
37777,0,404,229
37778,0,405,229
37779,0,406,229
37780,0,407,229
37781,0,408,229
37782,0,409,229
37783,0,410,229
37784,0,411,229
37785,0,412,229
37786,0,413,229
37787,0,414,229
37788,0,415,229
37789,0,416,229
37790,0,417,229
37791,0,418,229
37792,0,419,229
37793,0,420,229
37794,0,421,229
37795,0,422,229
37796,0,423,229
37797,0,424,229
37798,0,425,229
37799,0,426,229
37800,0,427,229
37801,0,428,229
37802,0,429,229
37803,0,430,229
37804,0,431,229
37805,0,432,229
37806,0,433,229
37807,0,434,229
37808,0,435,229
37809,0,436,229
37810,0,437,229
37811,0,438,229
37812,0,439,229
37813,0,440,229
37814,0,441,229
37815,0,442,229
37816,0,443,229
37817,0,444,229
37818,0,445,229
37819,0,446,229
37820,0,447,229
37821,0,448,229
37822,0,449,229
37823,0,450,229
37824,0,451,229
37825,0,452,229
37826,0,453,229
37827,0,454,229
37828,0,455,229
37829,0,456,229
37830,0,457,229
37831,0,458,229
37832,0,459,229
37833,0,460,229
37834,0,461,229
37835,0,462,229
37836,0,463,229
37837,0,464,229
37838,0,465,229
37839,0,466,229
37840,0,467,229
37841,0,468,229
37842,0,469,229
37843,0,470,229
37844,0,471,229
37845,0,472,229
37846,0,473,229
37847,0,474,229
37848,0,475,229
37849,0,476,229
37850,0,477,229
37851,0,478,229
37852,0,479,229
37853,0,480,229
37854,0,481,229
37855,0,82,230
37856,0,83,230
37857,0,84,230
37858,0,85,230
37859,0,86,230
37860,0,87,230
37861,0,88,230
37862,0,89,230
37863,0,90,230
37864,0,91,230
37865,0,92,230
37866,0,93,230
37867,0,94,230
37868,0,95,230
37869,0,96,230
37870,0,97,230
37871,0,98,230
37872,0,99,230
37873,0,100,230
37874,0,101,230
37875,0,102,230
37876,0,103,230
37877,0,104,230
37878,0,105,230
37879,0,106,230
37880,0,107,230
37881,0,108,230
37882,0,109,230
37883,0,110,230
37884,0,111,230
37885,0,112,230
37886,0,113,230
37887,0,114,230
37888,0,115,230
37889,0,116,230
37890,0,117,230
37891,0,118,230
37892,0,119,230
37893,0,120,230
37894,0,121,230
37895,0,122,230
37896,0,123,230
37897,0,124,230
37898,0,125,230
37899,0,126,230
37900,0,127,230
37901,0,128,230
37902,0,129,230
37903,0,242,230
37904,0,243,230
37905,0,244,230
37906,0,245,230
37907,0,246,230
37908,0,247,230
37909,0,248,230
37910,0,249,230
37911,0,250,230
37912,0,251,230
37913,0,252,230
37914,0,253,230
37915,0,254,230
37916,0,255,230
37917,0,256,230
37918,0,257,230
37919,0,258,230
37920,0,259,230
37921,0,260,230
37922,0,261,230
37923,0,262,230
37924,0,263,230
37925,0,264,230
37926,0,265,230
37927,0,266,230
37928,0,267,230
37929,0,268,230
37930,0,269,230
37931,0,270,230
37932,0,271,230
37933,0,272,230
37934,0,273,230
37935,0,274,230
37936,0,275,230
37937,0,276,230
37938,0,277,230
37939,0,278,230
37940,0,279,230
37941,0,280,230
37942,0,281,230
37943,0,282,230
37944,0,283,230
37945,0,284,230
37946,0,285,230
37947,0,286,230
37948,0,287,230
37949,0,288,230
37950,0,289,230
37951,0,290,230
37952,0,291,230
37953,0,292,230
37954,0,293,230
37955,0,294,230
37956,0,295,230
37957,0,296,230
37958,0,297,230
37959,0,298,230
37960,0,299,230
37961,0,300,230
37962,0,301,230
37963,0,302,230
37964,0,303,230
37965,0,304,230
37966,0,305,230
37967,0,306,230
37968,0,307,230
37969,0,308,230
37970,0,309,230
37971,0,310,230
37972,0,311,230
37973,0,312,230
37974,0,313,230
37975,0,314,230
37976,0,315,230
37977,0,316,230
37978,0,317,230
37979,0,318,230
37980,0,319,230
37981,0,320,230
37982,0,321,230
37983,0,322,230
37984,0,323,230
37985,0,324,230
37986,0,325,230
37987,0,326,230
37988,0,327,230
37989,0,328,230
37990,0,329,230
37991,0,330,230
37992,0,331,230
37993,0,332,230
37994,0,333,230
37995,0,334,230
37996,0,335,230
37997,0,336,230
37998,0,337,230
37999,0,338,230
38000,0,339,230
38001,0,340,230
38002,0,341,230
38003,0,342,230
38004,0,343,230
38005,0,344,230
38006,0,345,230
38007,0,346,230
38008,0,347,230
38009,0,348,230
38010,0,349,230
38011,0,350,230
38012,0,351,230
38013,0,352,230
38014,0,353,230
38015,0,354,230
38016,0,355,230
38017,0,356,230
38018,0,357,230
38019,0,358,230
38020,0,359,230
38021,0,360,230
38022,0,361,230
38023,0,362,230
38024,0,363,230
38025,0,364,230
38026,0,365,230
38027,0,366,230
38028,0,367,230
38029,0,368,230
38030,0,369,230
38031,0,370,230
38032,0,371,230
38033,0,372,230
38034,0,373,230
38035,0,374,230
38036,0,375,230
38037,0,376,230
38038,0,377,230
38039,0,378,230
38040,0,379,230
38041,0,380,230
38042,0,381,230
38043,0,382,230
38044,0,383,230
38045,0,384,230
38046,0,385,230
38047,0,386,230
38048,0,387,230
38049,0,388,230
38050,0,389,230
38051,0,390,230
38052,0,391,230
38053,0,392,230
38054,0,393,230
38055,0,394,230
38056,0,395,230
38057,0,396,230
38058,0,397,230
38059,0,398,230
38060,0,399,230
38061,0,400,230
38062,0,401,230
38063,0,402,230
38064,0,403,230
38065,0,404,230
38066,0,405,230
38067,0,406,230
38068,0,407,230
38069,0,408,230
38070,0,409,230
38071,0,410,230
38072,0,411,230
38073,0,412,230
38074,0,413,230
38075,0,414,230
38076,0,415,230
38077,0,416,230
38078,0,417,230
38079,0,418,230
38080,0,419,230
38081,0,420,230
38082,0,421,230
38083,0,422,230
38084,0,423,230
38085,0,424,230
38086,0,425,230
38087,0,426,230
38088,0,427,230
38089,0,428,230
38090,0,429,230
38091,0,430,230
38092,0,431,230
38093,0,432,230
38094,0,433,230
38095,0,434,230
38096,0,435,230
38097,0,436,230
38098,0,437,230
38099,0,438,230
38100,0,439,230
38101,0,440,230
38102,0,441,230
38103,0,442,230
38104,0,443,230
38105,0,444,230
38106,0,445,230
38107,0,446,230
38108,0,447,230
38109,0,448,230
38110,0,449,230
38111,0,450,230
38112,0,451,230
38113,0,452,230
38114,0,453,230
38115,0,454,230
38116,0,455,230
38117,0,456,230
38118,0,457,230
38119,0,458,230
38120,0,459,230
38121,0,460,230
38122,0,461,230
38123,0,462,230
38124,0,463,230
38125,0,464,230
38126,0,465,230
38127,0,466,230
38128,0,467,230
38129,0,468,230
38130,0,469,230
38131,0,470,230
38132,0,471,230
38133,0,472,230
38134,0,473,230
38135,0,474,230
38136,0,475,230
38137,0,476,230
38138,0,477,230
38139,0,478,230
38140,0,479,230
38141,0,480,230
38142,0,481,230
38143,0,82,231
38144,0,83,231
38145,0,84,231
38146,0,85,231
38147,0,86,231
38148,0,87,231
38149,0,88,231
38150,0,89,231
38151,0,90,231
38152,0,91,231
38153,0,92,231
38154,0,93,231
38155,0,94,231
38156,0,95,231
38157,0,96,231
38158,0,97,231
38159,0,98,231
38160,0,99,231
38161,0,100,231
38162,0,101,231
38163,0,102,231
38164,0,103,231
38165,0,104,231
38166,0,105,231
38167,0,106,231
38168,0,107,231
38169,0,108,231
38170,0,109,231
38171,0,110,231
38172,0,111,231
38173,0,112,231
38174,0,113,231
38175,0,114,231
38176,0,115,231
38177,0,116,231
38178,0,117,231
38179,0,118,231
38180,0,119,231
38181,0,120,231
38182,0,121,231
38183,0,122,231
38184,0,123,231
38185,0,124,231
38186,0,125,231
38187,0,126,231
38188,0,127,231
38189,0,128,231
38190,0,129,231
38191,0,242,231
38192,0,243,231
38193,0,244,231
38194,0,245,231
38195,0,246,231
38196,0,247,231
38197,0,248,231
38198,0,249,231
38199,0,250,231
38200,0,251,231
38201,0,252,231
38202,0,253,231
38203,0,254,231
38204,0,255,231
38205,0,256,231
38206,0,257,231
38207,0,258,231
38208,0,259,231
38209,0,260,231
38210,0,261,231
38211,0,262,231
38212,0,263,231
38213,0,264,231
38214,0,265,231
38215,0,266,231
38216,0,267,231
38217,0,268,231
38218,0,269,231
38219,0,270,231
38220,0,271,231
38221,0,272,231
38222,0,273,231
38223,0,274,231
38224,0,275,231
38225,0,276,231
38226,0,277,231
38227,0,278,231
38228,0,279,231
38229,0,280,231
38230,0,281,231
38231,0,282,231
38232,0,283,231
38233,0,284,231
38234,0,285,231
38235,0,286,231
38236,0,287,231
38237,0,288,231
38238,0,289,231
38239,0,290,231
38240,0,291,231
38241,0,292,231
38242,0,293,231
38243,0,294,231
38244,0,295,231
38245,0,296,231
38246,0,297,231
38247,0,298,231
38248,0,299,231
38249,0,300,231
38250,0,301,231
38251,0,302,231
38252,0,303,231
38253,0,304,231
38254,0,305,231
38255,0,306,231
38256,0,307,231
38257,0,308,231
38258,0,309,231
38259,0,310,231
38260,0,311,231
38261,0,312,231
38262,0,313,231
38263,0,314,231
38264,0,315,231
38265,0,316,231
38266,0,317,231
38267,0,318,231
38268,0,319,231
38269,0,320,231
38270,0,321,231
38271,0,322,231
38272,0,323,231
38273,0,324,231
38274,0,325,231
38275,0,326,231
38276,0,327,231
38277,0,328,231
38278,0,329,231
38279,0,330,231
38280,0,331,231
38281,0,332,231
38282,0,333,231
38283,0,334,231
38284,0,335,231
38285,0,336,231
38286,0,337,231
38287,0,338,231
38288,0,339,231
38289,0,340,231
38290,0,341,231
38291,0,342,231
38292,0,343,231
38293,0,344,231
38294,0,345,231
38295,0,346,231
38296,0,347,231
38297,0,348,231
38298,0,349,231
38299,0,350,231
38300,0,351,231
38301,0,352,231
38302,0,353,231
38303,0,354,231
38304,0,355,231
38305,0,356,231
38306,0,357,231
38307,0,358,231
38308,0,359,231
38309,0,360,231
38310,0,361,231
38311,0,362,231
38312,0,363,231
38313,0,364,231
38314,0,365,231
38315,0,366,231
38316,0,367,231
38317,0,368,231
38318,0,369,231
38319,0,370,231
38320,0,371,231
38321,0,372,231
38322,0,373,231
38323,0,374,231
38324,0,375,231
38325,0,376,231
38326,0,377,231
38327,0,378,231
38328,0,379,231
38329,0,380,231
38330,0,381,231
38331,0,382,231
38332,0,383,231
38333,0,384,231
38334,0,385,231
38335,0,386,231
38336,0,387,231
38337,0,388,231
38338,0,389,231
38339,0,390,231
38340,0,391,231
38341,0,392,231
38342,0,393,231
38343,0,394,231
38344,0,395,231
38345,0,396,231
38346,0,397,231
38347,0,398,231
38348,0,399,231
38349,0,400,231
38350,0,401,231
38351,0,402,231
38352,0,403,231
38353,0,404,231
38354,0,405,231
38355,0,406,231
38356,0,407,231
38357,0,408,231
38358,0,409,231
38359,0,410,231
38360,0,411,231
38361,0,412,231
38362,0,413,231
38363,0,414,231
38364,0,415,231
38365,0,416,231
38366,0,417,231
38367,0,418,231
38368,0,419,231
38369,0,420,231
38370,0,421,231
38371,0,422,231
38372,0,423,231
38373,0,424,231
38374,0,425,231
38375,0,426,231
38376,0,427,231
38377,0,428,231
38378,0,429,231
38379,0,430,231
38380,0,431,231
38381,0,432,231
38382,0,433,231
38383,0,434,231
38384,0,435,231
38385,0,436,231
38386,0,437,231
38387,0,438,231
38388,0,439,231
38389,0,440,231
38390,0,441,231
38391,0,442,231
38392,0,443,231
38393,0,444,231
38394,0,445,231
38395,0,446,231
38396,0,447,231
38397,0,448,231
38398,0,449,231
38399,0,450,231
38400,0,451,231
38401,0,452,231
38402,0,453,231
38403,0,454,231
38404,0,455,231
38405,0,456,231
38406,0,457,231
38407,0,458,231
38408,0,459,231
38409,0,460,231
38410,0,461,231
38411,0,462,231
38412,0,463,231
38413,0,464,231
38414,0,465,231
38415,0,466,231
38416,0,467,231
38417,0,468,231
38418,0,469,231
38419,0,470,231
38420,0,471,231
38421,0,472,231
38422,0,473,231
38423,0,474,231
38424,0,475,231
38425,0,476,231
38426,0,477,231
38427,0,478,231
38428,0,479,231
38429,0,480,231
38430,0,481,231
38431,0,82,232
38432,0,83,232
38433,0,84,232
38434,0,85,232
38435,0,86,232
38436,0,87,232
38437,0,88,232
38438,0,89,232
38439,0,90,232
38440,0,91,232
38441,0,92,232
38442,0,93,232
38443,0,94,232
38444,0,95,232
38445,0,96,232
38446,0,97,232
38447,0,98,232
38448,0,99,232
38449,0,100,232
38450,0,101,232
38451,0,102,232
38452,0,103,232
38453,0,104,232
38454,0,105,232
38455,0,106,232
38456,0,107,232
38457,0,108,232
38458,0,109,232
38459,0,110,232
38460,0,111,232
38461,0,112,232
38462,0,113,232
38463,0,114,232
38464,0,115,232
38465,0,116,232
38466,0,117,232
38467,0,118,232
38468,0,119,232
38469,0,120,232
38470,0,121,232
38471,0,122,232
38472,0,123,232
38473,0,124,232
38474,0,125,232
38475,0,126,232
38476,0,127,232
38477,0,128,232
38478,0,129,232
38479,0,242,232
38480,0,243,232
38481,0,244,232
38482,0,245,232
38483,0,246,232
38484,0,247,232
38485,0,248,232
38486,0,249,232
38487,0,250,232
38488,0,251,232
38489,0,252,232
38490,0,253,232
38491,0,254,232
38492,0,255,232
38493,0,256,232
38494,0,257,232
38495,0,258,232
38496,0,259,232
38497,0,260,232
38498,0,261,232
38499,0,262,232
38500,0,263,232
38501,0,264,232
38502,0,265,232
38503,0,266,232
38504,0,267,232
38505,0,268,232
38506,0,269,232
38507,0,270,232
38508,0,271,232
38509,0,272,232
38510,0,273,232
38511,0,274,232
38512,0,275,232
38513,0,276,232
38514,0,277,232
38515,0,278,232
38516,0,279,232
38517,0,280,232
38518,0,281,232
38519,0,282,232
38520,0,283,232
38521,0,284,232
38522,0,285,232
38523,0,286,232
38524,0,287,232
38525,0,288,232
38526,0,289,232
38527,0,290,232
38528,0,291,232
38529,0,292,232
38530,0,293,232
38531,0,294,232
38532,0,295,232
38533,0,296,232
38534,0,297,232
38535,0,298,232
38536,0,299,232
38537,0,300,232
38538,0,301,232
38539,0,302,232
38540,0,303,232
38541,0,304,232
38542,0,305,232
38543,0,306,232
38544,0,307,232
38545,0,308,232
38546,0,309,232
38547,0,310,232
38548,0,311,232
38549,0,312,232
38550,0,313,232
38551,0,314,232
38552,0,315,232
38553,0,316,232
38554,0,317,232
38555,0,318,232
38556,0,319,232
38557,0,320,232
38558,0,321,232
38559,0,322,232
38560,0,323,232
38561,0,324,232
38562,0,325,232
38563,0,326,232
38564,0,327,232
38565,0,328,232
38566,0,329,232
38567,0,330,232
38568,0,331,232
38569,0,332,232
38570,0,333,232
38571,0,334,232
38572,0,335,232
38573,0,336,232
38574,0,337,232
38575,0,338,232
38576,0,339,232
38577,0,340,232
38578,0,341,232
38579,0,342,232
38580,0,343,232
38581,0,344,232
38582,0,345,232
38583,0,346,232
38584,0,347,232
38585,0,348,232
38586,0,349,232
38587,0,350,232
38588,0,351,232
38589,0,352,232
38590,0,353,232
38591,0,354,232
38592,0,355,232
38593,0,356,232
38594,0,357,232
38595,0,358,232
38596,0,359,232
38597,0,360,232
38598,0,361,232
38599,0,362,232
38600,0,363,232
38601,0,364,232
38602,0,365,232
38603,0,366,232
38604,0,367,232
38605,0,368,232
38606,0,369,232
38607,0,370,232
38608,0,371,232
38609,0,372,232
38610,0,373,232
38611,0,374,232
38612,0,375,232
38613,0,376,232
38614,0,377,232
38615,0,378,232
38616,0,379,232
38617,0,380,232
38618,0,381,232
38619,0,382,232
38620,0,383,232
38621,0,384,232
38622,0,385,232
38623,0,386,232
38624,0,387,232
38625,0,388,232
38626,0,389,232
38627,0,390,232
38628,0,391,232
38629,0,392,232
38630,0,393,232
38631,0,394,232
38632,0,395,232
38633,0,396,232
38634,0,397,232
38635,0,398,232
38636,0,399,232
38637,0,400,232
38638,0,401,232
38639,0,402,232
38640,0,403,232
38641,0,404,232
38642,0,405,232
38643,0,406,232
38644,0,407,232
38645,0,408,232
38646,0,409,232
38647,0,410,232
38648,0,411,232
38649,0,412,232
38650,0,413,232
38651,0,414,232
38652,0,415,232
38653,0,416,232
38654,0,417,232
38655,0,418,232
38656,0,419,232
38657,0,420,232
38658,0,421,232
38659,0,422,232
38660,0,423,232
38661,0,424,232
38662,0,425,232
38663,0,426,232
38664,0,427,232
38665,0,428,232
38666,0,429,232
38667,0,430,232
38668,0,431,232
38669,0,432,232
38670,0,433,232
38671,0,434,232
38672,0,435,232
38673,0,436,232
38674,0,437,232
38675,0,438,232
38676,0,439,232
38677,0,440,232
38678,0,441,232
38679,0,442,232
38680,0,443,232
38681,0,444,232
38682,0,445,232
38683,0,446,232
38684,0,447,232
38685,0,448,232
38686,0,449,232
38687,0,450,232
38688,0,451,232
38689,0,452,232
38690,0,453,232
38691,0,454,232
38692,0,455,232
38693,0,456,232
38694,0,457,232
38695,0,458,232
38696,0,459,232
38697,0,460,232
38698,0,461,232
38699,0,462,232
38700,0,463,232
38701,0,464,232
38702,0,465,232
38703,0,466,232
38704,0,467,232
38705,0,468,232
38706,0,469,232
38707,0,470,232
38708,0,471,232
38709,0,472,232
38710,0,473,232
38711,0,474,232
38712,0,475,232
38713,0,476,232
38714,0,477,232
38715,0,478,232
38716,0,479,232
38717,0,480,232
38718,0,481,232
38719,0,82,233
38720,0,83,233
38721,0,84,233
38722,0,85,233
38723,0,86,233
38724,0,87,233
38725,0,88,233
38726,0,89,233
38727,0,90,233
38728,0,91,233
38729,0,92,233
38730,0,93,233
38731,0,94,233
38732,0,95,233
38733,0,96,233
38734,0,97,233
38735,0,98,233
38736,0,99,233
38737,0,100,233
38738,0,101,233
38739,0,102,233
38740,0,103,233
38741,0,104,233
38742,0,105,233
38743,0,106,233
38744,0,107,233
38745,0,108,233
38746,0,109,233
38747,0,110,233
38748,0,111,233
38749,0,112,233
38750,0,113,233
38751,0,114,233
38752,0,115,233
38753,0,116,233
38754,0,117,233
38755,0,118,233
38756,0,119,233
38757,0,120,233
38758,0,121,233
38759,0,122,233
38760,0,123,233
38761,0,124,233
38762,0,125,233
38763,0,126,233
38764,0,127,233
38765,0,128,233
38766,0,129,233
38767,0,242,233
38768,0,243,233
38769,0,244,233
38770,0,245,233
38771,0,246,233
38772,0,247,233
38773,0,248,233
38774,0,249,233
38775,0,250,233
38776,0,251,233
38777,0,252,233
38778,0,253,233
38779,0,254,233
38780,0,255,233
38781,0,256,233
38782,0,257,233
38783,0,258,233
38784,0,259,233
38785,0,260,233
38786,0,261,233
38787,0,262,233
38788,0,263,233
38789,0,264,233
38790,0,265,233
38791,0,266,233
38792,0,267,233
38793,0,268,233
38794,0,269,233
38795,0,270,233
38796,0,271,233
38797,0,272,233
38798,0,273,233
38799,0,274,233
38800,0,275,233
38801,0,276,233
38802,0,277,233
38803,0,278,233
38804,0,279,233
38805,0,280,233
38806,0,281,233
38807,0,282,233
38808,0,283,233
38809,0,284,233
38810,0,285,233
38811,0,286,233
38812,0,287,233
38813,0,288,233
38814,0,289,233
38815,0,290,233
38816,0,291,233
38817,0,292,233
38818,0,293,233
38819,0,294,233
38820,0,295,233
38821,0,296,233
38822,0,297,233
38823,0,298,233
38824,0,299,233
38825,0,300,233
38826,0,301,233
38827,0,302,233
38828,0,303,233
38829,0,304,233
38830,0,305,233
38831,0,306,233
38832,0,307,233
38833,0,308,233
38834,0,309,233
38835,0,310,233
38836,0,311,233
38837,0,312,233
38838,0,313,233
38839,0,314,233
38840,0,315,233
38841,0,316,233
38842,0,317,233
38843,0,318,233
38844,0,319,233
38845,0,320,233
38846,0,321,233
38847,0,322,233
38848,0,323,233
38849,0,324,233
38850,0,325,233
38851,0,326,233
38852,0,327,233
38853,0,328,233
38854,0,329,233
38855,0,330,233
38856,0,331,233
38857,0,332,233
38858,0,333,233
38859,0,334,233
38860,0,335,233
38861,0,336,233
38862,0,337,233
38863,0,338,233
38864,0,339,233
38865,0,340,233
38866,0,341,233
38867,0,342,233
38868,0,343,233
38869,0,344,233
38870,0,345,233
38871,0,346,233
38872,0,347,233
38873,0,348,233
38874,0,349,233
38875,0,350,233
38876,0,351,233
38877,0,352,233
38878,0,353,233
38879,0,354,233
38880,0,355,233
38881,0,356,233
38882,0,357,233
38883,0,358,233
38884,0,359,233
38885,0,360,233
38886,0,361,233
38887,0,362,233
38888,0,363,233
38889,0,364,233
38890,0,365,233
38891,0,366,233
38892,0,367,233
38893,0,368,233
38894,0,369,233
38895,0,370,233
38896,0,371,233
38897,0,372,233
38898,0,373,233
38899,0,374,233
38900,0,375,233
38901,0,376,233
38902,0,377,233
38903,0,378,233
38904,0,379,233
38905,0,380,233
38906,0,381,233
38907,0,382,233
38908,0,383,233
38909,0,384,233
38910,0,385,233
38911,0,386,233
38912,0,387,233
38913,0,388,233
38914,0,389,233
38915,0,390,233
38916,0,391,233
38917,0,392,233
38918,0,393,233
38919,0,394,233
38920,0,395,233
38921,0,396,233
38922,0,397,233
38923,0,398,233
38924,0,399,233
38925,0,400,233
38926,0,401,233
38927,0,402,233
38928,0,403,233
38929,0,404,233
38930,0,405,233
38931,0,406,233
38932,0,407,233
38933,0,408,233
38934,0,409,233
38935,0,410,233
38936,0,411,233
38937,0,412,233
38938,0,413,233
38939,0,414,233
38940,0,415,233
38941,0,416,233
38942,0,417,233
38943,0,418,233
38944,0,419,233
38945,0,420,233
38946,0,421,233
38947,0,422,233
38948,0,423,233
38949,0,424,233
38950,0,425,233
38951,0,426,233
38952,0,427,233
38953,0,428,233
38954,0,429,233
38955,0,430,233
38956,0,431,233
38957,0,432,233
38958,0,433,233
38959,0,434,233
38960,0,435,233
38961,0,436,233
38962,0,437,233
38963,0,438,233
38964,0,439,233
38965,0,440,233
38966,0,441,233
38967,0,442,233
38968,0,443,233
38969,0,444,233
38970,0,445,233
38971,0,446,233
38972,0,447,233
38973,0,448,233
38974,0,449,233
38975,0,450,233
38976,0,451,233
38977,0,452,233
38978,0,453,233
38979,0,454,233
38980,0,455,233
38981,0,456,233
38982,0,457,233
38983,0,458,233
38984,0,459,233
38985,0,460,233
38986,0,461,233
38987,0,462,233
38988,0,463,233
38989,0,464,233
38990,0,465,233
38991,0,466,233
38992,0,467,233
38993,0,468,233
38994,0,469,233
38995,0,470,233
38996,0,471,233
38997,0,472,233
38998,0,473,233
38999,0,474,233
39000,0,475,233
39001,0,476,233
39002,0,477,233
39003,0,478,233
39004,0,479,233
39005,0,480,233
39006,0,481,233
39007,0,82,234
39008,0,83,234
39009,0,84,234
39010,0,85,234
39011,0,86,234
39012,0,87,234
39013,0,88,234
39014,0,89,234
39015,0,90,234
39016,0,91,234
39017,0,92,234
39018,0,93,234
39019,0,94,234
39020,0,95,234
39021,0,96,234
39022,0,97,234
39023,0,98,234
39024,0,99,234
39025,0,100,234
39026,0,101,234
39027,0,102,234
39028,0,103,234
39029,0,104,234
39030,0,105,234
39031,0,106,234
39032,0,107,234
39033,0,108,234
39034,0,109,234
39035,0,110,234
39036,0,111,234
39037,0,112,234
39038,0,113,234
39039,0,114,234
39040,0,115,234
39041,0,116,234
39042,0,117,234
39043,0,118,234
39044,0,119,234
39045,0,120,234
39046,0,121,234
39047,0,122,234
39048,0,123,234
39049,0,124,234
39050,0,125,234
39051,0,126,234
39052,0,127,234
39053,0,128,234
39054,0,129,234
39055,0,242,234
39056,0,243,234
39057,0,244,234
39058,0,245,234
39059,0,246,234
39060,0,247,234
39061,0,248,234
39062,0,249,234
39063,0,250,234
39064,0,251,234
39065,0,252,234
39066,0,253,234
39067,0,254,234
39068,0,255,234
39069,0,256,234
39070,0,257,234
39071,0,258,234
39072,0,259,234
39073,0,260,234
39074,0,261,234
39075,0,262,234
39076,0,263,234
39077,0,264,234
39078,0,265,234
39079,0,266,234
39080,0,267,234
39081,0,268,234
39082,0,269,234
39083,0,270,234
39084,0,271,234
39085,0,272,234
39086,0,273,234
39087,0,274,234
39088,0,275,234
39089,0,276,234
39090,0,277,234
39091,0,278,234
39092,0,279,234
39093,0,280,234
39094,0,281,234
39095,0,282,234
39096,0,283,234
39097,0,284,234
39098,0,285,234
39099,0,286,234
39100,0,287,234
39101,0,288,234
39102,0,289,234
39103,0,290,234
39104,0,291,234
39105,0,292,234
39106,0,293,234
39107,0,294,234
39108,0,295,234
39109,0,296,234
39110,0,297,234
39111,0,298,234
39112,0,299,234
39113,0,300,234
39114,0,301,234
39115,0,302,234
39116,0,303,234
39117,0,304,234
39118,0,305,234
39119,0,306,234
39120,0,307,234
39121,0,308,234
39122,0,309,234
39123,0,310,234
39124,0,311,234
39125,0,312,234
39126,0,313,234
39127,0,314,234
39128,0,315,234
39129,0,316,234
39130,0,317,234
39131,0,318,234
39132,0,319,234
39133,0,320,234
39134,0,321,234
39135,0,322,234
39136,0,323,234
39137,0,324,234
39138,0,325,234
39139,0,326,234
39140,0,327,234
39141,0,328,234
39142,0,329,234
39143,0,330,234
39144,0,331,234
39145,0,332,234
39146,0,333,234
39147,0,334,234
39148,0,335,234
39149,0,336,234
39150,0,337,234
39151,0,338,234
39152,0,339,234
39153,0,340,234
39154,0,341,234
39155,0,342,234
39156,0,343,234
39157,0,344,234
39158,0,345,234
39159,0,346,234
39160,0,347,234
39161,0,348,234
39162,0,349,234
39163,0,350,234
39164,0,351,234
39165,0,352,234
39166,0,353,234
39167,0,354,234
39168,0,355,234
39169,0,356,234
39170,0,357,234
39171,0,358,234
39172,0,359,234
39173,0,360,234
39174,0,361,234
39175,0,362,234
39176,0,363,234
39177,0,364,234
39178,0,365,234
39179,0,366,234
39180,0,367,234
39181,0,368,234
39182,0,369,234
39183,0,370,234
39184,0,371,234
39185,0,372,234
39186,0,373,234
39187,0,374,234
39188,0,375,234
39189,0,376,234
39190,0,377,234
39191,0,378,234
39192,0,379,234
39193,0,380,234
39194,0,381,234
39195,0,382,234
39196,0,383,234
39197,0,384,234
39198,0,385,234
39199,0,386,234
39200,0,387,234
39201,0,388,234
39202,0,389,234
39203,0,390,234
39204,0,391,234
39205,0,392,234
39206,0,393,234
39207,0,394,234
39208,0,395,234
39209,0,396,234
39210,0,397,234
39211,0,398,234
39212,0,399,234
39213,0,400,234
39214,0,401,234
39215,0,402,234
39216,0,403,234
39217,0,404,234
39218,0,405,234
39219,0,406,234
39220,0,407,234
39221,0,408,234
39222,0,409,234
39223,0,410,234
39224,0,411,234
39225,0,412,234
39226,0,413,234
39227,0,414,234
39228,0,415,234
39229,0,416,234
39230,0,417,234
39231,0,418,234
39232,0,419,234
39233,0,420,234
39234,0,421,234
39235,0,422,234
39236,0,423,234
39237,0,424,234
39238,0,425,234
39239,0,426,234
39240,0,427,234
39241,0,428,234
39242,0,429,234
39243,0,430,234
39244,0,431,234
39245,0,432,234
39246,0,433,234
39247,0,434,234
39248,0,435,234
39249,0,436,234
39250,0,437,234
39251,0,438,234
39252,0,439,234
39253,0,440,234
39254,0,441,234
39255,0,442,234
39256,0,443,234
39257,0,444,234
39258,0,445,234
39259,0,446,234
39260,0,447,234
39261,0,448,234
39262,0,449,234
39263,0,450,234
39264,0,451,234
39265,0,452,234
39266,0,453,234
39267,0,454,234
39268,0,455,234
39269,0,456,234
39270,0,457,234
39271,0,458,234
39272,0,459,234
39273,0,460,234
39274,0,461,234
39275,0,462,234
39276,0,463,234
39277,0,464,234
39278,0,465,234
39279,0,466,234
39280,0,467,234
39281,0,468,234
39282,0,469,234
39283,0,470,234
39284,0,471,234
39285,0,472,234
39286,0,473,234
39287,0,474,234
39288,0,475,234
39289,0,476,234
39290,0,477,234
39291,0,478,234
39292,0,479,234
39293,0,480,234
39294,0,481,234
39295,0,82,235
39296,0,83,235
39297,0,84,235
39298,0,85,235
39299,0,86,235
39300,0,87,235
39301,0,88,235
39302,0,89,235
39303,0,90,235
39304,0,91,235
39305,0,92,235
39306,0,93,235
39307,0,94,235
39308,0,95,235
39309,0,96,235
39310,0,97,235
39311,0,98,235
39312,0,99,235
39313,0,100,235
39314,0,101,235
39315,0,102,235
39316,0,103,235
39317,0,104,235
39318,0,105,235
39319,0,106,235
39320,0,107,235
39321,0,108,235
39322,0,109,235
39323,0,110,235
39324,0,111,235
39325,0,112,235
39326,0,113,235
39327,0,114,235
39328,0,115,235
39329,0,116,235
39330,0,117,235
39331,0,118,235
39332,0,119,235
39333,0,120,235
39334,0,121,235
39335,0,122,235
39336,0,123,235
39337,0,124,235
39338,0,125,235
39339,0,126,235
39340,0,127,235
39341,0,128,235
39342,0,129,235
39343,0,242,235
39344,0,243,235
39345,0,244,235
39346,0,245,235
39347,0,246,235
39348,0,247,235
39349,0,248,235
39350,0,249,235
39351,0,250,235
39352,0,251,235
39353,0,252,235
39354,0,253,235
39355,0,254,235
39356,0,255,235
39357,0,256,235
39358,0,257,235
39359,0,258,235
39360,0,259,235
39361,0,260,235
39362,0,261,235
39363,0,262,235
39364,0,263,235
39365,0,264,235
39366,0,265,235
39367,0,266,235
39368,0,267,235
39369,0,268,235
39370,0,269,235
39371,0,270,235
39372,0,271,235
39373,0,272,235
39374,0,273,235
39375,0,274,235
39376,0,275,235
39377,0,276,235
39378,0,277,235
39379,0,278,235
39380,0,279,235
39381,0,280,235
39382,0,281,235
39383,0,282,235
39384,0,283,235
39385,0,284,235
39386,0,285,235
39387,0,286,235
39388,0,287,235
39389,0,288,235
39390,0,289,235
39391,0,290,235
39392,0,291,235
39393,0,292,235
39394,0,293,235
39395,0,294,235
39396,0,295,235
39397,0,296,235
39398,0,297,235
39399,0,298,235
39400,0,299,235
39401,0,300,235
39402,0,301,235
39403,0,302,235
39404,0,303,235
39405,0,304,235
39406,0,305,235
39407,0,306,235
39408,0,307,235
39409,0,308,235
39410,0,309,235
39411,0,310,235
39412,0,311,235
39413,0,312,235
39414,0,313,235
39415,0,314,235
39416,0,315,235
39417,0,316,235
39418,0,317,235
39419,0,318,235
39420,0,319,235
39421,0,320,235
39422,0,321,235
39423,0,322,235
39424,0,323,235
39425,0,324,235
39426,0,325,235
39427,0,326,235
39428,0,327,235
39429,0,328,235
39430,0,329,235
39431,0,330,235
39432,0,331,235
39433,0,332,235
39434,0,333,235
39435,0,334,235
39436,0,335,235
39437,0,336,235
39438,0,337,235
39439,0,338,235
39440,0,339,235
39441,0,340,235
39442,0,341,235
39443,0,342,235
39444,0,343,235
39445,0,344,235
39446,0,345,235
39447,0,346,235
39448,0,347,235
39449,0,348,235
39450,0,349,235
39451,0,350,235
39452,0,351,235
39453,0,352,235
39454,0,353,235
39455,0,354,235
39456,0,355,235
39457,0,356,235
39458,0,357,235
39459,0,358,235
39460,0,359,235
39461,0,360,235
39462,0,361,235
39463,0,362,235
39464,0,363,235
39465,0,364,235
39466,0,365,235
39467,0,366,235
39468,0,367,235
39469,0,368,235
39470,0,369,235
39471,0,370,235
39472,0,371,235
39473,0,372,235
39474,0,373,235
39475,0,374,235
39476,0,375,235
39477,0,376,235
39478,0,377,235
39479,0,378,235
39480,0,379,235
39481,0,380,235
39482,0,381,235
39483,0,382,235
39484,0,383,235
39485,0,384,235
39486,0,385,235
39487,0,386,235
39488,0,387,235
39489,0,388,235
39490,0,389,235
39491,0,390,235
39492,0,391,235
39493,0,392,235
39494,0,393,235
39495,0,394,235
39496,0,395,235
39497,0,396,235
39498,0,397,235
39499,0,398,235
39500,0,399,235
39501,0,400,235
39502,0,401,235
39503,0,402,235
39504,0,403,235
39505,0,404,235
39506,0,405,235
39507,0,406,235
39508,0,407,235
39509,0,408,235
39510,0,409,235
39511,0,410,235
39512,0,411,235
39513,0,412,235
39514,0,413,235
39515,0,414,235
39516,0,415,235
39517,0,416,235
39518,0,417,235
39519,0,418,235
39520,0,419,235
39521,0,420,235
39522,0,421,235
39523,0,422,235
39524,0,423,235
39525,0,424,235
39526,0,425,235
39527,0,426,235
39528,0,427,235
39529,0,428,235
39530,0,429,235
39531,0,430,235
39532,0,431,235
39533,0,432,235
39534,0,433,235
39535,0,434,235
39536,0,435,235
39537,0,436,235
39538,0,437,235
39539,0,438,235
39540,0,439,235
39541,0,440,235
39542,0,441,235
39543,0,442,235
39544,0,443,235
39545,0,444,235
39546,0,445,235
39547,0,446,235
39548,0,447,235
39549,0,448,235
39550,0,449,235
39551,0,450,235
39552,0,451,235
39553,0,452,235
39554,0,453,235
39555,0,454,235
39556,0,455,235
39557,0,456,235
39558,0,457,235
39559,0,458,235
39560,0,459,235
39561,0,460,235
39562,0,461,235
39563,0,462,235
39564,0,463,235
39565,0,464,235
39566,0,465,235
39567,0,466,235
39568,0,467,235
39569,0,468,235
39570,0,469,235
39571,0,470,235
39572,0,471,235
39573,0,472,235
39574,0,473,235
39575,0,474,235
39576,0,475,235
39577,0,476,235
39578,0,477,235
39579,0,478,235
39580,0,479,235
39581,0,480,235
39582,0,481,235
39583,0,82,236
39584,0,83,236
39585,0,84,236
39586,0,85,236
39587,0,86,236
39588,0,87,236
39589,0,88,236
39590,0,89,236
39591,0,90,236
39592,0,91,236
39593,0,92,236
39594,0,93,236
39595,0,94,236
39596,0,95,236
39597,0,96,236
39598,0,97,236
39599,0,98,236
39600,0,99,236
39601,0,100,236
39602,0,101,236
39603,0,102,236
39604,0,103,236
39605,0,104,236
39606,0,105,236
39607,0,106,236
39608,0,107,236
39609,0,108,236
39610,0,109,236
39611,0,110,236
39612,0,111,236
39613,0,112,236
39614,0,113,236
39615,0,114,236
39616,0,115,236
39617,0,116,236
39618,0,117,236
39619,0,118,236
39620,0,119,236
39621,0,120,236
39622,0,121,236
39623,0,122,236
39624,0,123,236
39625,0,124,236
39626,0,125,236
39627,0,126,236
39628,0,127,236
39629,0,128,236
39630,0,129,236
39631,0,242,236
39632,0,243,236
39633,0,244,236
39634,0,245,236
39635,0,246,236
39636,0,247,236
39637,0,248,236
39638,0,249,236
39639,0,250,236
39640,0,251,236
39641,0,252,236
39642,0,253,236
39643,0,254,236
39644,0,255,236
39645,0,256,236
39646,0,257,236
39647,0,258,236
39648,0,259,236
39649,0,260,236
39650,0,261,236
39651,0,262,236
39652,0,263,236
39653,0,264,236
39654,0,265,236
39655,0,266,236
39656,0,267,236
39657,0,268,236
39658,0,269,236
39659,0,270,236
39660,0,271,236
39661,0,272,236
39662,0,273,236
39663,0,274,236
39664,0,275,236
39665,0,276,236
39666,0,277,236
39667,0,278,236
39668,0,279,236
39669,0,280,236
39670,0,281,236
39671,0,282,236
39672,0,283,236
39673,0,284,236
39674,0,285,236
39675,0,286,236
39676,0,287,236
39677,0,288,236
39678,0,289,236
39679,0,290,236
39680,0,291,236
39681,0,292,236
39682,0,293,236
39683,0,294,236
39684,0,295,236
39685,0,296,236
39686,0,297,236
39687,0,298,236
39688,0,299,236
39689,0,300,236
39690,0,301,236
39691,0,302,236
39692,0,303,236
39693,0,304,236
39694,0,305,236
39695,0,306,236
39696,0,307,236
39697,0,308,236
39698,0,309,236
39699,0,310,236
39700,0,311,236
39701,0,312,236
39702,0,313,236
39703,0,314,236
39704,0,315,236
39705,0,316,236
39706,0,317,236
39707,0,318,236
39708,0,319,236
39709,0,320,236
39710,0,321,236
39711,0,322,236
39712,0,323,236
39713,0,324,236
39714,0,325,236
39715,0,326,236
39716,0,327,236
39717,0,328,236
39718,0,329,236
39719,0,330,236
39720,0,331,236
39721,0,332,236
39722,0,333,236
39723,0,334,236
39724,0,335,236
39725,0,336,236
39726,0,337,236
39727,0,338,236
39728,0,339,236
39729,0,340,236
39730,0,341,236
39731,0,342,236
39732,0,343,236
39733,0,344,236
39734,0,345,236
39735,0,346,236
39736,0,347,236
39737,0,348,236
39738,0,349,236
39739,0,350,236
39740,0,351,236
39741,0,352,236
39742,0,353,236
39743,0,354,236
39744,0,355,236
39745,0,356,236
39746,0,357,236
39747,0,358,236
39748,0,359,236
39749,0,360,236
39750,0,361,236
39751,0,362,236
39752,0,363,236
39753,0,364,236
39754,0,365,236
39755,0,366,236
39756,0,367,236
39757,0,368,236
39758,0,369,236
39759,0,370,236
39760,0,371,236
39761,0,372,236
39762,0,373,236
39763,0,374,236
39764,0,375,236
39765,0,376,236
39766,0,377,236
39767,0,378,236
39768,0,379,236
39769,0,380,236
39770,0,381,236
39771,0,382,236
39772,0,383,236
39773,0,384,236
39774,0,385,236
39775,0,386,236
39776,0,387,236
39777,0,388,236
39778,0,389,236
39779,0,390,236
39780,0,391,236
39781,0,392,236
39782,0,393,236
39783,0,394,236
39784,0,395,236
39785,0,396,236
39786,0,397,236
39787,0,398,236
39788,0,399,236
39789,0,400,236
39790,0,401,236
39791,0,402,236
39792,0,403,236
39793,0,404,236
39794,0,405,236
39795,0,406,236
39796,0,407,236
39797,0,408,236
39798,0,409,236
39799,0,410,236
39800,0,411,236
39801,0,412,236
39802,0,413,236
39803,0,414,236
39804,0,415,236
39805,0,416,236
39806,0,417,236
39807,0,418,236
39808,0,419,236
39809,0,420,236
39810,0,421,236
39811,0,422,236
39812,0,423,236
39813,0,424,236
39814,0,425,236
39815,0,426,236
39816,0,427,236
39817,0,428,236
39818,0,429,236
39819,0,430,236
39820,0,431,236
39821,0,432,236
39822,0,433,236
39823,0,434,236
39824,0,435,236
39825,0,436,236
39826,0,437,236
39827,0,438,236
39828,0,439,236
39829,0,440,236
39830,0,441,236
39831,0,442,236
39832,0,443,236
39833,0,444,236
39834,0,445,236
39835,0,446,236
39836,0,447,236
39837,0,448,236
39838,0,449,236
39839,0,450,236
39840,0,451,236
39841,0,452,236
39842,0,453,236
39843,0,454,236
39844,0,455,236
39845,0,456,236
39846,0,457,236
39847,0,458,236
39848,0,459,236
39849,0,460,236
39850,0,461,236
39851,0,462,236
39852,0,463,236
39853,0,464,236
39854,0,465,236
39855,0,466,236
39856,0,467,236
39857,0,468,236
39858,0,469,236
39859,0,470,236
39860,0,471,236
39861,0,472,236
39862,0,473,236
39863,0,474,236
39864,0,475,236
39865,0,476,236
39866,0,477,236
39867,0,478,236
39868,0,479,236
39869,0,480,236
39870,0,481,236
39871,0,82,237
39872,0,83,237
39873,0,84,237
39874,0,85,237
39875,0,86,237
39876,0,87,237
39877,0,88,237
39878,0,89,237
39879,0,90,237
39880,0,91,237
39881,0,92,237
39882,0,93,237
39883,0,94,237
39884,0,95,237
39885,0,96,237
39886,0,97,237
39887,0,98,237
39888,0,99,237
39889,0,100,237
39890,0,101,237
39891,0,102,237
39892,0,103,237
39893,0,104,237
39894,0,105,237
39895,0,106,237
39896,0,107,237
39897,0,108,237
39898,0,109,237
39899,0,110,237
39900,0,111,237
39901,0,112,237
39902,0,113,237
39903,0,114,237
39904,0,115,237
39905,0,116,237
39906,0,117,237
39907,0,118,237
39908,0,119,237
39909,0,120,237
39910,0,121,237
39911,0,122,237
39912,0,123,237
39913,0,124,237
39914,0,125,237
39915,0,126,237
39916,0,127,237
39917,0,128,237
39918,0,129,237
39919,0,130,237
39920,0,242,237
39921,0,243,237
39922,0,244,237
39923,0,245,237
39924,0,246,237
39925,0,247,237
39926,0,248,237
39927,0,249,237
39928,0,250,237
39929,0,251,237
39930,0,252,237
39931,0,253,237
39932,0,254,237
39933,0,255,237
39934,0,256,237
39935,0,257,237
39936,0,258,237
39937,0,259,237
39938,0,260,237
39939,0,261,237
39940,0,262,237
39941,0,263,237
39942,0,264,237
39943,0,265,237
39944,0,266,237
39945,0,267,237
39946,0,268,237
39947,0,269,237
39948,0,270,237
39949,0,271,237
39950,0,272,237
39951,0,273,237
39952,0,274,237
39953,0,275,237
39954,0,276,237
39955,0,277,237
39956,0,278,237
39957,0,279,237
39958,0,280,237
39959,0,281,237
39960,0,282,237
39961,0,283,237
39962,0,284,237
39963,0,285,237
39964,0,286,237
39965,0,287,237
39966,0,288,237
39967,0,289,237
39968,0,290,237
39969,0,291,237
39970,0,292,237
39971,0,293,237
39972,0,294,237
39973,0,295,237
39974,0,296,237
39975,0,297,237
39976,0,298,237
39977,0,299,237
39978,0,300,237
39979,0,301,237
39980,0,302,237
39981,0,303,237
39982,0,304,237
39983,0,305,237
39984,0,306,237
39985,0,307,237
39986,0,308,237
39987,0,309,237
39988,0,310,237
39989,0,311,237
39990,0,312,237
39991,0,313,237
39992,0,314,237
39993,0,315,237
39994,0,316,237
39995,0,317,237
39996,0,318,237
39997,0,319,237
39998,0,320,237
39999,0,321,237
40000,0,322,237
40001,0,323,237
40002,0,324,237
40003,0,325,237
40004,0,326,237
40005,0,327,237
40006,0,328,237
40007,0,329,237
40008,0,330,237
40009,0,331,237
40010,0,332,237
40011,0,333,237
40012,0,334,237
40013,0,335,237
40014,0,336,237
40015,0,337,237
40016,0,338,237
40017,0,339,237
40018,0,340,237
40019,0,341,237
40020,0,342,237
40021,0,343,237
40022,0,344,237
40023,0,345,237
40024,0,346,237
40025,0,347,237
40026,0,348,237
40027,0,349,237
40028,0,350,237
40029,0,351,237
40030,0,352,237
40031,0,353,237
40032,0,354,237
40033,0,355,237
40034,0,356,237
40035,0,357,237
40036,0,358,237
40037,0,359,237
40038,0,360,237
40039,0,361,237
40040,0,362,237
40041,0,363,237
40042,0,364,237
40043,0,365,237
40044,0,366,237
40045,0,367,237
40046,0,368,237
40047,0,369,237
40048,0,370,237
40049,0,371,237
40050,0,372,237
40051,0,373,237
40052,0,374,237
40053,0,375,237
40054,0,376,237
40055,0,377,237
40056,0,378,237
40057,0,379,237
40058,0,380,237
40059,0,381,237
40060,0,382,237
40061,0,383,237
40062,0,384,237
40063,0,385,237
40064,0,386,237
40065,0,387,237
40066,0,388,237
40067,0,389,237
40068,0,390,237
40069,0,391,237
40070,0,392,237
40071,0,393,237
40072,0,394,237
40073,0,395,237
40074,0,396,237
40075,0,397,237
40076,0,398,237
40077,0,399,237
40078,0,400,237
40079,0,401,237
40080,0,402,237
40081,0,403,237
40082,0,404,237
40083,0,405,237
40084,0,406,237
40085,0,407,237
40086,0,408,237
40087,0,409,237
40088,0,410,237
40089,0,411,237
40090,0,412,237
40091,0,413,237
40092,0,414,237
40093,0,415,237
40094,0,416,237
40095,0,417,237
40096,0,418,237
40097,0,419,237
40098,0,420,237
40099,0,421,237
40100,0,422,237
40101,0,423,237
40102,0,424,237
40103,0,425,237
40104,0,426,237
40105,0,427,237
40106,0,428,237
40107,0,429,237
40108,0,430,237
40109,0,431,237
40110,0,432,237
40111,0,433,237
40112,0,434,237
40113,0,435,237
40114,0,436,237
40115,0,437,237
40116,0,438,237
40117,0,439,237
40118,0,440,237
40119,0,441,237
40120,0,442,237
40121,0,443,237
40122,0,444,237
40123,0,445,237
40124,0,446,237
40125,0,447,237
40126,0,448,237
40127,0,449,237
40128,0,450,237
40129,0,451,237
40130,0,452,237
40131,0,453,237
40132,0,454,237
40133,0,455,237
40134,0,456,237
40135,0,457,237
40136,0,458,237
40137,0,459,237
40138,0,460,237
40139,0,461,237
40140,0,462,237
40141,0,463,237
40142,0,464,237
40143,0,465,237
40144,0,466,237
40145,0,467,237
40146,0,468,237
40147,0,469,237
40148,0,470,237
40149,0,471,237
40150,0,472,237
40151,0,473,237
40152,0,474,237
40153,0,475,237
40154,0,476,237
40155,0,477,237
40156,0,478,237
40157,0,479,237
40158,0,480,237
40159,0,481,237
40160,0,82,238
40161,0,83,238
40162,0,84,238
40163,0,85,238
40164,0,86,238
40165,0,87,238
40166,0,88,238
40167,0,89,238
40168,0,90,238
40169,0,91,238
40170,0,92,238
40171,0,93,238
40172,0,94,238
40173,0,95,238
40174,0,96,238
40175,0,97,238
40176,0,98,238
40177,0,99,238
40178,0,100,238
40179,0,101,238
40180,0,102,238
40181,0,103,238
40182,0,104,238
40183,0,105,238
40184,0,106,238
40185,0,107,238
40186,0,108,238
40187,0,109,238
40188,0,110,238
40189,0,111,238
40190,0,112,238
40191,0,113,238
40192,0,114,238
40193,0,115,238
40194,0,116,238
40195,0,117,238
40196,0,118,238
40197,0,119,238
40198,0,120,238
40199,0,121,238
40200,0,122,238
40201,0,123,238
40202,0,124,238
40203,0,125,238
40204,0,126,238
40205,0,127,238
40206,0,128,238
40207,0,129,238
40208,0,130,238
40209,0,242,238
40210,0,243,238
40211,0,244,238
40212,0,245,238
40213,0,246,238
40214,0,247,238
40215,0,248,238
40216,0,249,238
40217,0,250,238
40218,0,251,238
40219,0,252,238
40220,0,253,238
40221,0,254,238
40222,0,255,238
40223,0,256,238
40224,0,257,238
40225,0,258,238
40226,0,259,238
40227,0,260,238
40228,0,261,238
40229,0,262,238
40230,0,263,238
40231,0,264,238
40232,0,265,238
40233,0,266,238
40234,0,267,238
40235,0,268,238
40236,0,269,238
40237,0,270,238
40238,0,271,238
40239,0,272,238
40240,0,273,238
40241,0,274,238
40242,0,275,238
40243,0,276,238
40244,0,277,238
40245,0,278,238
40246,0,279,238
40247,0,280,238
40248,0,281,238
40249,0,282,238
40250,0,283,238
40251,0,284,238
40252,0,285,238
40253,0,286,238
40254,0,287,238
40255,0,288,238
40256,0,289,238
40257,0,290,238
40258,0,291,238
40259,0,292,238
40260,0,293,238
40261,0,294,238
40262,0,295,238
40263,0,296,238
40264,0,297,238
40265,0,298,238
40266,0,299,238
40267,0,300,238
40268,0,301,238
40269,0,302,238
40270,0,303,238
40271,0,304,238
40272,0,305,238
40273,0,306,238
40274,0,307,238
40275,0,308,238
40276,0,309,238
40277,0,310,238
40278,0,311,238
40279,0,312,238
40280,0,313,238
40281,0,314,238
40282,0,315,238
40283,0,316,238
40284,0,317,238
40285,0,318,238
40286,0,319,238
40287,0,320,238
40288,0,321,238
40289,0,322,238
40290,0,323,238
40291,0,324,238
40292,0,325,238
40293,0,326,238
40294,0,327,238
40295,0,328,238
40296,0,329,238
40297,0,330,238
40298,0,331,238
40299,0,332,238
40300,0,333,238
40301,0,334,238
40302,0,335,238
40303,0,336,238
40304,0,337,238
40305,0,338,238
40306,0,339,238
40307,0,340,238
40308,0,341,238
40309,0,342,238
40310,0,343,238
40311,0,344,238
40312,0,345,238
40313,0,346,238
40314,0,347,238
40315,0,348,238
40316,0,349,238
40317,0,350,238
40318,0,351,238
40319,0,352,238
40320,0,353,238
40321,0,354,238
40322,0,355,238
40323,0,356,238
40324,0,357,238
40325,0,358,238
40326,0,359,238
40327,0,360,238
40328,0,361,238
40329,0,362,238
40330,0,363,238
40331,0,364,238
40332,0,365,238
40333,0,366,238
40334,0,367,238
40335,0,368,238
40336,0,369,238
40337,0,370,238
40338,0,371,238
40339,0,372,238
40340,0,373,238
40341,0,374,238
40342,0,375,238
40343,0,376,238
40344,0,377,238
40345,0,378,238
40346,0,379,238
40347,0,380,238
40348,0,381,238
40349,0,382,238
40350,0,383,238
40351,0,384,238
40352,0,385,238
40353,0,386,238
40354,0,387,238
40355,0,388,238
40356,0,389,238
40357,0,390,238
40358,0,391,238
40359,0,392,238
40360,0,393,238
40361,0,394,238
40362,0,395,238
40363,0,396,238
40364,0,397,238
40365,0,398,238
40366,0,399,238
40367,0,400,238
40368,0,401,238
40369,0,402,238
40370,0,403,238
40371,0,404,238
40372,0,405,238
40373,0,406,238
40374,0,407,238
40375,0,408,238
40376,0,409,238
40377,0,410,238
40378,0,411,238
40379,0,412,238
40380,0,413,238
40381,0,414,238
40382,0,415,238
40383,0,416,238
40384,0,417,238
40385,0,418,238
40386,0,419,238
40387,0,420,238
40388,0,421,238
40389,0,422,238
40390,0,423,238
40391,0,424,238
40392,0,425,238
40393,0,426,238
40394,0,427,238
40395,0,428,238
40396,0,429,238
40397,0,430,238
40398,0,431,238
40399,0,432,238
40400,0,433,238
40401,0,434,238
40402,0,435,238
40403,0,436,238
40404,0,437,238
40405,0,438,238
40406,0,439,238
40407,0,440,238
40408,0,441,238
40409,0,442,238
40410,0,443,238
40411,0,444,238
40412,0,445,238
40413,0,446,238
40414,0,447,238
40415,0,448,238
40416,0,449,238
40417,0,450,238
40418,0,451,238
40419,0,452,238
40420,0,453,238
40421,0,454,238
40422,0,455,238
40423,0,456,238
40424,0,457,238
40425,0,458,238
40426,0,459,238
40427,0,460,238
40428,0,461,238
40429,0,462,238
40430,0,463,238
40431,0,464,238
40432,0,465,238
40433,0,466,238
40434,0,467,238
40435,0,468,238
40436,0,469,238
40437,0,470,238
40438,0,471,238
40439,0,472,238
40440,0,473,238
40441,0,474,238
40442,0,475,238
40443,0,476,238
40444,0,477,238
40445,0,478,238
40446,0,479,238
40447,0,480,238
40448,0,481,238
40449,0,82,239
40450,0,83,239
40451,0,84,239
40452,0,85,239
40453,0,86,239
40454,0,87,239
40455,0,88,239
40456,0,89,239
40457,0,90,239
40458,0,91,239
40459,0,92,239
40460,0,93,239
40461,0,94,239
40462,0,95,239
40463,0,96,239
40464,0,97,239
40465,0,98,239
40466,0,99,239
40467,0,100,239
40468,0,101,239
40469,0,102,239
40470,0,103,239
40471,0,104,239
40472,0,105,239
40473,0,106,239
40474,0,107,239
40475,0,108,239
40476,0,109,239
40477,0,110,239
40478,0,111,239
40479,0,112,239
40480,0,113,239
40481,0,114,239
40482,0,115,239
40483,0,116,239
40484,0,117,239
40485,0,118,239
40486,0,119,239
40487,0,120,239
40488,0,121,239
40489,0,122,239
40490,0,123,239
40491,0,124,239
40492,0,125,239
40493,0,126,239
40494,0,127,239
40495,0,128,239
40496,0,129,239
40497,0,130,239
40498,0,242,239
40499,0,243,239
40500,0,244,239
40501,0,245,239
40502,0,246,239
40503,0,247,239
40504,0,248,239
40505,0,249,239
40506,0,250,239
40507,0,251,239
40508,0,252,239
40509,0,253,239
40510,0,254,239
40511,0,255,239
40512,0,256,239
40513,0,257,239
40514,0,258,239
40515,0,259,239
40516,0,260,239
40517,0,261,239
40518,0,262,239
40519,0,263,239
40520,0,264,239
40521,0,265,239
40522,0,266,239
40523,0,267,239
40524,0,268,239
40525,0,269,239
40526,0,270,239
40527,0,271,239
40528,0,272,239
40529,0,273,239
40530,0,274,239
40531,0,275,239
40532,0,276,239
40533,0,277,239
40534,0,278,239
40535,0,279,239
40536,0,280,239
40537,0,281,239
40538,0,282,239
40539,0,283,239
40540,0,284,239
40541,0,285,239
40542,0,286,239
40543,0,287,239
40544,0,288,239
40545,0,289,239
40546,0,290,239
40547,0,291,239
40548,0,292,239
40549,0,293,239
40550,0,294,239
40551,0,295,239
40552,0,296,239
40553,0,297,239
40554,0,298,239
40555,0,299,239
40556,0,300,239
40557,0,301,239
40558,0,302,239
40559,0,303,239
40560,0,304,239
40561,0,305,239
40562,0,306,239
40563,0,307,239
40564,0,308,239
40565,0,309,239
40566,0,310,239
40567,0,311,239
40568,0,312,239
40569,0,313,239
40570,0,314,239
40571,0,315,239
40572,0,316,239
40573,0,317,239
40574,0,318,239
40575,0,319,239
40576,0,320,239
40577,0,321,239
40578,0,322,239
40579,0,323,239
40580,0,324,239
40581,0,325,239
40582,0,326,239
40583,0,327,239
40584,0,328,239
40585,0,329,239
40586,0,330,239
40587,0,331,239
40588,0,332,239
40589,0,333,239
40590,0,334,239
40591,0,335,239
40592,0,336,239
40593,0,337,239
40594,0,338,239
40595,0,339,239
40596,0,340,239
40597,0,341,239
40598,0,342,239
40599,0,343,239
40600,0,344,239
40601,0,345,239
40602,0,346,239
40603,0,347,239
40604,0,348,239
40605,0,349,239
40606,0,350,239
40607,0,351,239
40608,0,352,239
40609,0,353,239
40610,0,354,239
40611,0,355,239
40612,0,356,239
40613,0,357,239
40614,0,358,239
40615,0,359,239
40616,0,360,239
40617,0,361,239
40618,0,362,239
40619,0,363,239
40620,0,364,239
40621,0,365,239
40622,0,366,239
40623,0,367,239
40624,0,368,239
40625,0,369,239
40626,0,370,239
40627,0,371,239
40628,0,372,239
40629,0,373,239
40630,0,374,239
40631,0,375,239
40632,0,376,239
40633,0,377,239
40634,0,378,239
40635,0,379,239
40636,0,380,239
40637,0,381,239
40638,0,382,239
40639,0,383,239
40640,0,384,239
40641,0,385,239
40642,0,386,239
40643,0,387,239
40644,0,388,239
40645,0,389,239
40646,0,390,239
40647,0,391,239
40648,0,392,239
40649,0,393,239
40650,0,394,239
40651,0,395,239
40652,0,396,239
40653,0,397,239
40654,0,398,239
40655,0,399,239
40656,0,400,239
40657,0,401,239
40658,0,402,239
40659,0,403,239
40660,0,404,239
40661,0,405,239
40662,0,406,239
40663,0,407,239
40664,0,408,239
40665,0,409,239
40666,0,410,239
40667,0,411,239
40668,0,412,239
40669,0,413,239
40670,0,414,239
40671,0,415,239
40672,0,416,239
40673,0,417,239
40674,0,418,239
40675,0,419,239
40676,0,420,239
40677,0,421,239
40678,0,422,239
40679,0,423,239
40680,0,424,239
40681,0,425,239
40682,0,426,239
40683,0,427,239
40684,0,428,239
40685,0,429,239
40686,0,430,239
40687,0,431,239
40688,0,432,239
40689,0,433,239
40690,0,434,239
40691,0,435,239
40692,0,436,239
40693,0,437,239
40694,0,438,239
40695,0,439,239
40696,0,440,239
40697,0,441,239
40698,0,442,239
40699,0,443,239
40700,0,444,239
40701,0,445,239
40702,0,446,239
40703,0,447,239
40704,0,448,239
40705,0,449,239
40706,0,450,239
40707,0,451,239
40708,0,452,239
40709,0,453,239
40710,0,454,239
40711,0,455,239
40712,0,456,239
40713,0,457,239
40714,0,458,239
40715,0,459,239
40716,0,460,239
40717,0,461,239
40718,0,462,239
40719,0,463,239
40720,0,464,239
40721,0,465,239
40722,0,466,239
40723,0,467,239
40724,0,468,239
40725,0,469,239
40726,0,470,239
40727,0,471,239
40728,0,472,239
40729,0,473,239
40730,0,474,239
40731,0,475,239
40732,0,476,239
40733,0,477,239
40734,0,478,239
40735,0,479,239
40736,0,480,239
40737,0,481,239
40738,0,82,240
40739,0,83,240
40740,0,84,240
40741,0,85,240
40742,0,86,240
40743,0,87,240
40744,0,88,240
40745,0,89,240
40746,0,90,240
40747,0,91,240
40748,0,92,240
40749,0,93,240
40750,0,94,240
40751,0,95,240
40752,0,96,240
40753,0,97,240
40754,0,98,240
40755,0,99,240
40756,0,100,240
40757,0,101,240
40758,0,102,240
40759,0,103,240
40760,0,104,240
40761,0,105,240
40762,0,106,240
40763,0,107,240
40764,0,108,240
40765,0,109,240
40766,0,110,240
40767,0,111,240
40768,0,112,240
40769,0,113,240
40770,0,114,240
40771,0,115,240
40772,0,116,240
40773,0,117,240
40774,0,118,240
40775,0,119,240
40776,0,120,240
40777,0,121,240
40778,0,122,240
40779,0,123,240
40780,0,124,240
40781,0,125,240
40782,0,126,240
40783,0,127,240
40784,0,128,240
40785,0,129,240
40786,0,130,240
40787,0,242,240
40788,0,243,240
40789,0,244,240
40790,0,245,240
40791,0,246,240
40792,0,247,240
40793,0,248,240
40794,0,249,240
40795,0,250,240
40796,0,251,240
40797,0,252,240
40798,0,253,240
40799,0,254,240
40800,0,255,240
40801,0,256,240
40802,0,257,240
40803,0,258,240
40804,0,259,240
40805,0,260,240
40806,0,261,240
40807,0,262,240
40808,0,263,240
40809,0,264,240
40810,0,265,240
40811,0,266,240
40812,0,267,240
40813,0,268,240
40814,0,269,240
40815,0,270,240
40816,0,271,240
40817,0,272,240
40818,0,273,240
40819,0,274,240
40820,0,275,240
40821,0,276,240
40822,0,277,240
40823,0,278,240
40824,0,279,240
40825,0,280,240
40826,0,281,240
40827,0,282,240
40828,0,283,240
40829,0,284,240
40830,0,285,240
40831,0,286,240
40832,0,287,240
40833,0,288,240
40834,0,289,240
40835,0,290,240
40836,0,291,240
40837,0,292,240
40838,0,293,240
40839,0,294,240
40840,0,295,240
40841,0,296,240
40842,0,297,240
40843,0,298,240
40844,0,299,240
40845,0,300,240
40846,0,301,240
40847,0,302,240
40848,0,304,240
40849,0,305,240
40850,0,306,240
40851,0,307,240
40852,0,308,240
40853,0,309,240
40854,0,310,240
40855,0,311,240
40856,0,312,240
40857,0,313,240
40858,0,314,240
40859,0,315,240
40860,0,316,240
40861,0,317,240
40862,0,318,240
40863,0,319,240
40864,0,320,240
40865,0,321,240
40866,0,322,240
40867,0,323,240
40868,0,324,240
40869,0,325,240
40870,0,326,240
40871,0,327,240
40872,0,328,240
40873,0,329,240
40874,0,330,240
40875,0,331,240
40876,0,332,240
40877,0,333,240
40878,0,334,240
40879,0,335,240
40880,0,336,240
40881,0,337,240
40882,0,338,240
40883,0,339,240
40884,0,340,240
40885,0,341,240
40886,0,342,240
40887,0,343,240
40888,0,344,240
40889,0,345,240
40890,0,346,240
40891,0,347,240
40892,0,348,240
40893,0,349,240
40894,0,350,240
40895,0,351,240
40896,0,352,240
40897,0,353,240
40898,0,354,240
40899,0,355,240
40900,0,356,240
40901,0,357,240
40902,0,358,240
40903,0,359,240
40904,0,360,240
40905,0,361,240
40906,0,362,240
40907,0,363,240
40908,0,364,240
40909,0,365,240
40910,0,366,240
40911,0,367,240
40912,0,368,240
40913,0,369,240
40914,0,370,240
40915,0,371,240
40916,0,372,240
40917,0,373,240
40918,0,374,240
40919,0,375,240
40920,0,376,240
40921,0,377,240
40922,0,378,240
40923,0,379,240
40924,0,380,240
40925,0,381,240
40926,0,382,240
40927,0,383,240
40928,0,384,240
40929,0,385,240
40930,0,386,240
40931,0,387,240
40932,0,388,240
40933,0,389,240
40934,0,390,240
40935,0,391,240
40936,0,392,240
40937,0,393,240
40938,0,394,240
40939,0,395,240
40940,0,396,240
40941,0,397,240
40942,0,398,240
40943,0,399,240
40944,0,400,240
40945,0,401,240
40946,0,402,240
40947,0,403,240
40948,0,404,240
40949,0,405,240
40950,0,406,240
40951,0,407,240
40952,0,408,240
40953,0,409,240
40954,0,410,240
40955,0,411,240
40956,0,412,240
40957,0,413,240
40958,0,414,240
40959,0,415,240
40960,0,416,240
40961,0,417,240
40962,0,418,240
40963,0,419,240
40964,0,421,240
40965,0,422,240
40966,0,423,240
40967,0,425,240
40968,0,426,240
40969,0,427,240
40970,0,428,240
40971,0,429,240
40972,0,430,240
40973,0,431,240
40974,0,432,240
40975,0,433,240
40976,0,434,240
40977,0,435,240
40978,0,436,240
40979,0,437,240
40980,0,438,240
40981,0,439,240
40982,0,440,240
40983,0,441,240
40984,0,442,240
40985,0,443,240
40986,0,444,240
40987,0,445,240
40988,0,446,240
40989,0,447,240
40990,0,448,240
40991,0,449,240
40992,0,450,240
40993,0,451,240
40994,0,452,240
40995,0,453,240
40996,0,454,240
40997,0,455,240
40998,0,456,240
40999,0,457,240
41000,0,458,240
41001,0,459,240
41002,0,460,240
41003,0,461,240
41004,0,462,240
41005,0,463,240
41006,0,464,240
41007,0,465,240
41008,0,466,240
41009,0,467,240
41010,0,468,240
41011,0,469,240
41012,0,470,240
41013,0,471,240
41014,0,472,240
41015,0,473,240
41016,0,474,240
41017,0,475,240
41018,0,476,240
41019,0,477,240
41020,0,478,240
41021,0,479,240
41022,0,480,240
41023,0,481,240
41024,0,82,241
41025,0,83,241
41026,0,84,241
41027,0,85,241
41028,0,86,241
41029,0,87,241
41030,0,88,241
41031,0,89,241
41032,0,90,241
41033,0,91,241
41034,0,92,241
41035,0,93,241
41036,0,94,241
41037,0,95,241
41038,0,96,241
41039,0,97,241
41040,0,114,241
41041,0,115,241
41042,0,116,241
41043,0,117,241
41044,0,118,241
41045,0,119,241
41046,0,120,241
41047,0,121,241
41048,0,122,241
41049,0,123,241
41050,0,124,241
41051,0,125,241
41052,0,126,241
41053,0,127,241
41054,0,128,241
41055,0,129,241
41056,0,130,241
41057,0,242,241
41058,0,243,241
41059,0,244,241
41060,0,245,241
41061,0,246,241
41062,0,247,241
41063,0,248,241
41064,0,249,241
41065,0,250,241
41066,0,251,241
41067,0,252,241
41068,0,253,241
41069,0,254,241
41070,0,255,241
41071,0,256,241
41072,0,257,241
41073,0,291,241
41074,0,292,241
41075,0,293,241
41076,0,294,241
41077,0,295,241
41078,0,296,241
41079,0,297,241
41080,0,298,241
41081,0,299,241
41082,0,300,241
41083,0,301,241
41084,0,302,241
41085,0,303,241
41086,0,304,241
41087,0,322,241
41088,0,323,241
41089,0,324,241
41090,0,325,241
41091,0,326,241
41092,0,327,241
41093,0,328,241
41094,0,329,241
41095,0,330,241
41096,0,331,241
41097,0,332,241
41098,0,333,241
41099,0,334,241
41100,0,335,241
41101,0,336,241
41102,0,337,241
41103,0,338,241
41104,0,339,241
41105,0,340,241
41106,0,341,241
41107,0,342,241
41108,0,343,241
41109,0,344,241
41110,0,345,241
41111,0,346,241
41112,0,347,241
41113,0,348,241
41114,0,349,241
41115,0,350,241
41116,0,351,241
41117,0,352,241
41118,0,353,241
41119,0,354,241
41120,0,355,241
41121,0,356,241
41122,0,357,241
41123,0,358,241
41124,0,359,241
41125,0,360,241
41126,0,361,241
41127,0,362,241
41128,0,363,241
41129,0,364,241
41130,0,365,241
41131,0,366,241
41132,0,367,241
41133,0,368,241
41134,0,369,241
41135,0,370,241
41136,0,371,241
41137,0,372,241
41138,0,373,241
41139,0,374,241
41140,0,375,241
41141,0,376,241
41142,0,377,241
41143,0,378,241
41144,0,379,241
41145,0,380,241
41146,0,381,241
41147,0,382,241
41148,0,383,241
41149,0,384,241
41150,0,385,241
41151,0,386,241
41152,0,387,241
41153,0,388,241
41154,0,389,241
41155,0,390,241
41156,0,391,241
41157,0,392,241
41158,0,393,241
41159,0,394,241
41160,0,395,241
41161,0,396,241
41162,0,397,241
41163,0,398,241
41164,0,399,241
41165,0,400,241
41166,0,401,241
41167,0,403,241
41168,0,404,241
41169,0,405,241
41170,0,406,241
41171,0,407,241
41172,0,408,241
41173,0,409,241
41174,0,410,241
41175,0,411,241
41176,0,412,241
41177,0,413,241
41178,0,414,241
41179,0,415,241
41180,0,416,241
41181,0,435,241
41182,0,436,241
41183,0,437,241
41184,0,438,241
41185,0,439,241
41186,0,440,241
41187,0,441,241
41188,0,442,241
41189,0,443,241
41190,0,444,241
41191,0,445,241
41192,0,446,241
41193,0,447,241
41194,0,448,241
41195,0,466,241
41196,0,467,241
41197,0,468,241
41198,0,469,241
41199,0,470,241
41200,0,471,241
41201,0,472,241
41202,0,473,241
41203,0,474,241
41204,0,475,241
41205,0,476,241
41206,0,477,241
41207,0,478,241
41208,0,479,241
41209,0,480,241
41210,0,481,241
41211,0,82,242
41212,0,83,242
41213,0,84,242
41214,0,85,242
41215,0,86,242
41216,0,87,242
41217,0,88,242
41218,0,89,242
41219,0,90,242
41220,0,91,242
41221,0,92,242
41222,0,93,242
41223,0,94,242
41224,0,95,242
41225,0,96,242
41226,0,97,242
41227,0,114,242
41228,0,115,242
41229,0,116,242
41230,0,117,242
41231,0,118,242
41232,0,119,242
41233,0,120,242
41234,0,121,242
41235,0,122,242
41236,0,123,242
41237,0,124,242
41238,0,125,242
41239,0,126,242
41240,0,127,242
41241,0,128,242
41242,0,129,242
41243,0,242,242
41244,0,243,242
41245,0,244,242
41246,0,245,242
41247,0,246,242
41248,0,247,242
41249,0,248,242
41250,0,249,242
41251,0,250,242
41252,0,251,242
41253,0,252,242
41254,0,253,242
41255,0,254,242
41256,0,255,242
41257,0,256,242
41258,0,257,242
41259,0,322,242
41260,0,323,242
41261,0,324,242
41262,0,325,242
41263,0,326,242
41264,0,327,242
41265,0,328,242
41266,0,329,242
41267,0,330,242
41268,0,331,242
41269,0,332,242
41270,0,333,242
41271,0,334,242
41272,0,335,242
41273,0,336,242
41274,0,337,242
41275,0,338,242
41276,0,339,242
41277,0,340,242
41278,0,341,242
41279,0,342,242
41280,0,343,242
41281,0,344,242
41282,0,345,242
41283,0,346,242
41284,0,347,242
41285,0,348,242
41286,0,349,242
41287,0,350,242
41288,0,351,242
41289,0,352,242
41290,0,353,242
41291,0,354,242
41292,0,355,242
41293,0,356,242
41294,0,357,242
41295,0,358,242
41296,0,359,242
41297,0,360,242
41298,0,361,242
41299,0,362,242
41300,0,363,242
41301,0,364,242
41302,0,365,242
41303,0,366,242
41304,0,367,242
41305,0,368,242
41306,0,369,242
41307,0,370,242
41308,0,371,242
41309,0,372,242
41310,0,373,242
41311,0,374,242
41312,0,375,242
41313,0,376,242
41314,0,377,242
41315,0,378,242
41316,0,379,242
41317,0,380,242
41318,0,381,242
41319,0,382,242
41320,0,383,242
41321,0,384,242
41322,0,385,242
41323,0,386,242
41324,0,387,242
41325,0,388,242
41326,0,393,242
41327,0,394,242
41328,0,399,242
41329,0,400,242
41330,0,401,242
41331,0,466,242
41332,0,467,242
41333,0,468,242
41334,0,469,242
41335,0,470,242
41336,0,471,242
41337,0,472,242
41338,0,473,242
41339,0,474,242
41340,0,475,242
41341,0,476,242
41342,0,477,242
41343,0,478,242
41344,0,479,242
41345,0,480,242
41346,0,481,242
41347,0,82,243
41348,0,83,243
41349,0,84,243
41350,0,85,243
41351,0,86,243
41352,0,87,243
41353,0,88,243
41354,0,89,243
41355,0,90,243
41356,0,91,243
41357,0,92,243
41358,0,93,243
41359,0,94,243
41360,0,95,243
41361,0,96,243
41362,0,97,243
41363,0,114,243
41364,0,115,243
41365,0,116,243
41366,0,117,243
41367,0,118,243
41368,0,119,243
41369,0,120,243
41370,0,121,243
41371,0,122,243
41372,0,123,243
41373,0,124,243
41374,0,125,243
41375,0,126,243
41376,0,127,243
41377,0,128,243
41378,0,129,243
41379,0,242,243
41380,0,243,243
41381,0,244,243
41382,0,245,243
41383,0,246,243
41384,0,247,243
41385,0,248,243
41386,0,249,243
41387,0,250,243
41388,0,251,243
41389,0,252,243
41390,0,253,243
41391,0,254,243
41392,0,255,243
41393,0,256,243
41394,0,257,243
41395,0,258,243
41396,0,322,243
41397,0,323,243
41398,0,324,243
41399,0,325,243
41400,0,326,243
41401,0,327,243
41402,0,328,243
41403,0,329,243
41404,0,330,243
41405,0,331,243
41406,0,332,243
41407,0,333,243
41408,0,334,243
41409,0,335,243
41410,0,336,243
41411,0,337,243
41412,0,338,243
41413,0,339,243
41414,0,340,243
41415,0,341,243
41416,0,342,243
41417,0,343,243
41418,0,344,243
41419,0,345,243
41420,0,346,243
41421,0,347,243
41422,0,348,243
41423,0,349,243
41424,0,350,243
41425,0,351,243
41426,0,352,243
41427,0,353,243
41428,0,354,243
41429,0,355,243
41430,0,356,243
41431,0,357,243
41432,0,358,243
41433,0,359,243
41434,0,360,243
41435,0,361,243
41436,0,362,243
41437,0,363,243
41438,0,364,243
41439,0,365,243
41440,0,366,243
41441,0,367,243
41442,0,368,243
41443,0,369,243
41444,0,370,243
41445,0,371,243
41446,0,372,243
41447,0,373,243
41448,0,374,243
41449,0,375,243
41450,0,376,243
41451,0,377,243
41452,0,378,243
41453,0,379,243
41454,0,380,243
41455,0,381,243
41456,0,382,243
41457,0,383,243
41458,0,384,243
41459,0,385,243
41460,0,386,243
41461,0,401,243
41462,0,466,243
41463,0,467,243
41464,0,468,243
41465,0,469,243
41466,0,470,243
41467,0,471,243
41468,0,472,243
41469,0,473,243
41470,0,474,243
41471,0,475,243
41472,0,476,243
41473,0,477,243
41474,0,478,243
41475,0,479,243
41476,0,480,243
41477,0,481,243
41478,0,82,244
41479,0,83,244
41480,0,84,244
41481,0,85,244
41482,0,86,244
41483,0,87,244
41484,0,88,244
41485,0,89,244
41486,0,90,244
41487,0,91,244
41488,0,92,244
41489,0,93,244
41490,0,94,244
41491,0,95,244
41492,0,96,244
41493,0,97,244
41494,0,114,244
41495,0,115,244
41496,0,116,244
41497,0,117,244
41498,0,118,244
41499,0,119,244
41500,0,120,244
41501,0,121,244
41502,0,122,244
41503,0,123,244
41504,0,124,244
41505,0,125,244
41506,0,126,244
41507,0,127,244
41508,0,128,244
41509,0,129,244
41510,0,242,244
41511,0,243,244
41512,0,244,244
41513,0,245,244
41514,0,246,244
41515,0,247,244
41516,0,248,244
41517,0,249,244
41518,0,250,244
41519,0,251,244
41520,0,252,244
41521,0,253,244
41522,0,254,244
41523,0,255,244
41524,0,256,244
41525,0,257,244
41526,0,258,244
41527,0,322,244
41528,0,323,244
41529,0,324,244
41530,0,325,244
41531,0,326,244
41532,0,327,244
41533,0,328,244
41534,0,329,244
41535,0,330,244
41536,0,331,244
41537,0,332,244
41538,0,333,244
41539,0,334,244
41540,0,335,244
41541,0,336,244
41542,0,337,244
41543,0,338,244
41544,0,339,244
41545,0,340,244
41546,0,341,244
41547,0,342,244
41548,0,343,244
41549,0,344,244
41550,0,345,244
41551,0,346,244
41552,0,347,244
41553,0,348,244
41554,0,349,244
41555,0,350,244
41556,0,351,244
41557,0,352,244
41558,0,353,244
41559,0,354,244
41560,0,355,244
41561,0,356,244
41562,0,357,244
41563,0,358,244
41564,0,359,244
41565,0,360,244
41566,0,361,244
41567,0,362,244
41568,0,363,244
41569,0,364,244
41570,0,365,244
41571,0,366,244
41572,0,367,244
41573,0,368,244
41574,0,369,244
41575,0,370,244
41576,0,371,244
41577,0,372,244
41578,0,373,244
41579,0,374,244
41580,0,375,244
41581,0,376,244
41582,0,377,244
41583,0,378,244
41584,0,379,244
41585,0,380,244
41586,0,381,244
41587,0,382,244
41588,0,383,244
41589,0,384,244
41590,0,385,244
41591,0,386,244
41592,0,401,244
41593,0,466,244
41594,0,467,244
41595,0,468,244
41596,0,469,244
41597,0,470,244
41598,0,471,244
41599,0,472,244
41600,0,473,244
41601,0,474,244
41602,0,475,244
41603,0,476,244
41604,0,477,244
41605,0,478,244
41606,0,479,244
41607,0,480,244
41608,0,481,244
41609,0,82,245
41610,0,83,245
41611,0,84,245
41612,0,85,245
41613,0,86,245
41614,0,87,245
41615,0,88,245
41616,0,89,245
41617,0,90,245
41618,0,91,245
41619,0,92,245
41620,0,93,245
41621,0,94,245
41622,0,95,245
41623,0,96,245
41624,0,97,245
41625,0,114,245
41626,0,115,245
41627,0,116,245
41628,0,117,245
41629,0,118,245
41630,0,119,245
41631,0,120,245
41632,0,121,245
41633,0,122,245
41634,0,123,245
41635,0,124,245
41636,0,125,245
41637,0,126,245
41638,0,127,245
41639,0,128,245
41640,0,129,245
41641,0,242,245
41642,0,243,245
41643,0,244,245
41644,0,245,245
41645,0,246,245
41646,0,247,245
41647,0,248,245
41648,0,249,245
41649,0,250,245
41650,0,251,245
41651,0,252,245
41652,0,253,245
41653,0,254,245
41654,0,255,245
41655,0,256,245
41656,0,257,245
41657,0,258,245
41658,0,322,245
41659,0,323,245
41660,0,324,245
41661,0,325,245
41662,0,326,245
41663,0,327,245
41664,0,328,245
41665,0,329,245
41666,0,330,245
41667,0,331,245
41668,0,332,245
41669,0,333,245
41670,0,334,245
41671,0,335,245
41672,0,336,245
41673,0,337,245
41674,0,338,245
41675,0,339,245
41676,0,340,245
41677,0,341,245
41678,0,342,245
41679,0,343,245
41680,0,344,245
41681,0,345,245
41682,0,346,245
41683,0,347,245
41684,0,348,245
41685,0,349,245
41686,0,350,245
41687,0,351,245
41688,0,352,245
41689,0,353,245
41690,0,354,245
41691,0,355,245
41692,0,356,245
41693,0,357,245
41694,0,358,245
41695,0,359,245
41696,0,360,245
41697,0,361,245
41698,0,362,245
41699,0,363,245
41700,0,364,245
41701,0,365,245
41702,0,366,245
41703,0,367,245
41704,0,368,245
41705,0,369,245
41706,0,370,245
41707,0,371,245
41708,0,372,245
41709,0,373,245
41710,0,374,245
41711,0,375,245
41712,0,376,245
41713,0,377,245
41714,0,378,245
41715,0,379,245
41716,0,380,245
41717,0,381,245
41718,0,382,245
41719,0,383,245
41720,0,384,245
41721,0,385,245
41722,0,386,245
41723,0,401,245
41724,0,465,245
41725,0,466,245
41726,0,467,245
41727,0,468,245
41728,0,469,245
41729,0,470,245
41730,0,471,245
41731,0,472,245
41732,0,473,245
41733,0,474,245
41734,0,475,245
41735,0,476,245
41736,0,477,245
41737,0,478,245
41738,0,479,245
41739,0,480,245
41740,0,481,245
41741,0,82,246
41742,0,83,246
41743,0,84,246
41744,0,85,246
41745,0,86,246
41746,0,87,246
41747,0,88,246
41748,0,89,246
41749,0,90,246
41750,0,91,246
41751,0,92,246
41752,0,93,246
41753,0,94,246
41754,0,95,246
41755,0,96,246
41756,0,97,246
41757,0,114,246
41758,0,115,246
41759,0,116,246
41760,0,117,246
41761,0,118,246
41762,0,119,246
41763,0,120,246
41764,0,121,246
41765,0,122,246
41766,0,123,246
41767,0,124,246
41768,0,125,246
41769,0,126,246
41770,0,127,246
41771,0,128,246
41772,0,129,246
41773,0,242,246
41774,0,243,246
41775,0,244,246
41776,0,245,246
41777,0,246,246
41778,0,247,246
41779,0,248,246
41780,0,249,246
41781,0,250,246
41782,0,251,246
41783,0,252,246
41784,0,253,246
41785,0,254,246
41786,0,255,246
41787,0,256,246
41788,0,257,246
41789,0,258,246
41790,0,322,246
41791,0,323,246
41792,0,324,246
41793,0,325,246
41794,0,326,246
41795,0,327,246
41796,0,328,246
41797,0,329,246
41798,0,330,246
41799,0,331,246
41800,0,332,246
41801,0,333,246
41802,0,334,246
41803,0,335,246
41804,0,336,246
41805,0,337,246
41806,0,338,246
41807,0,339,246
41808,0,340,246
41809,0,341,246
41810,0,342,246
41811,0,343,246
41812,0,344,246
41813,0,345,246
41814,0,346,246
41815,0,347,246
41816,0,348,246
41817,0,349,246
41818,0,350,246
41819,0,351,246
41820,0,352,246
41821,0,353,246
41822,0,354,246
41823,0,355,246
41824,0,356,246
41825,0,357,246
41826,0,358,246
41827,0,359,246
41828,0,360,246
41829,0,361,246
41830,0,362,246
41831,0,363,246
41832,0,364,246
41833,0,365,246
41834,0,366,246
41835,0,367,246
41836,0,368,246
41837,0,369,246
41838,0,370,246
41839,0,371,246
41840,0,372,246
41841,0,373,246
41842,0,374,246
41843,0,375,246
41844,0,376,246
41845,0,377,246
41846,0,378,246
41847,0,379,246
41848,0,380,246
41849,0,381,246
41850,0,382,246
41851,0,383,246
41852,0,384,246
41853,0,385,246
41854,0,386,246
41855,0,401,246
41856,0,465,246
41857,0,466,246
41858,0,467,246
41859,0,468,246
41860,0,469,246
41861,0,470,246
41862,0,471,246
41863,0,472,246
41864,0,473,246
41865,0,474,246
41866,0,475,246
41867,0,476,246
41868,0,477,246
41869,0,478,246
41870,0,479,246
41871,0,480,246
41872,0,481,246
41873,0,82,247
41874,0,83,247
41875,0,84,247
41876,0,85,247
41877,0,86,247
41878,0,87,247
41879,0,88,247
41880,0,89,247
41881,0,90,247
41882,0,91,247
41883,0,92,247
41884,0,93,247
41885,0,94,247
41886,0,95,247
41887,0,96,247
41888,0,97,247
41889,0,114,247
41890,0,115,247
41891,0,116,247
41892,0,117,247
41893,0,118,247
41894,0,119,247
41895,0,120,247
41896,0,121,247
41897,0,122,247
41898,0,123,247
41899,0,124,247
41900,0,125,247
41901,0,126,247
41902,0,127,247
41903,0,128,247
41904,0,129,247
41905,0,242,247
41906,0,243,247
41907,0,244,247
41908,0,245,247
41909,0,246,247
41910,0,247,247
41911,0,248,247
41912,0,249,247
41913,0,250,247
41914,0,251,247
41915,0,252,247
41916,0,253,247
41917,0,254,247
41918,0,255,247
41919,0,256,247
41920,0,257,247
41921,0,258,247
41922,0,322,247
41923,0,323,247
41924,0,324,247
41925,0,325,247
41926,0,326,247
41927,0,327,247
41928,0,328,247
41929,0,329,247
41930,0,330,247
41931,0,331,247
41932,0,332,247
41933,0,333,247
41934,0,334,247
41935,0,335,247
41936,0,336,247
41937,0,337,247
41938,0,338,247
41939,0,339,247
41940,0,340,247
41941,0,341,247
41942,0,342,247
41943,0,343,247
41944,0,344,247
41945,0,345,247
41946,0,346,247
41947,0,347,247
41948,0,348,247
41949,0,349,247
41950,0,350,247
41951,0,351,247
41952,0,352,247
41953,0,353,247
41954,0,354,247
41955,0,355,247
41956,0,356,247
41957,0,357,247
41958,0,358,247
41959,0,359,247
41960,0,360,247
41961,0,361,247
41962,0,362,247
41963,0,363,247
41964,0,364,247
41965,0,365,247
41966,0,366,247
41967,0,367,247
41968,0,368,247
41969,0,369,247
41970,0,370,247
41971,0,371,247
41972,0,372,247
41973,0,373,247
41974,0,374,247
41975,0,375,247
41976,0,376,247
41977,0,377,247
41978,0,378,247
41979,0,379,247
41980,0,380,247
41981,0,381,247
41982,0,382,247
41983,0,383,247
41984,0,384,247
41985,0,385,247
41986,0,386,247
41987,0,393,247
41988,0,394,247
41989,0,395,247
41990,0,401,247
41991,0,466,247
41992,0,467,247
41993,0,468,247
41994,0,469,247
41995,0,470,247
41996,0,471,247
41997,0,472,247
41998,0,473,247
41999,0,474,247
42000,0,475,247
42001,0,476,247
42002,0,477,247
42003,0,478,247
42004,0,479,247
42005,0,480,247
42006,0,481,247
42007,0,82,248
42008,0,83,248
42009,0,84,248
42010,0,85,248
42011,0,86,248
42012,0,87,248
42013,0,88,248
42014,0,89,248
42015,0,90,248
42016,0,91,248
42017,0,92,248
42018,0,93,248
42019,0,94,248
42020,0,95,248
42021,0,96,248
42022,0,97,248
42023,0,114,248
42024,0,115,248
42025,0,116,248
42026,0,117,248
42027,0,118,248
42028,0,119,248
42029,0,120,248
42030,0,121,248
42031,0,122,248
42032,0,123,248
42033,0,124,248
42034,0,125,248
42035,0,126,248
42036,0,127,248
42037,0,128,248
42038,0,129,248
42039,0,242,248
42040,0,243,248
42041,0,244,248
42042,0,245,248
42043,0,246,248
42044,0,247,248
42045,0,248,248
42046,0,249,248
42047,0,250,248
42048,0,251,248
42049,0,252,248
42050,0,253,248
42051,0,254,248
42052,0,255,248
42053,0,256,248
42054,0,257,248
42055,0,258,248
42056,0,322,248
42057,0,323,248
42058,0,324,248
42059,0,325,248
42060,0,326,248
42061,0,327,248
42062,0,328,248
42063,0,329,248
42064,0,330,248
42065,0,331,248
42066,0,332,248
42067,0,333,248
42068,0,334,248
42069,0,335,248
42070,0,336,248
42071,0,337,248
42072,0,338,248
42073,0,339,248
42074,0,340,248
42075,0,341,248
42076,0,342,248
42077,0,343,248
42078,0,344,248
42079,0,345,248
42080,0,346,248
42081,0,347,248
42082,0,348,248
42083,0,349,248
42084,0,350,248
42085,0,351,248
42086,0,352,248
42087,0,353,248
42088,0,354,248
42089,0,355,248
42090,0,356,248
42091,0,357,248
42092,0,358,248
42093,0,359,248
42094,0,360,248
42095,0,361,248
42096,0,362,248
42097,0,363,248
42098,0,364,248
42099,0,365,248
42100,0,366,248
42101,0,367,248
42102,0,368,248
42103,0,369,248
42104,0,370,248
42105,0,371,248
42106,0,372,248
42107,0,373,248
42108,0,374,248
42109,0,375,248
42110,0,376,248
42111,0,377,248
42112,0,378,248
42113,0,379,248
42114,0,380,248
42115,0,381,248
42116,0,382,248
42117,0,383,248
42118,0,384,248
42119,0,385,248
42120,0,386,248
42121,0,393,248
42122,0,394,248
42123,0,395,248
42124,0,396,248
42125,0,401,248
42126,0,466,248
42127,0,467,248
42128,0,468,248
42129,0,469,248
42130,0,470,248
42131,0,471,248
42132,0,472,248
42133,0,473,248
42134,0,474,248
42135,0,475,248
42136,0,476,248
42137,0,477,248
42138,0,478,248
42139,0,479,248
42140,0,480,248
42141,0,481,248
42142,0,82,249
42143,0,83,249
42144,0,84,249
42145,0,85,249
42146,0,86,249
42147,0,87,249
42148,0,88,249
42149,0,89,249
42150,0,90,249
42151,0,91,249
42152,0,92,249
42153,0,93,249
42154,0,94,249
42155,0,95,249
42156,0,96,249
42157,0,97,249
42158,0,114,249
42159,0,115,249
42160,0,116,249
42161,0,117,249
42162,0,118,249
42163,0,119,249
42164,0,120,249
42165,0,121,249
42166,0,122,249
42167,0,123,249
42168,0,124,249
42169,0,125,249
42170,0,126,249
42171,0,127,249
42172,0,128,249
42173,0,129,249
42174,0,242,249
42175,0,243,249
42176,0,244,249
42177,0,245,249
42178,0,246,249
42179,0,247,249
42180,0,248,249
42181,0,249,249
42182,0,250,249
42183,0,251,249
42184,0,252,249
42185,0,253,249
42186,0,254,249
42187,0,255,249
42188,0,256,249
42189,0,257,249
42190,0,258,249
42191,0,322,249
42192,0,323,249
42193,0,324,249
42194,0,325,249
42195,0,326,249
42196,0,327,249
42197,0,328,249
42198,0,329,249
42199,0,330,249
42200,0,331,249
42201,0,332,249
42202,0,333,249
42203,0,334,249
42204,0,335,249
42205,0,336,249
42206,0,337,249
42207,0,338,249
42208,0,339,249
42209,0,340,249
42210,0,341,249
42211,0,342,249
42212,0,343,249
42213,0,344,249
42214,0,345,249
42215,0,346,249
42216,0,347,249
42217,0,348,249
42218,0,349,249
42219,0,350,249
42220,0,351,249
42221,0,352,249
42222,0,353,249
42223,0,354,249
42224,0,355,249
42225,0,356,249
42226,0,357,249
42227,0,358,249
42228,0,359,249
42229,0,360,249
42230,0,361,249
42231,0,362,249
42232,0,363,249
42233,0,364,249
42234,0,365,249
42235,0,366,249
42236,0,367,249
42237,0,368,249
42238,0,369,249
42239,0,370,249
42240,0,371,249
42241,0,372,249
42242,0,373,249
42243,0,374,249
42244,0,375,249
42245,0,376,249
42246,0,377,249
42247,0,378,249
42248,0,379,249
42249,0,380,249
42250,0,381,249
42251,0,382,249
42252,0,383,249
42253,0,384,249
42254,0,385,249
42255,0,386,249
42256,0,393,249
42257,0,394,249
42258,0,395,249
42259,0,396,249
42260,0,401,249
42261,0,466,249
42262,0,467,249
42263,0,468,249
42264,0,469,249
42265,0,470,249
42266,0,471,249
42267,0,472,249
42268,0,473,249
42269,0,474,249
42270,0,475,249
42271,0,476,249
42272,0,477,249
42273,0,478,249
42274,0,479,249
42275,0,480,249
42276,0,481,249
42277,0,82,250
42278,0,83,250
42279,0,84,250
42280,0,85,250
42281,0,86,250
42282,0,87,250
42283,0,88,250
42284,0,89,250
42285,0,90,250
42286,0,91,250
42287,0,92,250
42288,0,93,250
42289,0,94,250
42290,0,95,250
42291,0,96,250
42292,0,97,250
42293,0,114,250
42294,0,115,250
42295,0,116,250
42296,0,117,250
42297,0,118,250
42298,0,119,250
42299,0,120,250
42300,0,121,250
42301,0,122,250
42302,0,123,250
42303,0,124,250
42304,0,125,250
42305,0,126,250
42306,0,127,250
42307,0,128,250
42308,0,129,250
42309,0,242,250
42310,0,243,250
42311,0,244,250
42312,0,245,250
42313,0,246,250
42314,0,247,250
42315,0,248,250
42316,0,249,250
42317,0,250,250
42318,0,251,250
42319,0,252,250
42320,0,253,250
42321,0,254,250
42322,0,255,250
42323,0,256,250
42324,0,257,250
42325,0,258,250
42326,0,322,250
42327,0,323,250
42328,0,324,250
42329,0,325,250
42330,0,326,250
42331,0,327,250
42332,0,328,250
42333,0,329,250
42334,0,330,250
42335,0,331,250
42336,0,332,250
42337,0,333,250
42338,0,334,250
42339,0,335,250
42340,0,336,250
42341,0,337,250
42342,0,338,250
42343,0,339,250
42344,0,340,250
42345,0,341,250
42346,0,342,250
42347,0,343,250
42348,0,344,250
42349,0,345,250
42350,0,346,250
42351,0,347,250
42352,0,348,250
42353,0,349,250
42354,0,350,250
42355,0,351,250
42356,0,352,250
42357,0,353,250
42358,0,354,250
42359,0,355,250
42360,0,356,250
42361,0,357,250
42362,0,358,250
42363,0,359,250
42364,0,360,250
42365,0,361,250
42366,0,362,250
42367,0,363,250
42368,0,364,250
42369,0,365,250
42370,0,366,250
42371,0,367,250
42372,0,368,250
42373,0,369,250
42374,0,370,250
42375,0,371,250
42376,0,372,250
42377,0,373,250
42378,0,374,250
42379,0,375,250
42380,0,376,250
42381,0,377,250
42382,0,378,250
42383,0,379,250
42384,0,380,250
42385,0,381,250
42386,0,382,250
42387,0,383,250
42388,0,384,250
42389,0,385,250
42390,0,386,250
42391,0,393,250
42392,0,394,250
42393,0,395,250
42394,0,396,250
42395,0,401,250
42396,0,466,250
42397,0,467,250
42398,0,468,250
42399,0,469,250
42400,0,470,250
42401,0,471,250
42402,0,472,250
42403,0,473,250
42404,0,474,250
42405,0,475,250
42406,0,476,250
42407,0,477,250
42408,0,478,250
42409,0,479,250
42410,0,480,250
42411,0,481,250
42412,0,82,251
42413,0,83,251
42414,0,84,251
42415,0,85,251
42416,0,86,251
42417,0,87,251
42418,0,88,251
42419,0,89,251
42420,0,90,251
42421,0,91,251
42422,0,92,251
42423,0,93,251
42424,0,94,251
42425,0,95,251
42426,0,96,251
42427,0,97,251
42428,0,114,251
42429,0,115,251
42430,0,116,251
42431,0,117,251
42432,0,118,251
42433,0,119,251
42434,0,120,251
42435,0,121,251
42436,0,122,251
42437,0,123,251
42438,0,124,251
42439,0,125,251
42440,0,126,251
42441,0,127,251
42442,0,128,251
42443,0,129,251
42444,0,242,251
42445,0,243,251
42446,0,244,251
42447,0,245,251
42448,0,246,251
42449,0,247,251
42450,0,248,251
42451,0,249,251
42452,0,250,251
42453,0,251,251
42454,0,252,251
42455,0,253,251
42456,0,254,251
42457,0,255,251
42458,0,256,251
42459,0,257,251
42460,0,258,251
42461,0,322,251
42462,0,323,251
42463,0,324,251
42464,0,325,251
42465,0,326,251
42466,0,327,251
42467,0,328,251
42468,0,329,251
42469,0,330,251
42470,0,331,251
42471,0,332,251
42472,0,333,251
42473,0,334,251
42474,0,335,251
42475,0,336,251
42476,0,337,251
42477,0,338,251
42478,0,339,251
42479,0,340,251
42480,0,341,251
42481,0,342,251
42482,0,343,251
42483,0,344,251
42484,0,345,251
42485,0,346,251
42486,0,347,251
42487,0,348,251
42488,0,349,251
42489,0,350,251
42490,0,351,251
42491,0,352,251
42492,0,353,251
42493,0,354,251
42494,0,355,251
42495,0,356,251
42496,0,357,251
42497,0,358,251
42498,0,359,251
42499,0,360,251
42500,0,361,251
42501,0,362,251
42502,0,363,251
42503,0,364,251
42504,0,365,251
42505,0,366,251
42506,0,367,251
42507,0,368,251
42508,0,369,251
42509,0,370,251
42510,0,371,251
42511,0,372,251
42512,0,373,251
42513,0,374,251
42514,0,375,251
42515,0,376,251
42516,0,377,251
42517,0,378,251
42518,0,379,251
42519,0,380,251
42520,0,381,251
42521,0,382,251
42522,0,383,251
42523,0,384,251
42524,0,385,251
42525,0,386,251
42526,0,401,251
42527,0,466,251
42528,0,467,251
42529,0,468,251
42530,0,469,251
42531,0,470,251
42532,0,471,251
42533,0,472,251
42534,0,473,251
42535,0,474,251
42536,0,475,251
42537,0,476,251
42538,0,477,251
42539,0,478,251
42540,0,479,251
42541,0,480,251
42542,0,481,251
42543,0,82,252
42544,0,83,252
42545,0,84,252
42546,0,85,252
42547,0,86,252
42548,0,87,252
42549,0,88,252
42550,0,89,252
42551,0,90,252
42552,0,91,252
42553,0,92,252
42554,0,93,252
42555,0,94,252
42556,0,95,252
42557,0,96,252
42558,0,97,252
42559,0,114,252
42560,0,115,252
42561,0,116,252
42562,0,117,252
42563,0,118,252
42564,0,119,252
42565,0,120,252
42566,0,121,252
42567,0,122,252
42568,0,123,252
42569,0,124,252
42570,0,125,252
42571,0,126,252
42572,0,127,252
42573,0,128,252
42574,0,129,252
42575,0,242,252
42576,0,243,252
42577,0,244,252
42578,0,245,252
42579,0,246,252
42580,0,247,252
42581,0,248,252
42582,0,249,252
42583,0,250,252
42584,0,251,252
42585,0,252,252
42586,0,253,252
42587,0,254,252
42588,0,255,252
42589,0,256,252
42590,0,257,252
42591,0,258,252
42592,0,322,252
42593,0,323,252
42594,0,324,252
42595,0,325,252
42596,0,326,252
42597,0,327,252
42598,0,328,252
42599,0,329,252
42600,0,330,252
42601,0,331,252
42602,0,332,252
42603,0,333,252
42604,0,334,252
42605,0,335,252
42606,0,336,252
42607,0,337,252
42608,0,338,252
42609,0,339,252
42610,0,340,252
42611,0,341,252
42612,0,342,252
42613,0,343,252
42614,0,344,252
42615,0,345,252
42616,0,346,252
42617,0,347,252
42618,0,348,252
42619,0,349,252
42620,0,350,252
42621,0,351,252
42622,0,352,252
42623,0,353,252
42624,0,354,252
42625,0,355,252
42626,0,356,252
42627,0,357,252
42628,0,358,252
42629,0,359,252
42630,0,360,252
42631,0,361,252
42632,0,362,252
42633,0,363,252
42634,0,364,252
42635,0,365,252
42636,0,366,252
42637,0,367,252
42638,0,368,252
42639,0,369,252
42640,0,370,252
42641,0,371,252
42642,0,372,252
42643,0,373,252
42644,0,374,252
42645,0,375,252
42646,0,376,252
42647,0,377,252
42648,0,378,252
42649,0,379,252
42650,0,380,252
42651,0,381,252
42652,0,382,252
42653,0,383,252
42654,0,384,252
42655,0,385,252
42656,0,386,252
42657,0,401,252
42658,0,466,252
42659,0,467,252
42660,0,468,252
42661,0,469,252
42662,0,470,252
42663,0,471,252
42664,0,472,252
42665,0,473,252
42666,0,474,252
42667,0,475,252
42668,0,476,252
42669,0,477,252
42670,0,478,252
42671,0,479,252
42672,0,480,252
42673,0,481,252
42674,0,82,253
42675,0,83,253
42676,0,84,253
42677,0,85,253
42678,0,86,253
42679,0,87,253
42680,0,88,253
42681,0,89,253
42682,0,90,253
42683,0,91,253
42684,0,92,253
42685,0,93,253
42686,0,94,253
42687,0,95,253
42688,0,96,253
42689,0,97,253
42690,0,114,253
42691,0,115,253
42692,0,116,253
42693,0,117,253
42694,0,118,253
42695,0,119,253
42696,0,120,253
42697,0,121,253
42698,0,122,253
42699,0,123,253
42700,0,124,253
42701,0,125,253
42702,0,126,253
42703,0,127,253
42704,0,128,253
42705,0,129,253
42706,0,242,253
42707,0,243,253
42708,0,244,253
42709,0,245,253
42710,0,246,253
42711,0,247,253
42712,0,248,253
42713,0,249,253
42714,0,250,253
42715,0,251,253
42716,0,252,253
42717,0,253,253
42718,0,254,253
42719,0,255,253
42720,0,256,253
42721,0,257,253
42722,0,258,253
42723,0,322,253
42724,0,323,253
42725,0,324,253
42726,0,325,253
42727,0,326,253
42728,0,327,253
42729,0,328,253
42730,0,329,253
42731,0,330,253
42732,0,331,253
42733,0,332,253
42734,0,333,253
42735,0,334,253
42736,0,335,253
42737,0,336,253
42738,0,337,253
42739,0,338,253
42740,0,339,253
42741,0,340,253
42742,0,341,253
42743,0,342,253
42744,0,343,253
42745,0,344,253
42746,0,345,253
42747,0,346,253
42748,0,347,253
42749,0,348,253
42750,0,349,253
42751,0,350,253
42752,0,351,253
42753,0,352,253
42754,0,353,253
42755,0,354,253
42756,0,355,253
42757,0,356,253
42758,0,357,253
42759,0,358,253
42760,0,359,253
42761,0,360,253
42762,0,361,253
42763,0,362,253
42764,0,363,253
42765,0,364,253
42766,0,365,253
42767,0,366,253
42768,0,367,253
42769,0,368,253
42770,0,369,253
42771,0,370,253
42772,0,371,253
42773,0,372,253
42774,0,373,253
42775,0,374,253
42776,0,375,253
42777,0,376,253
42778,0,377,253
42779,0,378,253
42780,0,379,253
42781,0,380,253
42782,0,381,253
42783,0,382,253
42784,0,383,253
42785,0,384,253
42786,0,385,253
42787,0,386,253
42788,0,401,253
42789,0,466,253
42790,0,467,253
42791,0,468,253
42792,0,469,253
42793,0,470,253
42794,0,471,253
42795,0,472,253
42796,0,473,253
42797,0,474,253
42798,0,475,253
42799,0,476,253
42800,0,477,253
42801,0,478,253
42802,0,479,253
42803,0,480,253
42804,0,481,253
42805,0,82,254
42806,0,83,254
42807,0,84,254
42808,0,85,254
42809,0,86,254
42810,0,87,254
42811,0,88,254
42812,0,89,254
42813,0,90,254
42814,0,91,254
42815,0,92,254
42816,0,93,254
42817,0,94,254
42818,0,95,254
42819,0,96,254
42820,0,97,254
42821,0,114,254
42822,0,115,254
42823,0,116,254
42824,0,117,254
42825,0,118,254
42826,0,119,254
42827,0,120,254
42828,0,121,254
42829,0,122,254
42830,0,123,254
42831,0,124,254
42832,0,125,254
42833,0,126,254
42834,0,127,254
42835,0,128,254
42836,0,129,254
42837,0,242,254
42838,0,243,254
42839,0,244,254
42840,0,245,254
42841,0,246,254
42842,0,247,254
42843,0,248,254
42844,0,249,254
42845,0,250,254
42846,0,251,254
42847,0,252,254
42848,0,253,254
42849,0,254,254
42850,0,255,254
42851,0,256,254
42852,0,257,254
42853,0,258,254
42854,0,322,254
42855,0,323,254
42856,0,324,254
42857,0,325,254
42858,0,326,254
42859,0,327,254
42860,0,328,254
42861,0,329,254
42862,0,330,254
42863,0,331,254
42864,0,332,254
42865,0,333,254
42866,0,334,254
42867,0,335,254
42868,0,336,254
42869,0,337,254
42870,0,338,254
42871,0,339,254
42872,0,340,254
42873,0,341,254
42874,0,342,254
42875,0,343,254
42876,0,344,254
42877,0,345,254
42878,0,346,254
42879,0,347,254
42880,0,348,254
42881,0,349,254
42882,0,350,254
42883,0,351,254
42884,0,352,254
42885,0,353,254
42886,0,354,254
42887,0,355,254
42888,0,356,254
42889,0,357,254
42890,0,358,254
42891,0,359,254
42892,0,360,254
42893,0,361,254
42894,0,362,254
42895,0,363,254
42896,0,364,254
42897,0,365,254
42898,0,366,254
42899,0,367,254
42900,0,368,254
42901,0,369,254
42902,0,370,254
42903,0,371,254
42904,0,372,254
42905,0,373,254
42906,0,374,254
42907,0,375,254
42908,0,376,254
42909,0,377,254
42910,0,378,254
42911,0,379,254
42912,0,380,254
42913,0,381,254
42914,0,382,254
42915,0,383,254
42916,0,385,254
42917,0,386,254
42918,0,401,254
42919,0,466,254
42920,0,467,254
42921,0,468,254
42922,0,469,254
42923,0,470,254
42924,0,471,254
42925,0,472,254
42926,0,473,254
42927,0,474,254
42928,0,475,254
42929,0,476,254
42930,0,477,254
42931,0,478,254
42932,0,479,254
42933,0,480,254
42934,0,481,254
42935,0,82,255
42936,0,83,255
42937,0,84,255
42938,0,85,255
42939,0,86,255
42940,0,87,255
42941,0,88,255
42942,0,89,255
42943,0,90,255
42944,0,91,255
42945,0,92,255
42946,0,93,255
42947,0,94,255
42948,0,95,255
42949,0,96,255
42950,0,97,255
42951,0,103,255
42952,0,104,255
42953,0,105,255
42954,0,106,255
42955,0,107,255
42956,0,108,255
42957,0,114,255
42958,0,115,255
42959,0,116,255
42960,0,117,255
42961,0,118,255
42962,0,119,255
42963,0,120,255
42964,0,121,255
42965,0,122,255
42966,0,123,255
42967,0,124,255
42968,0,125,255
42969,0,126,255
42970,0,127,255
42971,0,128,255
42972,0,129,255
42973,0,242,255
42974,0,243,255
42975,0,244,255
42976,0,245,255
42977,0,246,255
42978,0,247,255
42979,0,248,255
42980,0,249,255
42981,0,250,255
42982,0,251,255
42983,0,252,255
42984,0,253,255
42985,0,254,255
42986,0,255,255
42987,0,256,255
42988,0,257,255
42989,0,258,255
42990,0,322,255
42991,0,323,255
42992,0,324,255
42993,0,325,255
42994,0,326,255
42995,0,327,255
42996,0,328,255
42997,0,329,255
42998,0,330,255
42999,0,331,255
43000,0,332,255
43001,0,333,255
43002,0,334,255
43003,0,335,255
43004,0,336,255
43005,0,337,255
43006,0,338,255
43007,0,339,255
43008,0,340,255
43009,0,341,255
43010,0,342,255
43011,0,343,255
43012,0,344,255
43013,0,345,255
43014,0,346,255
43015,0,347,255
43016,0,348,255
43017,0,349,255
43018,0,350,255
43019,0,351,255
43020,0,352,255
43021,0,353,255
43022,0,354,255
43023,0,355,255
43024,0,356,255
43025,0,357,255
43026,0,358,255
43027,0,359,255
43028,0,360,255
43029,0,361,255
43030,0,362,255
43031,0,363,255
43032,0,364,255
43033,0,365,255
43034,0,366,255
43035,0,367,255
43036,0,368,255
43037,0,369,255
43038,0,370,255
43039,0,371,255
43040,0,372,255
43041,0,373,255
43042,0,374,255
43043,0,375,255
43044,0,376,255
43045,0,377,255
43046,0,378,255
43047,0,379,255
43048,0,380,255
43049,0,381,255
43050,0,382,255
43051,0,383,255
43052,0,384,255
43053,0,385,255
43054,0,386,255
43055,0,387,255
43056,0,400,255
43057,0,401,255
43058,0,466,255
43059,0,467,255
43060,0,468,255
43061,0,469,255
43062,0,470,255
43063,0,471,255
43064,0,472,255
43065,0,473,255
43066,0,474,255
43067,0,475,255
43068,0,476,255
43069,0,477,255
43070,0,478,255
43071,0,479,255
43072,0,480,255
43073,0,481,255
43074,0,81,256
43075,0,82,256
43076,0,83,256
43077,0,84,256
43078,0,85,256
43079,0,86,256
43080,0,87,256
43081,0,88,256
43082,0,89,256
43083,0,90,256
43084,0,91,256
43085,0,92,256
43086,0,93,256
43087,0,94,256
43088,0,95,256
43089,0,96,256
43090,0,97,256
43091,0,102,256
43092,0,103,256
43093,0,104,256
43094,0,105,256
43095,0,106,256
43096,0,107,256
43097,0,108,256
43098,0,109,256
43099,0,110,256
43100,0,114,256
43101,0,115,256
43102,0,116,256
43103,0,117,256
43104,0,118,256
43105,0,119,256
43106,0,120,256
43107,0,121,256
43108,0,122,256
43109,0,123,256
43110,0,124,256
43111,0,125,256
43112,0,126,256
43113,0,127,256
43114,0,128,256
43115,0,129,256
43116,0,242,256
43117,0,243,256
43118,0,244,256
43119,0,245,256
43120,0,246,256
43121,0,247,256
43122,0,248,256
43123,0,249,256
43124,0,250,256
43125,0,251,256
43126,0,252,256
43127,0,253,256
43128,0,254,256
43129,0,255,256
43130,0,256,256
43131,0,257,256
43132,0,322,256
43133,0,323,256
43134,0,324,256
43135,0,325,256
43136,0,326,256
43137,0,327,256
43138,0,328,256
43139,0,329,256
43140,0,330,256
43141,0,331,256
43142,0,332,256
43143,0,333,256
43144,0,334,256
43145,0,335,256
43146,0,336,256
43147,0,337,256
43148,0,338,256
43149,0,339,256
43150,0,340,256
43151,0,341,256
43152,0,342,256
43153,0,343,256
43154,0,344,256
43155,0,345,256
43156,0,346,256
43157,0,347,256
43158,0,348,256
43159,0,349,256
43160,0,350,256
43161,0,351,256
43162,0,352,256
43163,0,353,256
43164,0,354,256
43165,0,355,256
43166,0,356,256
43167,0,357,256
43168,0,358,256
43169,0,359,256
43170,0,360,256
43171,0,361,256
43172,0,362,256
43173,0,363,256
43174,0,364,256
43175,0,365,256
43176,0,366,256
43177,0,367,256
43178,0,368,256
43179,0,369,256
43180,0,370,256
43181,0,371,256
43182,0,372,256
43183,0,373,256
43184,0,374,256
43185,0,375,256
43186,0,376,256
43187,0,377,256
43188,0,378,256
43189,0,379,256
43190,0,380,256
43191,0,381,256
43192,0,382,256
43193,0,383,256
43194,0,384,256
43195,0,385,256
43196,0,386,256
43197,0,387,256
43198,0,400,256
43199,0,401,256
43200,0,466,256
43201,0,467,256
43202,0,468,256
43203,0,469,256
43204,0,470,256
43205,0,471,256
43206,0,472,256
43207,0,473,256
43208,0,474,256
43209,0,475,256
43210,0,476,256
43211,0,477,256
43212,0,478,256
43213,0,479,256
43214,0,480,256
43215,0,481,256
43216,0,82,257
43217,0,83,257
43218,0,84,257
43219,0,85,257
43220,0,86,257
43221,0,87,257
43222,0,88,257
43223,0,89,257
43224,0,90,257
43225,0,91,257
43226,0,92,257
43227,0,93,257
43228,0,94,257
43229,0,95,257
43230,0,96,257
43231,0,97,257
43232,0,98,257
43233,0,99,257
43234,0,100,257
43235,0,101,257
43236,0,102,257
43237,0,103,257
43238,0,104,257
43239,0,105,257
43240,0,106,257
43241,0,107,257
43242,0,108,257
43243,0,109,257
43244,0,110,257
43245,0,111,257
43246,0,112,257
43247,0,113,257
43248,0,114,257
43249,0,115,257
43250,0,116,257
43251,0,117,257
43252,0,118,257
43253,0,119,257
43254,0,120,257
43255,0,121,257
43256,0,122,257
43257,0,123,257
43258,0,124,257
43259,0,125,257
43260,0,126,257
43261,0,127,257
43262,0,128,257
43263,0,129,257
43264,0,242,257
43265,0,243,257
43266,0,244,257
43267,0,245,257
43268,0,246,257
43269,0,247,257
43270,0,248,257
43271,0,249,257
43272,0,250,257
43273,0,251,257
43274,0,252,257
43275,0,253,257
43276,0,254,257
43277,0,255,257
43278,0,256,257
43279,0,257,257
43280,0,336,257
43281,0,337,257
43282,0,338,257
43283,0,354,257
43284,0,355,257
43285,0,356,257
43286,0,357,257
43287,0,358,257
43288,0,359,257
43289,0,360,257
43290,0,361,257
43291,0,362,257
43292,0,363,257
43293,0,364,257
43294,0,365,257
43295,0,366,257
43296,0,367,257
43297,0,368,257
43298,0,369,257
43299,0,377,257
43300,0,378,257
43301,0,379,257
43302,0,380,257
43303,0,381,257
43304,0,382,257
43305,0,450,257
43306,0,451,257
43307,0,452,257
43308,0,453,257
43309,0,454,257
43310,0,455,257
43311,0,456,257
43312,0,457,257
43313,0,458,257
43314,0,459,257
43315,0,460,257
43316,0,461,257
43317,0,462,257
43318,0,463,257
43319,0,464,257
43320,0,465,257
43321,0,466,257
43322,0,467,257
43323,0,468,257
43324,0,469,257
43325,0,470,257
43326,0,471,257
43327,0,472,257
43328,0,473,257
43329,0,474,257
43330,0,475,257
43331,0,476,257
43332,0,477,257
43333,0,478,257
43334,0,479,257
43335,0,480,257
43336,0,481,257
43337,0,482,257
43338,0,483,257
43339,0,484,257
43340,0,485,257
43341,0,486,257
43342,0,487,257
43343,0,488,257
43344,0,489,257
43345,0,490,257
43346,0,491,257
43347,0,492,257
43348,0,493,257
43349,0,494,257
43350,0,495,257
43351,0,496,257
43352,0,497,257
43353,0,82,258
43354,0,83,258
43355,0,84,258
43356,0,85,258
43357,0,86,258
43358,0,87,258
43359,0,88,258
43360,0,89,258
43361,0,90,258
43362,0,91,258
43363,0,92,258
43364,0,93,258
43365,0,94,258
43366,0,95,258
43367,0,96,258
43368,0,97,258
43369,0,98,258
43370,0,99,258
43371,0,100,258
43372,0,101,258
43373,0,102,258
43374,0,103,258
43375,0,104,258
43376,0,105,258
43377,0,106,258
43378,0,107,258
43379,0,108,258
43380,0,109,258
43381,0,110,258
43382,0,111,258
43383,0,112,258
43384,0,113,258
43385,0,114,258
43386,0,115,258
43387,0,116,258
43388,0,117,258
43389,0,118,258
43390,0,119,258
43391,0,120,258
43392,0,121,258
43393,0,122,258
43394,0,123,258
43395,0,124,258
43396,0,125,258
43397,0,126,258
43398,0,127,258
43399,0,128,258
43400,0,129,258
43401,0,241,258
43402,0,242,258
43403,0,243,258
43404,0,244,258
43405,0,245,258
43406,0,246,258
43407,0,247,258
43408,0,248,258
43409,0,249,258
43410,0,250,258
43411,0,251,258
43412,0,252,258
43413,0,253,258
43414,0,254,258
43415,0,255,258
43416,0,256,258
43417,0,257,258
43418,0,336,258
43419,0,337,258
43420,0,354,258
43421,0,355,258
43422,0,356,258
43423,0,357,258
43424,0,358,258
43425,0,359,258
43426,0,360,258
43427,0,361,258
43428,0,362,258
43429,0,363,258
43430,0,364,258
43431,0,365,258
43432,0,366,258
43433,0,367,258
43434,0,368,258
43435,0,369,258
43436,0,450,258
43437,0,451,258
43438,0,452,258
43439,0,453,258
43440,0,454,258
43441,0,455,258
43442,0,456,258
43443,0,457,258
43444,0,458,258
43445,0,459,258
43446,0,460,258
43447,0,461,258
43448,0,462,258
43449,0,463,258
43450,0,464,258
43451,0,465,258
43452,0,466,258
43453,0,467,258
43454,0,468,258
43455,0,469,258
43456,0,470,258
43457,0,471,258
43458,0,472,258
43459,0,473,258
43460,0,474,258
43461,0,475,258
43462,0,476,258
43463,0,477,258
43464,0,478,258
43465,0,479,258
43466,0,480,258
43467,0,481,258
43468,0,482,258
43469,0,483,258
43470,0,484,258
43471,0,485,258
43472,0,486,258
43473,0,487,258
43474,0,488,258
43475,0,489,258
43476,0,490,258
43477,0,491,258
43478,0,492,258
43479,0,493,258
43480,0,494,258
43481,0,495,258
43482,0,496,258
43483,0,497,258
43484,0,82,259
43485,0,83,259
43486,0,84,259
43487,0,85,259
43488,0,86,259
43489,0,87,259
43490,0,88,259
43491,0,89,259
43492,0,90,259
43493,0,91,259
43494,0,92,259
43495,0,93,259
43496,0,94,259
43497,0,95,259
43498,0,96,259
43499,0,97,259
43500,0,98,259
43501,0,99,259
43502,0,100,259
43503,0,101,259
43504,0,102,259
43505,0,103,259
43506,0,104,259
43507,0,105,259
43508,0,106,259
43509,0,107,259
43510,0,108,259
43511,0,109,259
43512,0,110,259
43513,0,111,259
43514,0,112,259
43515,0,113,259
43516,0,114,259
43517,0,115,259
43518,0,116,259
43519,0,117,259
43520,0,118,259
43521,0,119,259
43522,0,120,259
43523,0,121,259
43524,0,122,259
43525,0,123,259
43526,0,124,259
43527,0,125,259
43528,0,126,259
43529,0,127,259
43530,0,128,259
43531,0,129,259
43532,0,241,259
43533,0,242,259
43534,0,243,259
43535,0,244,259
43536,0,245,259
43537,0,246,259
43538,0,247,259
43539,0,248,259
43540,0,249,259
43541,0,250,259
43542,0,251,259
43543,0,252,259
43544,0,253,259
43545,0,254,259
43546,0,255,259
43547,0,256,259
43548,0,257,259
43549,0,258,259
43550,0,354,259
43551,0,355,259
43552,0,356,259
43553,0,357,259
43554,0,358,259
43555,0,359,259
43556,0,360,259
43557,0,361,259
43558,0,362,259
43559,0,363,259
43560,0,364,259
43561,0,365,259
43562,0,366,259
43563,0,367,259
43564,0,368,259
43565,0,369,259
43566,0,450,259
43567,0,451,259
43568,0,452,259
43569,0,453,259
43570,0,454,259
43571,0,455,259
43572,0,456,259
43573,0,457,259
43574,0,458,259
43575,0,459,259
43576,0,460,259
43577,0,461,259
43578,0,462,259
43579,0,463,259
43580,0,464,259
43581,0,465,259
43582,0,466,259
43583,0,467,259
43584,0,468,259
43585,0,469,259
43586,0,470,259
43587,0,471,259
43588,0,472,259
43589,0,473,259
43590,0,474,259
43591,0,475,259
43592,0,476,259
43593,0,477,259
43594,0,478,259
43595,0,479,259
43596,0,480,259
43597,0,481,259
43598,0,482,259
43599,0,483,259
43600,0,484,259
43601,0,485,259
43602,0,486,259
43603,0,487,259
43604,0,488,259
43605,0,489,259
43606,0,490,259
43607,0,491,259
43608,0,492,259
43609,0,493,259
43610,0,494,259
43611,0,495,259
43612,0,496,259
43613,0,497,259
43614,0,82,260
43615,0,83,260
43616,0,84,260
43617,0,85,260
43618,0,86,260
43619,0,87,260
43620,0,88,260
43621,0,89,260
43622,0,90,260
43623,0,91,260
43624,0,92,260
43625,0,93,260
43626,0,94,260
43627,0,95,260
43628,0,96,260
43629,0,97,260
43630,0,98,260
43631,0,99,260
43632,0,100,260
43633,0,101,260
43634,0,102,260
43635,0,103,260
43636,0,104,260
43637,0,105,260
43638,0,106,260
43639,0,107,260
43640,0,108,260
43641,0,109,260
43642,0,110,260
43643,0,111,260
43644,0,112,260
43645,0,113,260
43646,0,114,260
43647,0,115,260
43648,0,116,260
43649,0,117,260
43650,0,118,260
43651,0,119,260
43652,0,120,260
43653,0,121,260
43654,0,122,260
43655,0,123,260
43656,0,124,260
43657,0,125,260
43658,0,126,260
43659,0,127,260
43660,0,128,260
43661,0,129,260
43662,0,241,260
43663,0,242,260
43664,0,243,260
43665,0,244,260
43666,0,245,260
43667,0,246,260
43668,0,247,260
43669,0,248,260
43670,0,249,260
43671,0,250,260
43672,0,251,260
43673,0,252,260
43674,0,253,260
43675,0,254,260
43676,0,255,260
43677,0,256,260
43678,0,257,260
43679,0,258,260
43680,0,354,260
43681,0,355,260
43682,0,356,260
43683,0,357,260
43684,0,358,260
43685,0,359,260
43686,0,360,260
43687,0,361,260
43688,0,362,260
43689,0,363,260
43690,0,364,260
43691,0,365,260
43692,0,366,260
43693,0,367,260
43694,0,368,260
43695,0,369,260
43696,0,450,260
43697,0,451,260
43698,0,452,260
43699,0,453,260
43700,0,454,260
43701,0,455,260
43702,0,456,260
43703,0,457,260
43704,0,458,260
43705,0,459,260
43706,0,460,260
43707,0,461,260
43708,0,462,260
43709,0,463,260
43710,0,464,260
43711,0,465,260
43712,0,466,260
43713,0,467,260
43714,0,468,260
43715,0,469,260
43716,0,470,260
43717,0,471,260
43718,0,472,260
43719,0,473,260
43720,0,474,260
43721,0,475,260
43722,0,476,260
43723,0,477,260
43724,0,478,260
43725,0,479,260
43726,0,480,260
43727,0,481,260
43728,0,482,260
43729,0,483,260
43730,0,484,260
43731,0,485,260
43732,0,486,260
43733,0,487,260
43734,0,488,260
43735,0,489,260
43736,0,490,260
43737,0,491,260
43738,0,492,260
43739,0,493,260
43740,0,494,260
43741,0,495,260
43742,0,496,260
43743,0,497,260
43744,0,82,261
43745,0,83,261
43746,0,84,261
43747,0,85,261
43748,0,86,261
43749,0,87,261
43750,0,88,261
43751,0,89,261
43752,0,90,261
43753,0,91,261
43754,0,92,261
43755,0,93,261
43756,0,94,261
43757,0,95,261
43758,0,96,261
43759,0,97,261
43760,0,98,261
43761,0,99,261
43762,0,100,261
43763,0,101,261
43764,0,102,261
43765,0,103,261
43766,0,104,261
43767,0,105,261
43768,0,106,261
43769,0,107,261
43770,0,108,261
43771,0,109,261
43772,0,110,261
43773,0,111,261
43774,0,112,261
43775,0,113,261
43776,0,114,261
43777,0,115,261
43778,0,116,261
43779,0,117,261
43780,0,118,261
43781,0,119,261
43782,0,120,261
43783,0,121,261
43784,0,122,261
43785,0,123,261
43786,0,124,261
43787,0,125,261
43788,0,126,261
43789,0,127,261
43790,0,128,261
43791,0,129,261
43792,0,241,261
43793,0,242,261
43794,0,243,261
43795,0,244,261
43796,0,245,261
43797,0,246,261
43798,0,247,261
43799,0,248,261
43800,0,249,261
43801,0,250,261
43802,0,251,261
43803,0,252,261
43804,0,253,261
43805,0,254,261
43806,0,255,261
43807,0,256,261
43808,0,257,261
43809,0,258,261
43810,0,354,261
43811,0,355,261
43812,0,356,261
43813,0,357,261
43814,0,358,261
43815,0,359,261
43816,0,360,261
43817,0,361,261
43818,0,362,261
43819,0,363,261
43820,0,364,261
43821,0,365,261
43822,0,366,261
43823,0,367,261
43824,0,368,261
43825,0,369,261
43826,0,378,261
43827,0,450,261
43828,0,451,261
43829,0,452,261
43830,0,453,261
43831,0,454,261
43832,0,455,261
43833,0,456,261
43834,0,457,261
43835,0,458,261
43836,0,459,261
43837,0,460,261
43838,0,461,261
43839,0,462,261
43840,0,463,261
43841,0,464,261
43842,0,465,261
43843,0,466,261
43844,0,467,261
43845,0,468,261
43846,0,469,261
43847,0,470,261
43848,0,471,261
43849,0,472,261
43850,0,473,261
43851,0,474,261
43852,0,475,261
43853,0,476,261
43854,0,477,261
43855,0,478,261
43856,0,479,261
43857,0,480,261
43858,0,481,261
43859,0,482,261
43860,0,483,261
43861,0,484,261
43862,0,485,261
43863,0,486,261
43864,0,487,261
43865,0,488,261
43866,0,489,261
43867,0,490,261
43868,0,491,261
43869,0,492,261
43870,0,493,261
43871,0,494,261
43872,0,495,261
43873,0,496,261
43874,0,497,261
43875,0,82,262
43876,0,83,262
43877,0,84,262
43878,0,85,262
43879,0,86,262
43880,0,87,262
43881,0,88,262
43882,0,89,262
43883,0,90,262
43884,0,91,262
43885,0,92,262
43886,0,93,262
43887,0,94,262
43888,0,95,262
43889,0,96,262
43890,0,97,262
43891,0,98,262
43892,0,99,262
43893,0,100,262
43894,0,101,262
43895,0,102,262
43896,0,103,262
43897,0,104,262
43898,0,105,262
43899,0,106,262
43900,0,107,262
43901,0,108,262
43902,0,109,262
43903,0,110,262
43904,0,111,262
43905,0,112,262
43906,0,113,262
43907,0,114,262
43908,0,115,262
43909,0,116,262
43910,0,117,262
43911,0,118,262
43912,0,119,262
43913,0,120,262
43914,0,121,262
43915,0,122,262
43916,0,123,262
43917,0,124,262
43918,0,125,262
43919,0,126,262
43920,0,127,262
43921,0,128,262
43922,0,129,262
43923,0,241,262
43924,0,242,262
43925,0,243,262
43926,0,244,262
43927,0,245,262
43928,0,246,262
43929,0,247,262
43930,0,248,262
43931,0,249,262
43932,0,250,262
43933,0,251,262
43934,0,252,262
43935,0,253,262
43936,0,254,262
43937,0,255,262
43938,0,256,262
43939,0,257,262
43940,0,258,262
43941,0,354,262
43942,0,355,262
43943,0,356,262
43944,0,357,262
43945,0,358,262
43946,0,359,262
43947,0,360,262
43948,0,361,262
43949,0,362,262
43950,0,363,262
43951,0,364,262
43952,0,365,262
43953,0,366,262
43954,0,367,262
43955,0,368,262
43956,0,369,262
43957,0,450,262
43958,0,451,262
43959,0,452,262
43960,0,453,262
43961,0,454,262
43962,0,455,262
43963,0,456,262
43964,0,457,262
43965,0,458,262
43966,0,459,262
43967,0,460,262
43968,0,461,262
43969,0,462,262
43970,0,463,262
43971,0,464,262
43972,0,465,262
43973,0,466,262
43974,0,467,262
43975,0,468,262
43976,0,469,262
43977,0,470,262
43978,0,471,262
43979,0,472,262
43980,0,473,262
43981,0,474,262
43982,0,475,262
43983,0,476,262
43984,0,477,262
43985,0,478,262
43986,0,479,262
43987,0,480,262
43988,0,481,262
43989,0,482,262
43990,0,483,262
43991,0,484,262
43992,0,485,262
43993,0,486,262
43994,0,487,262
43995,0,488,262
43996,0,489,262
43997,0,490,262
43998,0,491,262
43999,0,492,262
44000,0,493,262
44001,0,494,262
44002,0,495,262
44003,0,496,262
44004,0,497,262
44005,0,82,263
44006,0,83,263
44007,0,84,263
44008,0,85,263
44009,0,86,263
44010,0,87,263
44011,0,88,263
44012,0,89,263
44013,0,90,263
44014,0,91,263
44015,0,92,263
44016,0,93,263
44017,0,94,263
44018,0,95,263
44019,0,96,263
44020,0,97,263
44021,0,98,263
44022,0,99,263
44023,0,100,263
44024,0,101,263
44025,0,102,263
44026,0,103,263
44027,0,104,263
44028,0,105,263
44029,0,106,263
44030,0,107,263
44031,0,108,263
44032,0,109,263
44033,0,110,263
44034,0,111,263
44035,0,112,263
44036,0,113,263
44037,0,114,263
44038,0,115,263
44039,0,116,263
44040,0,117,263
44041,0,118,263
44042,0,119,263
44043,0,120,263
44044,0,121,263
44045,0,122,263
44046,0,123,263
44047,0,124,263
44048,0,125,263
44049,0,126,263
44050,0,127,263
44051,0,128,263
44052,0,129,263
44053,0,241,263
44054,0,242,263
44055,0,243,263
44056,0,244,263
44057,0,245,263
44058,0,246,263
44059,0,247,263
44060,0,248,263
44061,0,249,263
44062,0,250,263
44063,0,251,263
44064,0,252,263
44065,0,253,263
44066,0,254,263
44067,0,255,263
44068,0,256,263
44069,0,257,263
44070,0,258,263
44071,0,354,263
44072,0,355,263
44073,0,356,263
44074,0,357,263
44075,0,358,263
44076,0,359,263
44077,0,360,263
44078,0,361,263
44079,0,362,263
44080,0,363,263
44081,0,364,263
44082,0,365,263
44083,0,366,263
44084,0,367,263
44085,0,368,263
44086,0,369,263
44087,0,450,263
44088,0,451,263
44089,0,452,263
44090,0,453,263
44091,0,454,263
44092,0,455,263
44093,0,456,263
44094,0,457,263
44095,0,458,263
44096,0,459,263
44097,0,460,263
44098,0,461,263
44099,0,462,263
44100,0,463,263
44101,0,464,263
44102,0,465,263
44103,0,466,263
44104,0,467,263
44105,0,468,263
44106,0,469,263
44107,0,470,263
44108,0,471,263
44109,0,472,263
44110,0,473,263
44111,0,474,263
44112,0,475,263
44113,0,476,263
44114,0,477,263
44115,0,478,263
44116,0,479,263
44117,0,480,263
44118,0,481,263
44119,0,482,263
44120,0,483,263
44121,0,484,263
44122,0,485,263
44123,0,486,263
44124,0,487,263
44125,0,488,263
44126,0,489,263
44127,0,490,263
44128,0,491,263
44129,0,492,263
44130,0,493,263
44131,0,494,263
44132,0,495,263
44133,0,496,263
44134,0,497,263
44135,0,82,264
44136,0,83,264
44137,0,84,264
44138,0,85,264
44139,0,86,264
44140,0,87,264
44141,0,88,264
44142,0,89,264
44143,0,90,264
44144,0,91,264
44145,0,92,264
44146,0,93,264
44147,0,94,264
44148,0,95,264
44149,0,96,264
44150,0,97,264
44151,0,98,264
44152,0,99,264
44153,0,100,264
44154,0,101,264
44155,0,102,264
44156,0,103,264
44157,0,104,264
44158,0,105,264
44159,0,106,264
44160,0,107,264
44161,0,108,264
44162,0,109,264
44163,0,110,264
44164,0,111,264
44165,0,112,264
44166,0,113,264
44167,0,114,264
44168,0,115,264
44169,0,116,264
44170,0,117,264
44171,0,118,264
44172,0,119,264
44173,0,120,264
44174,0,121,264
44175,0,122,264
44176,0,123,264
44177,0,124,264
44178,0,125,264
44179,0,126,264
44180,0,127,264
44181,0,128,264
44182,0,129,264
44183,0,241,264
44184,0,242,264
44185,0,243,264
44186,0,244,264
44187,0,245,264
44188,0,246,264
44189,0,247,264
44190,0,248,264
44191,0,249,264
44192,0,250,264
44193,0,251,264
44194,0,252,264
44195,0,253,264
44196,0,254,264
44197,0,255,264
44198,0,256,264
44199,0,257,264
44200,0,258,264
44201,0,354,264
44202,0,355,264
44203,0,356,264
44204,0,357,264
44205,0,358,264
44206,0,359,264
44207,0,360,264
44208,0,361,264
44209,0,362,264
44210,0,363,264
44211,0,364,264
44212,0,365,264
44213,0,366,264
44214,0,367,264
44215,0,368,264
44216,0,369,264
44217,0,450,264
44218,0,451,264
44219,0,452,264
44220,0,453,264
44221,0,454,264
44222,0,455,264
44223,0,456,264
44224,0,457,264
44225,0,458,264
44226,0,459,264
44227,0,460,264
44228,0,461,264
44229,0,462,264
44230,0,463,264
44231,0,464,264
44232,0,465,264
44233,0,466,264
44234,0,467,264
44235,0,468,264
44236,0,469,264
44237,0,470,264
44238,0,471,264
44239,0,472,264
44240,0,473,264
44241,0,474,264
44242,0,475,264
44243,0,476,264
44244,0,477,264
44245,0,478,264
44246,0,479,264
44247,0,480,264
44248,0,481,264
44249,0,482,264
44250,0,483,264
44251,0,484,264
44252,0,485,264
44253,0,486,264
44254,0,487,264
44255,0,488,264
44256,0,489,264
44257,0,490,264
44258,0,491,264
44259,0,492,264
44260,0,493,264
44261,0,494,264
44262,0,495,264
44263,0,496,264
44264,0,497,264
44265,0,82,265
44266,0,83,265
44267,0,84,265
44268,0,85,265
44269,0,86,265
44270,0,87,265
44271,0,88,265
44272,0,89,265
44273,0,90,265
44274,0,91,265
44275,0,92,265
44276,0,93,265
44277,0,94,265
44278,0,95,265
44279,0,96,265
44280,0,97,265
44281,0,98,265
44282,0,99,265
44283,0,100,265
44284,0,101,265
44285,0,102,265
44286,0,103,265
44287,0,104,265
44288,0,105,265
44289,0,106,265
44290,0,107,265
44291,0,108,265
44292,0,109,265
44293,0,110,265
44294,0,111,265
44295,0,112,265
44296,0,113,265
44297,0,114,265
44298,0,115,265
44299,0,116,265
44300,0,117,265
44301,0,118,265
44302,0,119,265
44303,0,120,265
44304,0,121,265
44305,0,122,265
44306,0,123,265
44307,0,124,265
44308,0,125,265
44309,0,126,265
44310,0,127,265
44311,0,128,265
44312,0,129,265
44313,0,241,265
44314,0,242,265
44315,0,243,265
44316,0,244,265
44317,0,245,265
44318,0,246,265
44319,0,247,265
44320,0,248,265
44321,0,249,265
44322,0,250,265
44323,0,251,265
44324,0,252,265
44325,0,253,265
44326,0,254,265
44327,0,255,265
44328,0,256,265
44329,0,257,265
44330,0,258,265
44331,0,354,265
44332,0,355,265
44333,0,356,265
44334,0,357,265
44335,0,358,265
44336,0,359,265
44337,0,360,265
44338,0,361,265
44339,0,362,265
44340,0,363,265
44341,0,364,265
44342,0,365,265
44343,0,366,265
44344,0,367,265
44345,0,368,265
44346,0,369,265
44347,0,450,265
44348,0,451,265
44349,0,452,265
44350,0,453,265
44351,0,454,265
44352,0,455,265
44353,0,456,265
44354,0,457,265
44355,0,458,265
44356,0,459,265
44357,0,460,265
44358,0,461,265
44359,0,462,265
44360,0,463,265
44361,0,464,265
44362,0,465,265
44363,0,466,265
44364,0,467,265
44365,0,468,265
44366,0,469,265
44367,0,470,265
44368,0,471,265
44369,0,472,265
44370,0,473,265
44371,0,474,265
44372,0,475,265
44373,0,476,265
44374,0,477,265
44375,0,478,265
44376,0,479,265
44377,0,480,265
44378,0,481,265
44379,0,482,265
44380,0,483,265
44381,0,484,265
44382,0,485,265
44383,0,486,265
44384,0,487,265
44385,0,488,265
44386,0,489,265
44387,0,490,265
44388,0,491,265
44389,0,492,265
44390,0,493,265
44391,0,494,265
44392,0,495,265
44393,0,496,265
44394,0,497,265
44395,0,82,266
44396,0,83,266
44397,0,84,266
44398,0,85,266
44399,0,86,266
44400,0,87,266
44401,0,88,266
44402,0,89,266
44403,0,90,266
44404,0,91,266
44405,0,92,266
44406,0,93,266
44407,0,94,266
44408,0,95,266
44409,0,96,266
44410,0,97,266
44411,0,98,266
44412,0,99,266
44413,0,100,266
44414,0,101,266
44415,0,102,266
44416,0,103,266
44417,0,104,266
44418,0,105,266
44419,0,106,266
44420,0,107,266
44421,0,108,266
44422,0,109,266
44423,0,110,266
44424,0,111,266
44425,0,112,266
44426,0,113,266
44427,0,114,266
44428,0,115,266
44429,0,116,266
44430,0,117,266
44431,0,118,266
44432,0,119,266
44433,0,120,266
44434,0,121,266
44435,0,122,266
44436,0,123,266
44437,0,124,266
44438,0,125,266
44439,0,126,266
44440,0,127,266
44441,0,128,266
44442,0,129,266
44443,0,241,266
44444,0,242,266
44445,0,243,266
44446,0,244,266
44447,0,245,266
44448,0,246,266
44449,0,247,266
44450,0,248,266
44451,0,249,266
44452,0,250,266
44453,0,251,266
44454,0,252,266
44455,0,253,266
44456,0,254,266
44457,0,255,266
44458,0,256,266
44459,0,257,266
44460,0,258,266
44461,0,354,266
44462,0,355,266
44463,0,356,266
44464,0,357,266
44465,0,358,266
44466,0,359,266
44467,0,360,266
44468,0,361,266
44469,0,362,266
44470,0,363,266
44471,0,364,266
44472,0,365,266
44473,0,366,266
44474,0,367,266
44475,0,368,266
44476,0,369,266
44477,0,450,266
44478,0,451,266
44479,0,452,266
44480,0,453,266
44481,0,454,266
44482,0,455,266
44483,0,456,266
44484,0,457,266
44485,0,458,266
44486,0,459,266
44487,0,460,266
44488,0,461,266
44489,0,462,266
44490,0,463,266
44491,0,464,266
44492,0,465,266
44493,0,466,266
44494,0,467,266
44495,0,468,266
44496,0,469,266
44497,0,470,266
44498,0,471,266
44499,0,472,266
44500,0,473,266
44501,0,474,266
44502,0,475,266
44503,0,476,266
44504,0,477,266
44505,0,478,266
44506,0,479,266
44507,0,480,266
44508,0,481,266
44509,0,482,266
44510,0,483,266
44511,0,484,266
44512,0,485,266
44513,0,486,266
44514,0,487,266
44515,0,488,266
44516,0,489,266
44517,0,490,266
44518,0,491,266
44519,0,492,266
44520,0,493,266
44521,0,494,266
44522,0,495,266
44523,0,496,266
44524,0,497,266
44525,0,82,267
44526,0,83,267
44527,0,84,267
44528,0,85,267
44529,0,86,267
44530,0,87,267
44531,0,88,267
44532,0,89,267
44533,0,90,267
44534,0,91,267
44535,0,92,267
44536,0,93,267
44537,0,94,267
44538,0,95,267
44539,0,96,267
44540,0,97,267
44541,0,98,267
44542,0,99,267
44543,0,100,267
44544,0,101,267
44545,0,102,267
44546,0,103,267
44547,0,104,267
44548,0,105,267
44549,0,106,267
44550,0,107,267
44551,0,108,267
44552,0,109,267
44553,0,110,267
44554,0,111,267
44555,0,112,267
44556,0,113,267
44557,0,114,267
44558,0,115,267
44559,0,116,267
44560,0,117,267
44561,0,118,267
44562,0,119,267
44563,0,120,267
44564,0,121,267
44565,0,122,267
44566,0,123,267
44567,0,124,267
44568,0,125,267
44569,0,126,267
44570,0,127,267
44571,0,128,267
44572,0,129,267
44573,0,241,267
44574,0,242,267
44575,0,243,267
44576,0,244,267
44577,0,245,267
44578,0,246,267
44579,0,247,267
44580,0,248,267
44581,0,249,267
44582,0,250,267
44583,0,251,267
44584,0,252,267
44585,0,253,267
44586,0,254,267
44587,0,255,267
44588,0,256,267
44589,0,257,267
44590,0,258,267
44591,0,354,267
44592,0,355,267
44593,0,356,267
44594,0,357,267
44595,0,358,267
44596,0,359,267
44597,0,360,267
44598,0,361,267
44599,0,362,267
44600,0,363,267
44601,0,364,267
44602,0,365,267
44603,0,366,267
44604,0,367,267
44605,0,368,267
44606,0,369,267
44607,0,450,267
44608,0,451,267
44609,0,452,267
44610,0,453,267
44611,0,454,267
44612,0,455,267
44613,0,456,267
44614,0,457,267
44615,0,458,267
44616,0,459,267
44617,0,460,267
44618,0,461,267
44619,0,462,267
44620,0,463,267
44621,0,464,267
44622,0,465,267
44623,0,466,267
44624,0,467,267
44625,0,468,267
44626,0,469,267
44627,0,470,267
44628,0,471,267
44629,0,472,267
44630,0,473,267
44631,0,474,267
44632,0,475,267
44633,0,476,267
44634,0,477,267
44635,0,478,267
44636,0,479,267
44637,0,480,267
44638,0,481,267
44639,0,482,267
44640,0,483,267
44641,0,484,267
44642,0,485,267
44643,0,486,267
44644,0,487,267
44645,0,488,267
44646,0,489,267
44647,0,490,267
44648,0,491,267
44649,0,492,267
44650,0,493,267
44651,0,494,267
44652,0,495,267
44653,0,496,267
44654,0,497,267
44655,0,82,268
44656,0,83,268
44657,0,84,268
44658,0,85,268
44659,0,86,268
44660,0,87,268
44661,0,88,268
44662,0,89,268
44663,0,90,268
44664,0,91,268
44665,0,92,268
44666,0,93,268
44667,0,94,268
44668,0,95,268
44669,0,96,268
44670,0,97,268
44671,0,98,268
44672,0,99,268
44673,0,100,268
44674,0,101,268
44675,0,102,268
44676,0,103,268
44677,0,104,268
44678,0,105,268
44679,0,106,268
44680,0,107,268
44681,0,108,268
44682,0,109,268
44683,0,110,268
44684,0,111,268
44685,0,112,268
44686,0,113,268
44687,0,114,268
44688,0,115,268
44689,0,116,268
44690,0,117,268
44691,0,118,268
44692,0,119,268
44693,0,120,268
44694,0,121,268
44695,0,122,268
44696,0,123,268
44697,0,124,268
44698,0,125,268
44699,0,126,268
44700,0,127,268
44701,0,128,268
44702,0,129,268
44703,0,241,268
44704,0,242,268
44705,0,243,268
44706,0,244,268
44707,0,245,268
44708,0,246,268
44709,0,247,268
44710,0,248,268
44711,0,249,268
44712,0,250,268
44713,0,251,268
44714,0,252,268
44715,0,253,268
44716,0,254,268
44717,0,255,268
44718,0,256,268
44719,0,257,268
44720,0,258,268
44721,0,354,268
44722,0,355,268
44723,0,356,268
44724,0,357,268
44725,0,358,268
44726,0,359,268
44727,0,360,268
44728,0,361,268
44729,0,362,268
44730,0,363,268
44731,0,364,268
44732,0,365,268
44733,0,366,268
44734,0,367,268
44735,0,368,268
44736,0,369,268
44737,0,450,268
44738,0,451,268
44739,0,452,268
44740,0,453,268
44741,0,454,268
44742,0,455,268
44743,0,456,268
44744,0,457,268
44745,0,458,268
44746,0,459,268
44747,0,460,268
44748,0,461,268
44749,0,462,268
44750,0,463,268
44751,0,464,268
44752,0,465,268
44753,0,466,268
44754,0,467,268
44755,0,468,268
44756,0,469,268
44757,0,470,268
44758,0,471,268
44759,0,472,268
44760,0,473,268
44761,0,474,268
44762,0,475,268
44763,0,476,268
44764,0,477,268
44765,0,478,268
44766,0,479,268
44767,0,480,268
44768,0,481,268
44769,0,482,268
44770,0,483,268
44771,0,484,268
44772,0,485,268
44773,0,486,268
44774,0,487,268
44775,0,488,268
44776,0,489,268
44777,0,490,268
44778,0,491,268
44779,0,492,268
44780,0,493,268
44781,0,494,268
44782,0,495,268
44783,0,496,268
44784,0,497,268
44785,0,82,269
44786,0,83,269
44787,0,84,269
44788,0,85,269
44789,0,86,269
44790,0,87,269
44791,0,88,269
44792,0,89,269
44793,0,90,269
44794,0,91,269
44795,0,92,269
44796,0,93,269
44797,0,94,269
44798,0,95,269
44799,0,96,269
44800,0,97,269
44801,0,98,269
44802,0,99,269
44803,0,100,269
44804,0,101,269
44805,0,102,269
44806,0,103,269
44807,0,104,269
44808,0,105,269
44809,0,106,269
44810,0,107,269
44811,0,108,269
44812,0,109,269
44813,0,110,269
44814,0,111,269
44815,0,112,269
44816,0,113,269
44817,0,114,269
44818,0,115,269
44819,0,116,269
44820,0,117,269
44821,0,118,269
44822,0,119,269
44823,0,120,269
44824,0,121,269
44825,0,122,269
44826,0,123,269
44827,0,124,269
44828,0,125,269
44829,0,126,269
44830,0,127,269
44831,0,128,269
44832,0,129,269
44833,0,241,269
44834,0,242,269
44835,0,243,269
44836,0,244,269
44837,0,245,269
44838,0,246,269
44839,0,247,269
44840,0,248,269
44841,0,249,269
44842,0,250,269
44843,0,251,269
44844,0,252,269
44845,0,253,269
44846,0,254,269
44847,0,255,269
44848,0,256,269
44849,0,257,269
44850,0,258,269
44851,0,354,269
44852,0,355,269
44853,0,356,269
44854,0,357,269
44855,0,358,269
44856,0,359,269
44857,0,360,269
44858,0,361,269
44859,0,362,269
44860,0,363,269
44861,0,364,269
44862,0,365,269
44863,0,366,269
44864,0,367,269
44865,0,368,269
44866,0,369,269
44867,0,450,269
44868,0,451,269
44869,0,452,269
44870,0,453,269
44871,0,454,269
44872,0,455,269
44873,0,456,269
44874,0,457,269
44875,0,458,269
44876,0,459,269
44877,0,460,269
44878,0,461,269
44879,0,462,269
44880,0,463,269
44881,0,464,269
44882,0,465,269
44883,0,466,269
44884,0,467,269
44885,0,468,269
44886,0,469,269
44887,0,470,269
44888,0,471,269
44889,0,472,269
44890,0,473,269
44891,0,474,269
44892,0,475,269
44893,0,476,269
44894,0,477,269
44895,0,478,269
44896,0,479,269
44897,0,480,269
44898,0,481,269
44899,0,482,269
44900,0,483,269
44901,0,484,269
44902,0,485,269
44903,0,486,269
44904,0,487,269
44905,0,488,269
44906,0,489,269
44907,0,490,269
44908,0,491,269
44909,0,492,269
44910,0,493,269
44911,0,494,269
44912,0,495,269
44913,0,496,269
44914,0,497,269
44915,0,82,270
44916,0,83,270
44917,0,84,270
44918,0,85,270
44919,0,86,270
44920,0,87,270
44921,0,88,270
44922,0,89,270
44923,0,90,270
44924,0,91,270
44925,0,92,270
44926,0,93,270
44927,0,94,270
44928,0,95,270
44929,0,96,270
44930,0,97,270
44931,0,98,270
44932,0,99,270
44933,0,100,270
44934,0,101,270
44935,0,102,270
44936,0,103,270
44937,0,104,270
44938,0,105,270
44939,0,106,270
44940,0,107,270
44941,0,108,270
44942,0,109,270
44943,0,110,270
44944,0,111,270
44945,0,112,270
44946,0,113,270
44947,0,114,270
44948,0,115,270
44949,0,116,270
44950,0,117,270
44951,0,118,270
44952,0,119,270
44953,0,120,270
44954,0,121,270
44955,0,122,270
44956,0,123,270
44957,0,124,270
44958,0,125,270
44959,0,126,270
44960,0,127,270
44961,0,128,270
44962,0,129,270
44963,0,241,270
44964,0,242,270
44965,0,243,270
44966,0,244,270
44967,0,245,270
44968,0,246,270
44969,0,247,270
44970,0,248,270
44971,0,249,270
44972,0,250,270
44973,0,251,270
44974,0,252,270
44975,0,253,270
44976,0,254,270
44977,0,255,270
44978,0,256,270
44979,0,257,270
44980,0,258,270
44981,0,354,270
44982,0,355,270
44983,0,356,270
44984,0,357,270
44985,0,358,270
44986,0,359,270
44987,0,360,270
44988,0,361,270
44989,0,362,270
44990,0,363,270
44991,0,364,270
44992,0,365,270
44993,0,366,270
44994,0,367,270
44995,0,368,270
44996,0,369,270
44997,0,450,270
44998,0,451,270
44999,0,452,270
45000,0,453,270
45001,0,454,270
45002,0,455,270
45003,0,456,270
45004,0,457,270
45005,0,458,270
45006,0,459,270
45007,0,460,270
45008,0,461,270
45009,0,462,270
45010,0,463,270
45011,0,464,270
45012,0,465,270
45013,0,466,270
45014,0,467,270
45015,0,468,270
45016,0,469,270
45017,0,470,270
45018,0,471,270
45019,0,472,270
45020,0,473,270
45021,0,474,270
45022,0,475,270
45023,0,476,270
45024,0,477,270
45025,0,478,270
45026,0,479,270
45027,0,480,270
45028,0,481,270
45029,0,482,270
45030,0,483,270
45031,0,484,270
45032,0,485,270
45033,0,486,270
45034,0,487,270
45035,0,488,270
45036,0,489,270
45037,0,490,270
45038,0,491,270
45039,0,492,270
45040,0,493,270
45041,0,494,270
45042,0,495,270
45043,0,496,270
45044,0,497,270
45045,0,82,271
45046,0,83,271
45047,0,84,271
45048,0,85,271
45049,0,86,271
45050,0,87,271
45051,0,88,271
45052,0,89,271
45053,0,90,271
45054,0,91,271
45055,0,92,271
45056,0,93,271
45057,0,94,271
45058,0,95,271
45059,0,96,271
45060,0,97,271
45061,0,98,271
45062,0,99,271
45063,0,100,271
45064,0,101,271
45065,0,102,271
45066,0,103,271
45067,0,104,271
45068,0,105,271
45069,0,106,271
45070,0,107,271
45071,0,108,271
45072,0,109,271
45073,0,110,271
45074,0,111,271
45075,0,112,271
45076,0,113,271
45077,0,114,271
45078,0,115,271
45079,0,116,271
45080,0,117,271
45081,0,118,271
45082,0,119,271
45083,0,120,271
45084,0,121,271
45085,0,122,271
45086,0,123,271
45087,0,124,271
45088,0,125,271
45089,0,126,271
45090,0,127,271
45091,0,128,271
45092,0,129,271
45093,0,241,271
45094,0,242,271
45095,0,243,271
45096,0,244,271
45097,0,245,271
45098,0,246,271
45099,0,247,271
45100,0,248,271
45101,0,249,271
45102,0,250,271
45103,0,251,271
45104,0,252,271
45105,0,253,271
45106,0,254,271
45107,0,255,271
45108,0,256,271
45109,0,257,271
45110,0,258,271
45111,0,341,271
45112,0,342,271
45113,0,348,271
45114,0,354,271
45115,0,355,271
45116,0,356,271
45117,0,357,271
45118,0,358,271
45119,0,359,271
45120,0,360,271
45121,0,361,271
45122,0,362,271
45123,0,363,271
45124,0,364,271
45125,0,365,271
45126,0,366,271
45127,0,367,271
45128,0,368,271
45129,0,369,271
45130,0,450,271
45131,0,451,271
45132,0,452,271
45133,0,453,271
45134,0,454,271
45135,0,455,271
45136,0,456,271
45137,0,457,271
45138,0,458,271
45139,0,459,271
45140,0,460,271
45141,0,461,271
45142,0,462,271
45143,0,463,271
45144,0,464,271
45145,0,465,271
45146,0,466,271
45147,0,467,271
45148,0,468,271
45149,0,469,271
45150,0,470,271
45151,0,471,271
45152,0,472,271
45153,0,473,271
45154,0,474,271
45155,0,475,271
45156,0,476,271
45157,0,477,271
45158,0,478,271
45159,0,479,271
45160,0,480,271
45161,0,481,271
45162,0,482,271
45163,0,483,271
45164,0,484,271
45165,0,485,271
45166,0,486,271
45167,0,487,271
45168,0,488,271
45169,0,489,271
45170,0,490,271
45171,0,491,271
45172,0,492,271
45173,0,493,271
45174,0,494,271
45175,0,495,271
45176,0,496,271
45177,0,497,271
45178,0,82,272
45179,0,83,272
45180,0,84,272
45181,0,85,272
45182,0,86,272
45183,0,87,272
45184,0,88,272
45185,0,89,272
45186,0,90,272
45187,0,91,272
45188,0,92,272
45189,0,93,272
45190,0,94,272
45191,0,95,272
45192,0,96,272
45193,0,97,272
45194,0,98,272
45195,0,99,272
45196,0,100,272
45197,0,101,272
45198,0,102,272
45199,0,103,272
45200,0,104,272
45201,0,105,272
45202,0,106,272
45203,0,107,272
45204,0,108,272
45205,0,109,272
45206,0,110,272
45207,0,111,272
45208,0,112,272
45209,0,113,272
45210,0,114,272
45211,0,115,272
45212,0,116,272
45213,0,117,272
45214,0,118,272
45215,0,119,272
45216,0,120,272
45217,0,121,272
45218,0,122,272
45219,0,123,272
45220,0,124,272
45221,0,125,272
45222,0,126,272
45223,0,127,272
45224,0,128,272
45225,0,129,272
45226,0,198,272
45227,0,242,272
45228,0,243,272
45229,0,244,272
45230,0,245,272
45231,0,246,272
45232,0,247,272
45233,0,248,272
45234,0,249,272
45235,0,250,272
45236,0,251,272
45237,0,252,272
45238,0,253,272
45239,0,254,272
45240,0,255,272
45241,0,256,272
45242,0,257,272
45243,0,288,272
45244,0,289,272
45245,0,290,272
45246,0,291,272
45247,0,292,272
45248,0,293,272
45249,0,340,272
45250,0,341,272
45251,0,342,272
45252,0,343,272
45253,0,344,272
45254,0,345,272
45255,0,346,272
45256,0,347,272
45257,0,348,272
45258,0,349,272
45259,0,350,272
45260,0,351,272
45261,0,354,272
45262,0,355,272
45263,0,356,272
45264,0,357,272
45265,0,358,272
45266,0,359,272
45267,0,360,272
45268,0,361,272
45269,0,362,272
45270,0,363,272
45271,0,364,272
45272,0,365,272
45273,0,366,272
45274,0,367,272
45275,0,368,272
45276,0,369,272
45277,0,450,272
45278,0,451,272
45279,0,452,272
45280,0,453,272
45281,0,454,272
45282,0,455,272
45283,0,456,272
45284,0,457,272
45285,0,458,272
45286,0,459,272
45287,0,460,272
45288,0,461,272
45289,0,462,272
45290,0,463,272
45291,0,464,272
45292,0,465,272
45293,0,466,272
45294,0,467,272
45295,0,468,272
45296,0,469,272
45297,0,470,272
45298,0,471,272
45299,0,472,272
45300,0,473,272
45301,0,474,272
45302,0,475,272
45303,0,476,272
45304,0,477,272
45305,0,478,272
45306,0,479,272
45307,0,480,272
45308,0,481,272
45309,0,482,272
45310,0,483,272
45311,0,484,272
45312,0,485,272
45313,0,486,272
45314,0,487,272
45315,0,488,272
45316,0,489,272
45317,0,490,272
45318,0,491,272
45319,0,492,272
45320,0,493,272
45321,0,494,272
45322,0,495,272
45323,0,496,272
45324,0,497,272
45325,0,194,273
45326,0,195,273
45327,0,196,273
45328,0,197,273
45329,0,198,273
45330,0,199,273
45331,0,200,273
45332,0,201,273
45333,0,202,273
45334,0,203,273
45335,0,204,273
45336,0,205,273
45337,0,206,273
45338,0,208,273
45339,0,209,273
45340,0,210,273
45341,0,211,273
45342,0,212,273
45343,0,213,273
45344,0,214,273
45345,0,215,273
45346,0,216,273
45347,0,217,273
45348,0,218,273
45349,0,219,273
45350,0,220,273
45351,0,221,273
45352,0,222,273
45353,0,223,273
45354,0,224,273
45355,0,225,273
45356,0,226,273
45357,0,227,273
45358,0,228,273
45359,0,229,273
45360,0,230,273
45361,0,231,273
45362,0,232,273
45363,0,233,273
45364,0,234,273
45365,0,235,273
45366,0,236,273
45367,0,237,273
45368,0,238,273
45369,0,239,273
45370,0,240,273
45371,0,241,273
45372,0,242,273
45373,0,243,273
45374,0,244,273
45375,0,245,273
45376,0,246,273
45377,0,247,273
45378,0,248,273
45379,0,249,273
45380,0,250,273
45381,0,251,273
45382,0,252,273
45383,0,253,273
45384,0,254,273
45385,0,255,273
45386,0,256,273
45387,0,257,273
45388,0,258,273
45389,0,259,273
45390,0,260,273
45391,0,261,273
45392,0,262,273
45393,0,263,273
45394,0,264,273
45395,0,265,273
45396,0,266,273
45397,0,267,273
45398,0,268,273
45399,0,269,273
45400,0,270,273
45401,0,271,273
45402,0,272,273
45403,0,273,273
45404,0,274,273
45405,0,275,273
45406,0,276,273
45407,0,277,273
45408,0,278,273
45409,0,279,273
45410,0,280,273
45411,0,281,273
45412,0,282,273
45413,0,283,273
45414,0,284,273
45415,0,285,273
45416,0,286,273
45417,0,287,273
45418,0,288,273
45419,0,289,273
45420,0,290,273
45421,0,291,273
45422,0,292,273
45423,0,293,273
45424,0,294,273
45425,0,295,273
45426,0,296,273
45427,0,297,273
45428,0,298,273
45429,0,299,273
45430,0,300,273
45431,0,301,273
45432,0,302,273
45433,0,303,273
45434,0,304,273
45435,0,305,273
45436,0,338,273
45437,0,339,273
45438,0,340,273
45439,0,341,273
45440,0,342,273
45441,0,343,273
45442,0,344,273
45443,0,345,273
45444,0,346,273
45445,0,347,273
45446,0,348,273
45447,0,349,273
45448,0,350,273
45449,0,351,273
45450,0,352,273
45451,0,353,273
45452,0,354,273
45453,0,355,273
45454,0,356,273
45455,0,357,273
45456,0,358,273
45457,0,359,273
45458,0,360,273
45459,0,361,273
45460,0,362,273
45461,0,363,273
45462,0,364,273
45463,0,365,273
45464,0,366,273
45465,0,367,273
45466,0,368,273
45467,0,369,273
45468,0,450,273
45469,0,451,273
45470,0,452,273
45471,0,453,273
45472,0,454,273
45473,0,455,273
45474,0,456,273
45475,0,457,273
45476,0,458,273
45477,0,459,273
45478,0,460,273
45479,0,461,273
45480,0,462,273
45481,0,463,273
45482,0,464,273
45483,0,465,273
45484,0,466,273
45485,0,467,273
45486,0,468,273
45487,0,469,273
45488,0,470,273
45489,0,471,273
45490,0,472,273
45491,0,473,273
45492,0,474,273
45493,0,475,273
45494,0,476,273
45495,0,477,273
45496,0,478,273
45497,0,479,273
45498,0,480,273
45499,0,481,273
45500,0,482,273
45501,0,483,273
45502,0,484,273
45503,0,485,273
45504,0,486,273
45505,0,487,273
45506,0,488,273
45507,0,489,273
45508,0,490,273
45509,0,491,273
45510,0,492,273
45511,0,493,273
45512,0,494,273
45513,0,495,273
45514,0,496,273
45515,0,497,273
45516,0,193,274
45517,0,194,274
45518,0,195,274
45519,0,196,274
45520,0,197,274
45521,0,198,274
45522,0,199,274
45523,0,200,274
45524,0,201,274
45525,0,202,274
45526,0,203,274
45527,0,204,274
45528,0,205,274
45529,0,206,274
45530,0,207,274
45531,0,208,274
45532,0,209,274
45533,0,210,274
45534,0,211,274
45535,0,212,274
45536,0,213,274
45537,0,214,274
45538,0,215,274
45539,0,216,274
45540,0,217,274
45541,0,218,274
45542,0,219,274
45543,0,220,274
45544,0,221,274
45545,0,222,274
45546,0,223,274
45547,0,224,274
45548,0,225,274
45549,0,226,274
45550,0,227,274
45551,0,228,274
45552,0,229,274
45553,0,230,274
45554,0,231,274
45555,0,232,274
45556,0,233,274
45557,0,234,274
45558,0,235,274
45559,0,236,274
45560,0,237,274
45561,0,238,274
45562,0,239,274
45563,0,240,274
45564,0,241,274
45565,0,242,274
45566,0,243,274
45567,0,244,274
45568,0,245,274
45569,0,246,274
45570,0,247,274
45571,0,248,274
45572,0,249,274
45573,0,250,274
45574,0,251,274
45575,0,252,274
45576,0,253,274
45577,0,254,274
45578,0,255,274
45579,0,256,274
45580,0,257,274
45581,0,258,274
45582,0,259,274
45583,0,260,274
45584,0,261,274
45585,0,262,274
45586,0,263,274
45587,0,264,274
45588,0,265,274
45589,0,266,274
45590,0,267,274
45591,0,268,274
45592,0,269,274
45593,0,270,274
45594,0,271,274
45595,0,272,274
45596,0,273,274
45597,0,274,274
45598,0,275,274
45599,0,276,274
45600,0,277,274
45601,0,278,274
45602,0,279,274
45603,0,280,274
45604,0,281,274
45605,0,282,274
45606,0,283,274
45607,0,284,274
45608,0,285,274
45609,0,286,274
45610,0,287,274
45611,0,288,274
45612,0,289,274
45613,0,290,274
45614,0,291,274
45615,0,292,274
45616,0,293,274
45617,0,294,274
45618,0,295,274
45619,0,296,274
45620,0,297,274
45621,0,298,274
45622,0,299,274
45623,0,300,274
45624,0,301,274
45625,0,302,274
45626,0,303,274
45627,0,304,274
45628,0,305,274
45629,0,337,274
45630,0,338,274
45631,0,339,274
45632,0,340,274
45633,0,341,274
45634,0,342,274
45635,0,343,274
45636,0,344,274
45637,0,345,274
45638,0,346,274
45639,0,347,274
45640,0,348,274
45641,0,349,274
45642,0,350,274
45643,0,351,274
45644,0,352,274
45645,0,353,274
45646,0,354,274
45647,0,355,274
45648,0,356,274
45649,0,357,274
45650,0,358,274
45651,0,359,274
45652,0,360,274
45653,0,361,274
45654,0,362,274
45655,0,363,274
45656,0,364,274
45657,0,365,274
45658,0,366,274
45659,0,367,274
45660,0,368,274
45661,0,369,274
45662,0,450,274
45663,0,451,274
45664,0,452,274
45665,0,453,274
45666,0,454,274
45667,0,455,274
45668,0,456,274
45669,0,457,274
45670,0,458,274
45671,0,459,274
45672,0,460,274
45673,0,461,274
45674,0,462,274
45675,0,463,274
45676,0,464,274
45677,0,465,274
45678,0,466,274
45679,0,467,274
45680,0,468,274
45681,0,469,274
45682,0,470,274
45683,0,471,274
45684,0,472,274
45685,0,473,274
45686,0,474,274
45687,0,475,274
45688,0,476,274
45689,0,477,274
45690,0,478,274
45691,0,479,274
45692,0,480,274
45693,0,481,274
45694,0,482,274
45695,0,483,274
45696,0,484,274
45697,0,485,274
45698,0,486,274
45699,0,487,274
45700,0,488,274
45701,0,489,274
45702,0,490,274
45703,0,491,274
45704,0,492,274
45705,0,493,274
45706,0,494,274
45707,0,495,274
45708,0,496,274
45709,0,497,274
45710,0,193,275
45711,0,194,275
45712,0,195,275
45713,0,196,275
45714,0,197,275
45715,0,198,275
45716,0,199,275
45717,0,200,275
45718,0,201,275
45719,0,202,275
45720,0,203,275
45721,0,204,275
45722,0,205,275
45723,0,206,275
45724,0,207,275
45725,0,208,275
45726,0,209,275
45727,0,210,275
45728,0,211,275
45729,0,212,275
45730,0,213,275
45731,0,214,275
45732,0,215,275
45733,0,216,275
45734,0,217,275
45735,0,218,275
45736,0,219,275
45737,0,220,275
45738,0,221,275
45739,0,222,275
45740,0,223,275
45741,0,224,275
45742,0,225,275
45743,0,226,275
45744,0,227,275
45745,0,228,275
45746,0,229,275
45747,0,230,275
45748,0,231,275
45749,0,232,275
45750,0,233,275
45751,0,234,275
45752,0,235,275
45753,0,236,275
45754,0,237,275
45755,0,238,275
45756,0,239,275
45757,0,240,275
45758,0,241,275
45759,0,242,275
45760,0,243,275
45761,0,244,275
45762,0,245,275
45763,0,246,275
45764,0,247,275
45765,0,248,275
45766,0,249,275
45767,0,250,275
45768,0,251,275
45769,0,252,275
45770,0,253,275
45771,0,254,275
45772,0,255,275
45773,0,256,275
45774,0,257,275
45775,0,258,275
45776,0,259,275
45777,0,260,275
45778,0,261,275
45779,0,262,275
45780,0,263,275
45781,0,264,275
45782,0,265,275
45783,0,266,275
45784,0,267,275
45785,0,268,275
45786,0,269,275
45787,0,270,275
45788,0,271,275
45789,0,272,275
45790,0,273,275
45791,0,274,275
45792,0,275,275
45793,0,276,275
45794,0,277,275
45795,0,278,275
45796,0,279,275
45797,0,280,275
45798,0,281,275
45799,0,282,275
45800,0,283,275
45801,0,284,275
45802,0,285,275
45803,0,286,275
45804,0,287,275
45805,0,288,275
45806,0,289,275
45807,0,290,275
45808,0,291,275
45809,0,292,275
45810,0,293,275
45811,0,294,275
45812,0,295,275
45813,0,296,275
45814,0,297,275
45815,0,298,275
45816,0,299,275
45817,0,300,275
45818,0,301,275
45819,0,302,275
45820,0,303,275
45821,0,304,275
45822,0,305,275
45823,0,337,275
45824,0,338,275
45825,0,339,275
45826,0,340,275
45827,0,341,275
45828,0,342,275
45829,0,343,275
45830,0,344,275
45831,0,345,275
45832,0,346,275
45833,0,347,275
45834,0,348,275
45835,0,349,275
45836,0,350,275
45837,0,351,275
45838,0,352,275
45839,0,353,275
45840,0,354,275
45841,0,355,275
45842,0,356,275
45843,0,357,275
45844,0,358,275
45845,0,359,275
45846,0,360,275
45847,0,361,275
45848,0,362,275
45849,0,363,275
45850,0,364,275
45851,0,365,275
45852,0,366,275
45853,0,367,275
45854,0,368,275
45855,0,369,275
45856,0,450,275
45857,0,451,275
45858,0,452,275
45859,0,453,275
45860,0,454,275
45861,0,455,275
45862,0,456,275
45863,0,457,275
45864,0,458,275
45865,0,459,275
45866,0,460,275
45867,0,461,275
45868,0,462,275
45869,0,463,275
45870,0,464,275
45871,0,465,275
45872,0,466,275
45873,0,467,275
45874,0,468,275
45875,0,469,275
45876,0,470,275
45877,0,471,275
45878,0,472,275
45879,0,473,275
45880,0,474,275
45881,0,475,275
45882,0,476,275
45883,0,477,275
45884,0,478,275
45885,0,479,275
45886,0,480,275
45887,0,481,275
45888,0,482,275
45889,0,483,275
45890,0,484,275
45891,0,485,275
45892,0,486,275
45893,0,487,275
45894,0,488,275
45895,0,489,275
45896,0,490,275
45897,0,491,275
45898,0,492,275
45899,0,493,275
45900,0,494,275
45901,0,495,275
45902,0,496,275
45903,0,497,275
45904,0,193,276
45905,0,194,276
45906,0,195,276
45907,0,196,276
45908,0,197,276
45909,0,198,276
45910,0,199,276
45911,0,200,276
45912,0,201,276
45913,0,202,276
45914,0,203,276
45915,0,204,276
45916,0,205,276
45917,0,206,276
45918,0,207,276
45919,0,208,276
45920,0,209,276
45921,0,210,276
45922,0,211,276
45923,0,212,276
45924,0,213,276
45925,0,214,276
45926,0,215,276
45927,0,216,276
45928,0,217,276
45929,0,218,276
45930,0,219,276
45931,0,220,276
45932,0,221,276
45933,0,222,276
45934,0,223,276
45935,0,224,276
45936,0,225,276
45937,0,226,276
45938,0,227,276
45939,0,228,276
45940,0,229,276
45941,0,230,276
45942,0,231,276
45943,0,232,276
45944,0,233,276
45945,0,234,276
45946,0,235,276
45947,0,236,276
45948,0,237,276
45949,0,238,276
45950,0,239,276
45951,0,240,276
45952,0,241,276
45953,0,242,276
45954,0,243,276
45955,0,244,276
45956,0,245,276
45957,0,246,276
45958,0,247,276
45959,0,248,276
45960,0,249,276
45961,0,250,276
45962,0,251,276
45963,0,252,276
45964,0,253,276
45965,0,254,276
45966,0,255,276
45967,0,256,276
45968,0,257,276
45969,0,258,276
45970,0,259,276
45971,0,260,276
45972,0,261,276
45973,0,262,276
45974,0,263,276
45975,0,264,276
45976,0,265,276
45977,0,266,276
45978,0,267,276
45979,0,268,276
45980,0,269,276
45981,0,270,276
45982,0,271,276
45983,0,272,276
45984,0,273,276
45985,0,274,276
45986,0,275,276
45987,0,276,276
45988,0,277,276
45989,0,278,276
45990,0,279,276
45991,0,280,276
45992,0,281,276
45993,0,282,276
45994,0,283,276
45995,0,284,276
45996,0,285,276
45997,0,286,276
45998,0,287,276
45999,0,288,276
46000,0,289,276
46001,0,290,276
46002,0,291,276
46003,0,292,276
46004,0,293,276
46005,0,294,276
46006,0,295,276
46007,0,296,276
46008,0,297,276
46009,0,298,276
46010,0,299,276
46011,0,300,276
46012,0,301,276
46013,0,302,276
46014,0,303,276
46015,0,304,276
46016,0,305,276
46017,0,337,276
46018,0,338,276
46019,0,339,276
46020,0,340,276
46021,0,341,276
46022,0,342,276
46023,0,343,276
46024,0,344,276
46025,0,345,276
46026,0,346,276
46027,0,347,276
46028,0,348,276
46029,0,349,276
46030,0,350,276
46031,0,351,276
46032,0,352,276
46033,0,353,276
46034,0,354,276
46035,0,355,276
46036,0,356,276
46037,0,357,276
46038,0,358,276
46039,0,359,276
46040,0,360,276
46041,0,361,276
46042,0,362,276
46043,0,363,276
46044,0,364,276
46045,0,365,276
46046,0,366,276
46047,0,367,276
46048,0,368,276
46049,0,369,276
46050,0,450,276
46051,0,451,276
46052,0,452,276
46053,0,453,276
46054,0,454,276
46055,0,455,276
46056,0,456,276
46057,0,457,276
46058,0,458,276
46059,0,459,276
46060,0,460,276
46061,0,461,276
46062,0,462,276
46063,0,463,276
46064,0,464,276
46065,0,465,276
46066,0,466,276
46067,0,467,276
46068,0,468,276
46069,0,469,276
46070,0,470,276
46071,0,471,276
46072,0,472,276
46073,0,473,276
46074,0,474,276
46075,0,475,276
46076,0,476,276
46077,0,477,276
46078,0,478,276
46079,0,479,276
46080,0,480,276
46081,0,481,276
46082,0,482,276
46083,0,483,276
46084,0,484,276
46085,0,485,276
46086,0,486,276
46087,0,487,276
46088,0,488,276
46089,0,489,276
46090,0,490,276
46091,0,491,276
46092,0,492,276
46093,0,493,276
46094,0,494,276
46095,0,495,276
46096,0,496,276
46097,0,497,276
46098,0,193,277
46099,0,194,277
46100,0,195,277
46101,0,196,277
46102,0,197,277
46103,0,198,277
46104,0,199,277
46105,0,200,277
46106,0,201,277
46107,0,202,277
46108,0,203,277
46109,0,204,277
46110,0,205,277
46111,0,206,277
46112,0,207,277
46113,0,208,277
46114,0,209,277
46115,0,210,277
46116,0,211,277
46117,0,212,277
46118,0,213,277
46119,0,214,277
46120,0,215,277
46121,0,216,277
46122,0,217,277
46123,0,218,277
46124,0,219,277
46125,0,220,277
46126,0,221,277
46127,0,222,277
46128,0,223,277
46129,0,224,277
46130,0,225,277
46131,0,226,277
46132,0,227,277
46133,0,228,277
46134,0,229,277
46135,0,230,277
46136,0,231,277
46137,0,232,277
46138,0,233,277
46139,0,234,277
46140,0,235,277
46141,0,236,277
46142,0,237,277
46143,0,238,277
46144,0,239,277
46145,0,240,277
46146,0,241,277
46147,0,242,277
46148,0,243,277
46149,0,244,277
46150,0,245,277
46151,0,246,277
46152,0,247,277
46153,0,248,277
46154,0,249,277
46155,0,250,277
46156,0,251,277
46157,0,252,277
46158,0,253,277
46159,0,254,277
46160,0,255,277
46161,0,256,277
46162,0,257,277
46163,0,258,277
46164,0,259,277
46165,0,260,277
46166,0,261,277
46167,0,262,277
46168,0,263,277
46169,0,264,277
46170,0,265,277
46171,0,266,277
46172,0,267,277
46173,0,268,277
46174,0,269,277
46175,0,270,277
46176,0,271,277
46177,0,272,277
46178,0,273,277
46179,0,274,277
46180,0,275,277
46181,0,276,277
46182,0,277,277
46183,0,278,277
46184,0,279,277
46185,0,280,277
46186,0,281,277
46187,0,282,277
46188,0,283,277
46189,0,284,277
46190,0,285,277
46191,0,286,277
46192,0,287,277
46193,0,288,277
46194,0,289,277
46195,0,290,277
46196,0,291,277
46197,0,292,277
46198,0,293,277
46199,0,294,277
46200,0,295,277
46201,0,296,277
46202,0,297,277
46203,0,298,277
46204,0,299,277
46205,0,300,277
46206,0,301,277
46207,0,302,277
46208,0,303,277
46209,0,304,277
46210,0,305,277
46211,0,337,277
46212,0,338,277
46213,0,339,277
46214,0,340,277
46215,0,341,277
46216,0,342,277
46217,0,343,277
46218,0,344,277
46219,0,345,277
46220,0,346,277
46221,0,347,277
46222,0,348,277
46223,0,349,277
46224,0,350,277
46225,0,351,277
46226,0,352,277
46227,0,353,277
46228,0,354,277
46229,0,355,277
46230,0,356,277
46231,0,357,277
46232,0,358,277
46233,0,359,277
46234,0,360,277
46235,0,361,277
46236,0,362,277
46237,0,363,277
46238,0,364,277
46239,0,365,277
46240,0,366,277
46241,0,367,277
46242,0,368,277
46243,0,369,277
46244,0,450,277
46245,0,451,277
46246,0,452,277
46247,0,453,277
46248,0,454,277
46249,0,455,277
46250,0,456,277
46251,0,457,277
46252,0,458,277
46253,0,459,277
46254,0,460,277
46255,0,461,277
46256,0,462,277
46257,0,463,277
46258,0,464,277
46259,0,465,277
46260,0,466,277
46261,0,467,277
46262,0,468,277
46263,0,469,277
46264,0,470,277
46265,0,471,277
46266,0,472,277
46267,0,473,277
46268,0,474,277
46269,0,475,277
46270,0,476,277
46271,0,477,277
46272,0,478,277
46273,0,479,277
46274,0,480,277
46275,0,481,277
46276,0,482,277
46277,0,483,277
46278,0,484,277
46279,0,485,277
46280,0,486,277
46281,0,487,277
46282,0,488,277
46283,0,489,277
46284,0,490,277
46285,0,491,277
46286,0,492,277
46287,0,493,277
46288,0,494,277
46289,0,495,277
46290,0,496,277
46291,0,497,277
46292,0,193,278
46293,0,194,278
46294,0,195,278
46295,0,196,278
46296,0,197,278
46297,0,198,278
46298,0,199,278
46299,0,200,278
46300,0,201,278
46301,0,202,278
46302,0,203,278
46303,0,204,278
46304,0,205,278
46305,0,206,278
46306,0,207,278
46307,0,208,278
46308,0,209,278
46309,0,210,278
46310,0,211,278
46311,0,212,278
46312,0,213,278
46313,0,214,278
46314,0,215,278
46315,0,216,278
46316,0,217,278
46317,0,218,278
46318,0,219,278
46319,0,220,278
46320,0,221,278
46321,0,222,278
46322,0,223,278
46323,0,224,278
46324,0,225,278
46325,0,226,278
46326,0,227,278
46327,0,228,278
46328,0,229,278
46329,0,230,278
46330,0,231,278
46331,0,232,278
46332,0,233,278
46333,0,234,278
46334,0,235,278
46335,0,236,278
46336,0,237,278
46337,0,238,278
46338,0,239,278
46339,0,240,278
46340,0,241,278
46341,0,242,278
46342,0,243,278
46343,0,244,278
46344,0,245,278
46345,0,246,278
46346,0,247,278
46347,0,248,278
46348,0,249,278
46349,0,250,278
46350,0,251,278
46351,0,252,278
46352,0,253,278
46353,0,254,278
46354,0,255,278
46355,0,256,278
46356,0,257,278
46357,0,258,278
46358,0,259,278
46359,0,260,278
46360,0,261,278
46361,0,262,278
46362,0,263,278
46363,0,264,278
46364,0,265,278
46365,0,266,278
46366,0,267,278
46367,0,268,278
46368,0,269,278
46369,0,270,278
46370,0,271,278
46371,0,272,278
46372,0,273,278
46373,0,274,278
46374,0,275,278
46375,0,276,278
46376,0,277,278
46377,0,278,278
46378,0,279,278
46379,0,280,278
46380,0,281,278
46381,0,282,278
46382,0,283,278
46383,0,284,278
46384,0,285,278
46385,0,286,278
46386,0,287,278
46387,0,288,278
46388,0,289,278
46389,0,290,278
46390,0,291,278
46391,0,292,278
46392,0,293,278
46393,0,294,278
46394,0,295,278
46395,0,296,278
46396,0,297,278
46397,0,298,278
46398,0,299,278
46399,0,300,278
46400,0,301,278
46401,0,302,278
46402,0,303,278
46403,0,304,278
46404,0,305,278
46405,0,337,278
46406,0,338,278
46407,0,339,278
46408,0,340,278
46409,0,341,278
46410,0,342,278
46411,0,343,278
46412,0,344,278
46413,0,345,278
46414,0,346,278
46415,0,347,278
46416,0,348,278
46417,0,349,278
46418,0,350,278
46419,0,351,278
46420,0,352,278
46421,0,353,278
46422,0,354,278
46423,0,355,278
46424,0,356,278
46425,0,357,278
46426,0,358,278
46427,0,359,278
46428,0,360,278
46429,0,361,278
46430,0,362,278
46431,0,363,278
46432,0,364,278
46433,0,365,278
46434,0,366,278
46435,0,367,278
46436,0,368,278
46437,0,369,278
46438,0,450,278
46439,0,451,278
46440,0,452,278
46441,0,453,278
46442,0,454,278
46443,0,455,278
46444,0,456,278
46445,0,457,278
46446,0,458,278
46447,0,459,278
46448,0,460,278
46449,0,461,278
46450,0,462,278
46451,0,463,278
46452,0,464,278
46453,0,465,278
46454,0,466,278
46455,0,467,278
46456,0,468,278
46457,0,469,278
46458,0,470,278
46459,0,471,278
46460,0,472,278
46461,0,473,278
46462,0,474,278
46463,0,475,278
46464,0,476,278
46465,0,477,278
46466,0,478,278
46467,0,479,278
46468,0,480,278
46469,0,481,278
46470,0,482,278
46471,0,483,278
46472,0,484,278
46473,0,485,278
46474,0,486,278
46475,0,487,278
46476,0,488,278
46477,0,489,278
46478,0,490,278
46479,0,491,278
46480,0,492,278
46481,0,493,278
46482,0,494,278
46483,0,495,278
46484,0,496,278
46485,0,497,278
46486,0,193,279
46487,0,194,279
46488,0,195,279
46489,0,196,279
46490,0,197,279
46491,0,198,279
46492,0,199,279
46493,0,200,279
46494,0,201,279
46495,0,202,279
46496,0,203,279
46497,0,204,279
46498,0,205,279
46499,0,206,279
46500,0,207,279
46501,0,208,279
46502,0,209,279
46503,0,210,279
46504,0,211,279
46505,0,212,279
46506,0,213,279
46507,0,214,279
46508,0,215,279
46509,0,216,279
46510,0,217,279
46511,0,218,279
46512,0,219,279
46513,0,220,279
46514,0,221,279
46515,0,222,279
46516,0,223,279
46517,0,224,279
46518,0,225,279
46519,0,226,279
46520,0,227,279
46521,0,228,279
46522,0,229,279
46523,0,230,279
46524,0,231,279
46525,0,232,279
46526,0,233,279
46527,0,234,279
46528,0,235,279
46529,0,236,279
46530,0,237,279
46531,0,238,279
46532,0,239,279
46533,0,240,279
46534,0,241,279
46535,0,242,279
46536,0,243,279
46537,0,244,279
46538,0,245,279
46539,0,246,279
46540,0,247,279
46541,0,248,279
46542,0,249,279
46543,0,250,279
46544,0,251,279
46545,0,252,279
46546,0,253,279
46547,0,254,279
46548,0,255,279
46549,0,256,279
46550,0,257,279
46551,0,258,279
46552,0,259,279
46553,0,260,279
46554,0,261,279
46555,0,262,279
46556,0,263,279
46557,0,264,279
46558,0,265,279
46559,0,266,279
46560,0,267,279
46561,0,268,279
46562,0,269,279
46563,0,270,279
46564,0,271,279
46565,0,272,279
46566,0,273,279
46567,0,274,279
46568,0,275,279
46569,0,276,279
46570,0,277,279
46571,0,278,279
46572,0,279,279
46573,0,280,279
46574,0,281,279
46575,0,282,279
46576,0,283,279
46577,0,284,279
46578,0,285,279
46579,0,286,279
46580,0,287,279
46581,0,288,279
46582,0,289,279
46583,0,290,279
46584,0,291,279
46585,0,292,279
46586,0,293,279
46587,0,294,279
46588,0,295,279
46589,0,296,279
46590,0,297,279
46591,0,298,279
46592,0,299,279
46593,0,300,279
46594,0,301,279
46595,0,302,279
46596,0,303,279
46597,0,304,279
46598,0,305,279
46599,0,337,279
46600,0,338,279
46601,0,339,279
46602,0,340,279
46603,0,341,279
46604,0,342,279
46605,0,343,279
46606,0,344,279
46607,0,345,279
46608,0,346,279
46609,0,347,279
46610,0,348,279
46611,0,349,279
46612,0,350,279
46613,0,351,279
46614,0,352,279
46615,0,353,279
46616,0,354,279
46617,0,355,279
46618,0,356,279
46619,0,357,279
46620,0,358,279
46621,0,359,279
46622,0,360,279
46623,0,361,279
46624,0,362,279
46625,0,363,279
46626,0,364,279
46627,0,365,279
46628,0,366,279
46629,0,367,279
46630,0,368,279
46631,0,369,279
46632,0,450,279
46633,0,451,279
46634,0,452,279
46635,0,453,279
46636,0,454,279
46637,0,455,279
46638,0,456,279
46639,0,457,279
46640,0,458,279
46641,0,459,279
46642,0,460,279
46643,0,461,279
46644,0,462,279
46645,0,463,279
46646,0,464,279
46647,0,465,279
46648,0,466,279
46649,0,467,279
46650,0,468,279
46651,0,469,279
46652,0,470,279
46653,0,471,279
46654,0,472,279
46655,0,473,279
46656,0,474,279
46657,0,475,279
46658,0,476,279
46659,0,477,279
46660,0,478,279
46661,0,479,279
46662,0,480,279
46663,0,481,279
46664,0,482,279
46665,0,483,279
46666,0,484,279
46667,0,485,279
46668,0,486,279
46669,0,487,279
46670,0,488,279
46671,0,489,279
46672,0,490,279
46673,0,491,279
46674,0,492,279
46675,0,493,279
46676,0,494,279
46677,0,495,279
46678,0,496,279
46679,0,497,279
46680,0,193,280
46681,0,194,280
46682,0,195,280
46683,0,196,280
46684,0,197,280
46685,0,198,280
46686,0,199,280
46687,0,200,280
46688,0,201,280
46689,0,202,280
46690,0,203,280
46691,0,204,280
46692,0,205,280
46693,0,206,280
46694,0,207,280
46695,0,208,280
46696,0,209,280
46697,0,210,280
46698,0,211,280
46699,0,212,280
46700,0,213,280
46701,0,214,280
46702,0,215,280
46703,0,216,280
46704,0,217,280
46705,0,218,280
46706,0,219,280
46707,0,220,280
46708,0,221,280
46709,0,222,280
46710,0,223,280
46711,0,224,280
46712,0,225,280
46713,0,226,280
46714,0,227,280
46715,0,228,280
46716,0,229,280
46717,0,230,280
46718,0,231,280
46719,0,232,280
46720,0,233,280
46721,0,234,280
46722,0,235,280
46723,0,236,280
46724,0,237,280
46725,0,238,280
46726,0,239,280
46727,0,240,280
46728,0,241,280
46729,0,242,280
46730,0,243,280
46731,0,244,280
46732,0,245,280
46733,0,246,280
46734,0,247,280
46735,0,248,280
46736,0,249,280
46737,0,250,280
46738,0,251,280
46739,0,252,280
46740,0,253,280
46741,0,254,280
46742,0,255,280
46743,0,256,280
46744,0,257,280
46745,0,258,280
46746,0,259,280
46747,0,260,280
46748,0,261,280
46749,0,262,280
46750,0,263,280
46751,0,264,280
46752,0,265,280
46753,0,266,280
46754,0,267,280
46755,0,268,280
46756,0,269,280
46757,0,270,280
46758,0,271,280
46759,0,272,280
46760,0,273,280
46761,0,274,280
46762,0,275,280
46763,0,276,280
46764,0,277,280
46765,0,278,280
46766,0,279,280
46767,0,280,280
46768,0,281,280
46769,0,282,280
46770,0,283,280
46771,0,284,280
46772,0,285,280
46773,0,286,280
46774,0,287,280
46775,0,288,280
46776,0,289,280
46777,0,290,280
46778,0,291,280
46779,0,292,280
46780,0,293,280
46781,0,294,280
46782,0,295,280
46783,0,296,280
46784,0,297,280
46785,0,298,280
46786,0,299,280
46787,0,300,280
46788,0,301,280
46789,0,302,280
46790,0,303,280
46791,0,304,280
46792,0,305,280
46793,0,337,280
46794,0,338,280
46795,0,339,280
46796,0,340,280
46797,0,341,280
46798,0,342,280
46799,0,343,280
46800,0,344,280
46801,0,345,280
46802,0,346,280
46803,0,347,280
46804,0,348,280
46805,0,349,280
46806,0,350,280
46807,0,351,280
46808,0,352,280
46809,0,353,280
46810,0,354,280
46811,0,355,280
46812,0,356,280
46813,0,357,280
46814,0,358,280
46815,0,359,280
46816,0,360,280
46817,0,361,280
46818,0,362,280
46819,0,363,280
46820,0,364,280
46821,0,365,280
46822,0,366,280
46823,0,367,280
46824,0,368,280
46825,0,369,280
46826,0,450,280
46827,0,451,280
46828,0,452,280
46829,0,453,280
46830,0,454,280
46831,0,455,280
46832,0,456,280
46833,0,457,280
46834,0,458,280
46835,0,459,280
46836,0,460,280
46837,0,461,280
46838,0,462,280
46839,0,463,280
46840,0,464,280
46841,0,465,280
46842,0,466,280
46843,0,467,280
46844,0,468,280
46845,0,469,280
46846,0,470,280
46847,0,471,280
46848,0,472,280
46849,0,473,280
46850,0,474,280
46851,0,475,280
46852,0,476,280
46853,0,477,280
46854,0,478,280
46855,0,479,280
46856,0,480,280
46857,0,481,280
46858,0,482,280
46859,0,483,280
46860,0,484,280
46861,0,485,280
46862,0,486,280
46863,0,487,280
46864,0,488,280
46865,0,489,280
46866,0,490,280
46867,0,491,280
46868,0,492,280
46869,0,493,280
46870,0,494,280
46871,0,495,280
46872,0,496,280
46873,0,497,280
46874,0,193,281
46875,0,194,281
46876,0,195,281
46877,0,196,281
46878,0,197,281
46879,0,198,281
46880,0,199,281
46881,0,200,281
46882,0,201,281
46883,0,202,281
46884,0,203,281
46885,0,204,281
46886,0,205,281
46887,0,206,281
46888,0,207,281
46889,0,208,281
46890,0,209,281
46891,0,210,281
46892,0,211,281
46893,0,212,281
46894,0,213,281
46895,0,214,281
46896,0,215,281
46897,0,216,281
46898,0,217,281
46899,0,218,281
46900,0,219,281
46901,0,220,281
46902,0,221,281
46903,0,222,281
46904,0,223,281
46905,0,224,281
46906,0,225,281
46907,0,226,281
46908,0,227,281
46909,0,228,281
46910,0,229,281
46911,0,230,281
46912,0,231,281
46913,0,232,281
46914,0,233,281
46915,0,234,281
46916,0,235,281
46917,0,236,281
46918,0,237,281
46919,0,238,281
46920,0,239,281
46921,0,240,281
46922,0,241,281
46923,0,242,281
46924,0,243,281
46925,0,244,281
46926,0,245,281
46927,0,246,281
46928,0,247,281
46929,0,248,281
46930,0,249,281
46931,0,250,281
46932,0,251,281
46933,0,252,281
46934,0,253,281
46935,0,254,281
46936,0,255,281
46937,0,256,281
46938,0,257,281
46939,0,258,281
46940,0,259,281
46941,0,260,281
46942,0,261,281
46943,0,262,281
46944,0,263,281
46945,0,264,281
46946,0,265,281
46947,0,266,281
46948,0,267,281
46949,0,268,281
46950,0,269,281
46951,0,270,281
46952,0,271,281
46953,0,272,281
46954,0,273,281
46955,0,274,281
46956,0,275,281
46957,0,276,281
46958,0,277,281
46959,0,278,281
46960,0,279,281
46961,0,280,281
46962,0,281,281
46963,0,282,281
46964,0,283,281
46965,0,284,281
46966,0,285,281
46967,0,286,281
46968,0,287,281
46969,0,288,281
46970,0,289,281
46971,0,290,281
46972,0,291,281
46973,0,292,281
46974,0,293,281
46975,0,294,281
46976,0,295,281
46977,0,296,281
46978,0,297,281
46979,0,298,281
46980,0,299,281
46981,0,300,281
46982,0,301,281
46983,0,302,281
46984,0,303,281
46985,0,304,281
46986,0,305,281
46987,0,337,281
46988,0,338,281
46989,0,339,281
46990,0,340,281
46991,0,341,281
46992,0,342,281
46993,0,343,281
46994,0,344,281
46995,0,345,281
46996,0,346,281
46997,0,347,281
46998,0,348,281
46999,0,349,281
47000,0,350,281
47001,0,351,281
47002,0,352,281
47003,0,353,281
47004,0,354,281
47005,0,355,281
47006,0,356,281
47007,0,357,281
47008,0,358,281
47009,0,359,281
47010,0,360,281
47011,0,361,281
47012,0,362,281
47013,0,363,281
47014,0,364,281
47015,0,365,281
47016,0,366,281
47017,0,367,281
47018,0,368,281
47019,0,369,281
47020,0,450,281
47021,0,451,281
47022,0,452,281
47023,0,453,281
47024,0,454,281
47025,0,455,281
47026,0,456,281
47027,0,457,281
47028,0,458,281
47029,0,459,281
47030,0,460,281
47031,0,461,281
47032,0,462,281
47033,0,463,281
47034,0,464,281
47035,0,465,281
47036,0,466,281
47037,0,467,281
47038,0,468,281
47039,0,469,281
47040,0,470,281
47041,0,471,281
47042,0,472,281
47043,0,473,281
47044,0,474,281
47045,0,475,281
47046,0,476,281
47047,0,477,281
47048,0,478,281
47049,0,479,281
47050,0,480,281
47051,0,481,281
47052,0,482,281
47053,0,483,281
47054,0,484,281
47055,0,485,281
47056,0,486,281
47057,0,487,281
47058,0,488,281
47059,0,489,281
47060,0,490,281
47061,0,491,281
47062,0,492,281
47063,0,493,281
47064,0,494,281
47065,0,495,281
47066,0,496,281
47067,0,497,281
47068,0,193,282
47069,0,194,282
47070,0,195,282
47071,0,196,282
47072,0,197,282
47073,0,198,282
47074,0,199,282
47075,0,200,282
47076,0,201,282
47077,0,202,282
47078,0,203,282
47079,0,204,282
47080,0,205,282
47081,0,206,282
47082,0,207,282
47083,0,208,282
47084,0,209,282
47085,0,210,282
47086,0,211,282
47087,0,212,282
47088,0,213,282
47089,0,214,282
47090,0,215,282
47091,0,216,282
47092,0,217,282
47093,0,218,282
47094,0,219,282
47095,0,220,282
47096,0,221,282
47097,0,222,282
47098,0,223,282
47099,0,224,282
47100,0,225,282
47101,0,226,282
47102,0,227,282
47103,0,228,282
47104,0,229,282
47105,0,230,282
47106,0,231,282
47107,0,232,282
47108,0,233,282
47109,0,234,282
47110,0,235,282
47111,0,236,282
47112,0,237,282
47113,0,238,282
47114,0,239,282
47115,0,240,282
47116,0,241,282
47117,0,242,282
47118,0,243,282
47119,0,244,282
47120,0,245,282
47121,0,246,282
47122,0,247,282
47123,0,248,282
47124,0,249,282
47125,0,250,282
47126,0,251,282
47127,0,252,282
47128,0,253,282
47129,0,254,282
47130,0,255,282
47131,0,256,282
47132,0,257,282
47133,0,258,282
47134,0,259,282
47135,0,260,282
47136,0,261,282
47137,0,262,282
47138,0,263,282
47139,0,264,282
47140,0,265,282
47141,0,266,282
47142,0,267,282
47143,0,268,282
47144,0,269,282
47145,0,270,282
47146,0,271,282
47147,0,272,282
47148,0,273,282
47149,0,274,282
47150,0,275,282
47151,0,276,282
47152,0,277,282
47153,0,278,282
47154,0,279,282
47155,0,280,282
47156,0,281,282
47157,0,282,282
47158,0,283,282
47159,0,284,282
47160,0,285,282
47161,0,286,282
47162,0,287,282
47163,0,288,282
47164,0,289,282
47165,0,290,282
47166,0,291,282
47167,0,292,282
47168,0,293,282
47169,0,294,282
47170,0,295,282
47171,0,296,282
47172,0,297,282
47173,0,298,282
47174,0,299,282
47175,0,300,282
47176,0,301,282
47177,0,302,282
47178,0,303,282
47179,0,304,282
47180,0,305,282
47181,0,337,282
47182,0,338,282
47183,0,339,282
47184,0,340,282
47185,0,341,282
47186,0,342,282
47187,0,343,282
47188,0,344,282
47189,0,345,282
47190,0,346,282
47191,0,347,282
47192,0,348,282
47193,0,349,282
47194,0,350,282
47195,0,351,282
47196,0,352,282
47197,0,353,282
47198,0,354,282
47199,0,355,282
47200,0,356,282
47201,0,357,282
47202,0,358,282
47203,0,359,282
47204,0,360,282
47205,0,361,282
47206,0,362,282
47207,0,363,282
47208,0,364,282
47209,0,365,282
47210,0,366,282
47211,0,367,282
47212,0,368,282
47213,0,369,282
47214,0,450,282
47215,0,451,282
47216,0,452,282
47217,0,453,282
47218,0,454,282
47219,0,455,282
47220,0,456,282
47221,0,457,282
47222,0,458,282
47223,0,459,282
47224,0,460,282
47225,0,461,282
47226,0,462,282
47227,0,463,282
47228,0,464,282
47229,0,465,282
47230,0,466,282
47231,0,467,282
47232,0,468,282
47233,0,469,282
47234,0,470,282
47235,0,471,282
47236,0,472,282
47237,0,473,282
47238,0,474,282
47239,0,475,282
47240,0,476,282
47241,0,477,282
47242,0,478,282
47243,0,479,282
47244,0,480,282
47245,0,481,282
47246,0,482,282
47247,0,483,282
47248,0,484,282
47249,0,485,282
47250,0,486,282
47251,0,487,282
47252,0,488,282
47253,0,489,282
47254,0,490,282
47255,0,491,282
47256,0,492,282
47257,0,493,282
47258,0,494,282
47259,0,495,282
47260,0,496,282
47261,0,497,282
47262,0,193,283
47263,0,194,283
47264,0,195,283
47265,0,196,283
47266,0,197,283
47267,0,198,283
47268,0,199,283
47269,0,200,283
47270,0,201,283
47271,0,202,283
47272,0,203,283
47273,0,204,283
47274,0,205,283
47275,0,206,283
47276,0,207,283
47277,0,208,283
47278,0,209,283
47279,0,210,283
47280,0,211,283
47281,0,212,283
47282,0,213,283
47283,0,214,283
47284,0,215,283
47285,0,216,283
47286,0,217,283
47287,0,218,283
47288,0,219,283
47289,0,220,283
47290,0,221,283
47291,0,222,283
47292,0,223,283
47293,0,224,283
47294,0,225,283
47295,0,226,283
47296,0,227,283
47297,0,228,283
47298,0,229,283
47299,0,230,283
47300,0,231,283
47301,0,232,283
47302,0,233,283
47303,0,234,283
47304,0,235,283
47305,0,236,283
47306,0,237,283
47307,0,238,283
47308,0,239,283
47309,0,240,283
47310,0,241,283
47311,0,242,283
47312,0,243,283
47313,0,244,283
47314,0,245,283
47315,0,246,283
47316,0,247,283
47317,0,248,283
47318,0,249,283
47319,0,250,283
47320,0,251,283
47321,0,252,283
47322,0,253,283
47323,0,254,283
47324,0,255,283
47325,0,256,283
47326,0,257,283
47327,0,258,283
47328,0,259,283
47329,0,260,283
47330,0,261,283
47331,0,262,283
47332,0,263,283
47333,0,264,283
47334,0,265,283
47335,0,266,283
47336,0,267,283
47337,0,268,283
47338,0,269,283
47339,0,270,283
47340,0,271,283
47341,0,272,283
47342,0,273,283
47343,0,274,283
47344,0,275,283
47345,0,276,283
47346,0,277,283
47347,0,278,283
47348,0,279,283
47349,0,280,283
47350,0,281,283
47351,0,282,283
47352,0,283,283
47353,0,284,283
47354,0,285,283
47355,0,286,283
47356,0,287,283
47357,0,288,283
47358,0,289,283
47359,0,290,283
47360,0,291,283
47361,0,292,283
47362,0,293,283
47363,0,294,283
47364,0,295,283
47365,0,296,283
47366,0,297,283
47367,0,298,283
47368,0,299,283
47369,0,300,283
47370,0,301,283
47371,0,302,283
47372,0,303,283
47373,0,304,283
47374,0,305,283
47375,0,337,283
47376,0,338,283
47377,0,339,283
47378,0,340,283
47379,0,341,283
47380,0,342,283
47381,0,343,283
47382,0,344,283
47383,0,345,283
47384,0,346,283
47385,0,347,283
47386,0,348,283
47387,0,349,283
47388,0,350,283
47389,0,351,283
47390,0,352,283
47391,0,353,283
47392,0,354,283
47393,0,355,283
47394,0,356,283
47395,0,357,283
47396,0,358,283
47397,0,359,283
47398,0,360,283
47399,0,361,283
47400,0,362,283
47401,0,363,283
47402,0,364,283
47403,0,365,283
47404,0,366,283
47405,0,367,283
47406,0,368,283
47407,0,369,283
47408,0,450,283
47409,0,451,283
47410,0,452,283
47411,0,453,283
47412,0,454,283
47413,0,455,283
47414,0,456,283
47415,0,457,283
47416,0,458,283
47417,0,459,283
47418,0,460,283
47419,0,461,283
47420,0,462,283
47421,0,463,283
47422,0,464,283
47423,0,465,283
47424,0,466,283
47425,0,467,283
47426,0,468,283
47427,0,469,283
47428,0,470,283
47429,0,471,283
47430,0,472,283
47431,0,473,283
47432,0,474,283
47433,0,475,283
47434,0,476,283
47435,0,477,283
47436,0,478,283
47437,0,479,283
47438,0,480,283
47439,0,481,283
47440,0,482,283
47441,0,483,283
47442,0,484,283
47443,0,485,283
47444,0,486,283
47445,0,487,283
47446,0,488,283
47447,0,489,283
47448,0,490,283
47449,0,491,283
47450,0,492,283
47451,0,493,283
47452,0,494,283
47453,0,495,283
47454,0,496,283
47455,0,497,283
47456,0,193,284
47457,0,194,284
47458,0,195,284
47459,0,196,284
47460,0,197,284
47461,0,198,284
47462,0,199,284
47463,0,200,284
47464,0,201,284
47465,0,202,284
47466,0,203,284
47467,0,204,284
47468,0,205,284
47469,0,206,284
47470,0,207,284
47471,0,208,284
47472,0,209,284
47473,0,210,284
47474,0,211,284
47475,0,212,284
47476,0,213,284
47477,0,214,284
47478,0,215,284
47479,0,216,284
47480,0,217,284
47481,0,218,284
47482,0,219,284
47483,0,220,284
47484,0,221,284
47485,0,222,284
47486,0,223,284
47487,0,224,284
47488,0,225,284
47489,0,226,284
47490,0,227,284
47491,0,228,284
47492,0,229,284
47493,0,230,284
47494,0,231,284
47495,0,232,284
47496,0,233,284
47497,0,234,284
47498,0,235,284
47499,0,236,284
47500,0,237,284
47501,0,238,284
47502,0,239,284
47503,0,240,284
47504,0,241,284
47505,0,242,284
47506,0,243,284
47507,0,244,284
47508,0,245,284
47509,0,246,284
47510,0,247,284
47511,0,248,284
47512,0,249,284
47513,0,250,284
47514,0,251,284
47515,0,252,284
47516,0,253,284
47517,0,254,284
47518,0,255,284
47519,0,256,284
47520,0,257,284
47521,0,258,284
47522,0,259,284
47523,0,260,284
47524,0,261,284
47525,0,262,284
47526,0,263,284
47527,0,264,284
47528,0,265,284
47529,0,266,284
47530,0,267,284
47531,0,268,284
47532,0,269,284
47533,0,270,284
47534,0,271,284
47535,0,272,284
47536,0,273,284
47537,0,274,284
47538,0,275,284
47539,0,276,284
47540,0,277,284
47541,0,278,284
47542,0,279,284
47543,0,280,284
47544,0,281,284
47545,0,282,284
47546,0,283,284
47547,0,284,284
47548,0,285,284
47549,0,286,284
47550,0,287,284
47551,0,288,284
47552,0,289,284
47553,0,290,284
47554,0,291,284
47555,0,292,284
47556,0,293,284
47557,0,294,284
47558,0,295,284
47559,0,296,284
47560,0,297,284
47561,0,298,284
47562,0,299,284
47563,0,300,284
47564,0,301,284
47565,0,302,284
47566,0,303,284
47567,0,304,284
47568,0,305,284
47569,0,337,284
47570,0,338,284
47571,0,339,284
47572,0,340,284
47573,0,341,284
47574,0,342,284
47575,0,343,284
47576,0,344,284
47577,0,345,284
47578,0,346,284
47579,0,347,284
47580,0,348,284
47581,0,349,284
47582,0,350,284
47583,0,351,284
47584,0,352,284
47585,0,353,284
47586,0,354,284
47587,0,355,284
47588,0,356,284
47589,0,357,284
47590,0,358,284
47591,0,359,284
47592,0,360,284
47593,0,361,284
47594,0,362,284
47595,0,363,284
47596,0,364,284
47597,0,365,284
47598,0,366,284
47599,0,367,284
47600,0,368,284
47601,0,369,284
47602,0,450,284
47603,0,451,284
47604,0,452,284
47605,0,453,284
47606,0,454,284
47607,0,455,284
47608,0,456,284
47609,0,457,284
47610,0,458,284
47611,0,459,284
47612,0,460,284
47613,0,461,284
47614,0,462,284
47615,0,463,284
47616,0,464,284
47617,0,465,284
47618,0,466,284
47619,0,467,284
47620,0,468,284
47621,0,469,284
47622,0,470,284
47623,0,471,284
47624,0,472,284
47625,0,473,284
47626,0,474,284
47627,0,475,284
47628,0,476,284
47629,0,477,284
47630,0,478,284
47631,0,479,284
47632,0,480,284
47633,0,481,284
47634,0,482,284
47635,0,483,284
47636,0,484,284
47637,0,485,284
47638,0,486,284
47639,0,487,284
47640,0,488,284
47641,0,489,284
47642,0,490,284
47643,0,491,284
47644,0,492,284
47645,0,493,284
47646,0,494,284
47647,0,495,284
47648,0,496,284
47649,0,497,284
47650,0,194,285
47651,0,195,285
47652,0,196,285
47653,0,197,285
47654,0,198,285
47655,0,199,285
47656,0,200,285
47657,0,201,285
47658,0,202,285
47659,0,203,285
47660,0,204,285
47661,0,205,285
47662,0,206,285
47663,0,207,285
47664,0,208,285
47665,0,209,285
47666,0,210,285
47667,0,211,285
47668,0,212,285
47669,0,213,285
47670,0,214,285
47671,0,215,285
47672,0,216,285
47673,0,217,285
47674,0,218,285
47675,0,219,285
47676,0,220,285
47677,0,221,285
47678,0,222,285
47679,0,223,285
47680,0,224,285
47681,0,225,285
47682,0,226,285
47683,0,227,285
47684,0,228,285
47685,0,229,285
47686,0,230,285
47687,0,231,285
47688,0,232,285
47689,0,233,285
47690,0,234,285
47691,0,235,285
47692,0,236,285
47693,0,237,285
47694,0,238,285
47695,0,239,285
47696,0,240,285
47697,0,241,285
47698,0,242,285
47699,0,243,285
47700,0,244,285
47701,0,245,285
47702,0,246,285
47703,0,247,285
47704,0,248,285
47705,0,249,285
47706,0,250,285
47707,0,251,285
47708,0,252,285
47709,0,253,285
47710,0,254,285
47711,0,255,285
47712,0,256,285
47713,0,257,285
47714,0,258,285
47715,0,259,285
47716,0,260,285
47717,0,261,285
47718,0,262,285
47719,0,263,285
47720,0,264,285
47721,0,265,285
47722,0,266,285
47723,0,267,285
47724,0,268,285
47725,0,269,285
47726,0,270,285
47727,0,271,285
47728,0,272,285
47729,0,273,285
47730,0,274,285
47731,0,275,285
47732,0,276,285
47733,0,277,285
47734,0,278,285
47735,0,279,285
47736,0,280,285
47737,0,281,285
47738,0,282,285
47739,0,283,285
47740,0,284,285
47741,0,285,285
47742,0,286,285
47743,0,287,285
47744,0,288,285
47745,0,289,285
47746,0,290,285
47747,0,291,285
47748,0,292,285
47749,0,293,285
47750,0,294,285
47751,0,295,285
47752,0,296,285
47753,0,297,285
47754,0,298,285
47755,0,299,285
47756,0,300,285
47757,0,301,285
47758,0,302,285
47759,0,303,285
47760,0,304,285
47761,0,305,285
47762,0,337,285
47763,0,338,285
47764,0,339,285
47765,0,340,285
47766,0,341,285
47767,0,342,285
47768,0,343,285
47769,0,344,285
47770,0,345,285
47771,0,346,285
47772,0,347,285
47773,0,348,285
47774,0,349,285
47775,0,350,285
47776,0,351,285
47777,0,352,285
47778,0,353,285
47779,0,354,285
47780,0,355,285
47781,0,356,285
47782,0,357,285
47783,0,358,285
47784,0,359,285
47785,0,360,285
47786,0,361,285
47787,0,362,285
47788,0,363,285
47789,0,364,285
47790,0,365,285
47791,0,366,285
47792,0,367,285
47793,0,368,285
47794,0,369,285
47795,0,450,285
47796,0,451,285
47797,0,452,285
47798,0,453,285
47799,0,454,285
47800,0,455,285
47801,0,456,285
47802,0,457,285
47803,0,458,285
47804,0,459,285
47805,0,460,285
47806,0,461,285
47807,0,462,285
47808,0,463,285
47809,0,464,285
47810,0,465,285
47811,0,466,285
47812,0,467,285
47813,0,468,285
47814,0,469,285
47815,0,470,285
47816,0,471,285
47817,0,472,285
47818,0,473,285
47819,0,474,285
47820,0,475,285
47821,0,476,285
47822,0,477,285
47823,0,478,285
47824,0,479,285
47825,0,480,285
47826,0,481,285
47827,0,482,285
47828,0,483,285
47829,0,484,285
47830,0,485,285
47831,0,486,285
47832,0,487,285
47833,0,488,285
47834,0,489,285
47835,0,490,285
47836,0,491,285
47837,0,492,285
47838,0,493,285
47839,0,494,285
47840,0,495,285
47841,0,496,285
47842,0,497,285
47843,0,194,286
47844,0,195,286
47845,0,196,286
47846,0,197,286
47847,0,198,286
47848,0,199,286
47849,0,200,286
47850,0,201,286
47851,0,202,286
47852,0,203,286
47853,0,204,286
47854,0,205,286
47855,0,206,286
47856,0,207,286
47857,0,208,286
47858,0,209,286
47859,0,210,286
47860,0,211,286
47861,0,212,286
47862,0,213,286
47863,0,214,286
47864,0,215,286
47865,0,216,286
47866,0,217,286
47867,0,218,286
47868,0,219,286
47869,0,220,286
47870,0,221,286
47871,0,222,286
47872,0,223,286
47873,0,224,286
47874,0,225,286
47875,0,226,286
47876,0,227,286
47877,0,228,286
47878,0,229,286
47879,0,230,286
47880,0,231,286
47881,0,232,286
47882,0,233,286
47883,0,234,286
47884,0,235,286
47885,0,236,286
47886,0,237,286
47887,0,238,286
47888,0,239,286
47889,0,240,286
47890,0,241,286
47891,0,242,286
47892,0,243,286
47893,0,244,286
47894,0,245,286
47895,0,246,286
47896,0,247,286
47897,0,248,286
47898,0,249,286
47899,0,250,286
47900,0,251,286
47901,0,252,286
47902,0,253,286
47903,0,254,286
47904,0,255,286
47905,0,256,286
47906,0,257,286
47907,0,258,286
47908,0,259,286
47909,0,260,286
47910,0,261,286
47911,0,262,286
47912,0,263,286
47913,0,264,286
47914,0,265,286
47915,0,266,286
47916,0,267,286
47917,0,268,286
47918,0,269,286
47919,0,270,286
47920,0,271,286
47921,0,272,286
47922,0,273,286
47923,0,274,286
47924,0,275,286
47925,0,276,286
47926,0,277,286
47927,0,278,286
47928,0,279,286
47929,0,280,286
47930,0,281,286
47931,0,282,286
47932,0,283,286
47933,0,284,286
47934,0,285,286
47935,0,286,286
47936,0,287,286
47937,0,288,286
47938,0,289,286
47939,0,290,286
47940,0,291,286
47941,0,292,286
47942,0,293,286
47943,0,294,286
47944,0,295,286
47945,0,296,286
47946,0,297,286
47947,0,298,286
47948,0,299,286
47949,0,300,286
47950,0,301,286
47951,0,302,286
47952,0,303,286
47953,0,304,286
47954,0,305,286
47955,0,337,286
47956,0,338,286
47957,0,339,286
47958,0,340,286
47959,0,341,286
47960,0,342,286
47961,0,343,286
47962,0,344,286
47963,0,345,286
47964,0,346,286
47965,0,347,286
47966,0,348,286
47967,0,349,286
47968,0,350,286
47969,0,351,286
47970,0,352,286
47971,0,353,286
47972,0,354,286
47973,0,355,286
47974,0,356,286
47975,0,357,286
47976,0,358,286
47977,0,359,286
47978,0,360,286
47979,0,361,286
47980,0,362,286
47981,0,363,286
47982,0,364,286
47983,0,365,286
47984,0,366,286
47985,0,367,286
47986,0,368,286
47987,0,369,286
47988,0,450,286
47989,0,451,286
47990,0,452,286
47991,0,453,286
47992,0,454,286
47993,0,455,286
47994,0,456,286
47995,0,457,286
47996,0,458,286
47997,0,459,286
47998,0,460,286
47999,0,461,286
48000,0,462,286
48001,0,463,286
48002,0,464,286
48003,0,465,286
48004,0,466,286
48005,0,467,286
48006,0,468,286
48007,0,469,286
48008,0,470,286
48009,0,471,286
48010,0,472,286
48011,0,473,286
48012,0,474,286
48013,0,475,286
48014,0,476,286
48015,0,477,286
48016,0,478,286
48017,0,479,286
48018,0,480,286
48019,0,481,286
48020,0,482,286
48021,0,483,286
48022,0,484,286
48023,0,485,286
48024,0,486,286
48025,0,487,286
48026,0,488,286
48027,0,489,286
48028,0,490,286
48029,0,491,286
48030,0,492,286
48031,0,493,286
48032,0,494,286
48033,0,495,286
48034,0,496,286
48035,0,497,286
48036,0,194,287
48037,0,195,287
48038,0,196,287
48039,0,197,287
48040,0,198,287
48041,0,199,287
48042,0,200,287
48043,0,201,287
48044,0,202,287
48045,0,203,287
48046,0,204,287
48047,0,205,287
48048,0,206,287
48049,0,207,287
48050,0,208,287
48051,0,209,287
48052,0,210,287
48053,0,211,287
48054,0,212,287
48055,0,213,287
48056,0,214,287
48057,0,215,287
48058,0,216,287
48059,0,217,287
48060,0,218,287
48061,0,219,287
48062,0,220,287
48063,0,221,287
48064,0,222,287
48065,0,223,287
48066,0,224,287
48067,0,225,287
48068,0,226,287
48069,0,227,287
48070,0,228,287
48071,0,229,287
48072,0,230,287
48073,0,231,287
48074,0,232,287
48075,0,233,287
48076,0,234,287
48077,0,235,287
48078,0,236,287
48079,0,237,287
48080,0,238,287
48081,0,239,287
48082,0,240,287
48083,0,241,287
48084,0,242,287
48085,0,243,287
48086,0,244,287
48087,0,245,287
48088,0,246,287
48089,0,247,287
48090,0,248,287
48091,0,249,287
48092,0,250,287
48093,0,251,287
48094,0,252,287
48095,0,253,287
48096,0,254,287
48097,0,255,287
48098,0,256,287
48099,0,257,287
48100,0,258,287
48101,0,259,287
48102,0,260,287
48103,0,261,287
48104,0,262,287
48105,0,263,287
48106,0,264,287
48107,0,265,287
48108,0,266,287
48109,0,267,287
48110,0,268,287
48111,0,269,287
48112,0,270,287
48113,0,271,287
48114,0,272,287
48115,0,273,287
48116,0,274,287
48117,0,275,287
48118,0,276,287
48119,0,277,287
48120,0,278,287
48121,0,279,287
48122,0,280,287
48123,0,281,287
48124,0,282,287
48125,0,283,287
48126,0,284,287
48127,0,285,287
48128,0,286,287
48129,0,287,287
48130,0,288,287
48131,0,289,287
48132,0,290,287
48133,0,291,287
48134,0,292,287
48135,0,293,287
48136,0,294,287
48137,0,295,287
48138,0,296,287
48139,0,297,287
48140,0,298,287
48141,0,299,287
48142,0,300,287
48143,0,301,287
48144,0,302,287
48145,0,303,287
48146,0,304,287
48147,0,305,287
48148,0,337,287
48149,0,338,287
48150,0,339,287
48151,0,340,287
48152,0,341,287
48153,0,342,287
48154,0,343,287
48155,0,344,287
48156,0,345,287
48157,0,346,287
48158,0,347,287
48159,0,348,287
48160,0,349,287
48161,0,350,287
48162,0,351,287
48163,0,352,287
48164,0,353,287
48165,0,354,287
48166,0,355,287
48167,0,356,287
48168,0,357,287
48169,0,358,287
48170,0,359,287
48171,0,360,287
48172,0,361,287
48173,0,362,287
48174,0,363,287
48175,0,364,287
48176,0,365,287
48177,0,366,287
48178,0,367,287
48179,0,368,287
48180,0,369,287
48181,0,450,287
48182,0,451,287
48183,0,452,287
48184,0,453,287
48185,0,454,287
48186,0,455,287
48187,0,456,287
48188,0,457,287
48189,0,458,287
48190,0,459,287
48191,0,460,287
48192,0,461,287
48193,0,462,287
48194,0,463,287
48195,0,464,287
48196,0,465,287
48197,0,466,287
48198,0,467,287
48199,0,468,287
48200,0,469,287
48201,0,470,287
48202,0,471,287
48203,0,472,287
48204,0,473,287
48205,0,474,287
48206,0,475,287
48207,0,476,287
48208,0,477,287
48209,0,478,287
48210,0,479,287
48211,0,480,287
48212,0,481,287
48213,0,482,287
48214,0,483,287
48215,0,484,287
48216,0,485,287
48217,0,486,287
48218,0,487,287
48219,0,488,287
48220,0,489,287
48221,0,490,287
48222,0,491,287
48223,0,492,287
48224,0,493,287
48225,0,494,287
48226,0,495,287
48227,0,496,287
48228,0,497,287
48229,0,194,288
48230,0,195,288
48231,0,196,288
48232,0,197,288
48233,0,198,288
48234,0,199,288
48235,0,200,288
48236,0,201,288
48237,0,202,288
48238,0,203,288
48239,0,204,288
48240,0,205,288
48241,0,206,288
48242,0,207,288
48243,0,208,288
48244,0,209,288
48245,0,210,288
48246,0,211,288
48247,0,212,288
48248,0,213,288
48249,0,214,288
48250,0,215,288
48251,0,216,288
48252,0,217,288
48253,0,218,288
48254,0,219,288
48255,0,220,288
48256,0,221,288
48257,0,222,288
48258,0,223,288
48259,0,224,288
48260,0,225,288
48261,0,226,288
48262,0,227,288
48263,0,228,288
48264,0,229,288
48265,0,230,288
48266,0,231,288
48267,0,232,288
48268,0,233,288
48269,0,234,288
48270,0,235,288
48271,0,236,288
48272,0,237,288
48273,0,238,288
48274,0,239,288
48275,0,240,288
48276,0,241,288
48277,0,242,288
48278,0,243,288
48279,0,244,288
48280,0,245,288
48281,0,246,288
48282,0,247,288
48283,0,248,288
48284,0,249,288
48285,0,250,288
48286,0,251,288
48287,0,252,288
48288,0,253,288
48289,0,254,288
48290,0,255,288
48291,0,256,288
48292,0,257,288
48293,0,258,288
48294,0,259,288
48295,0,260,288
48296,0,261,288
48297,0,262,288
48298,0,263,288
48299,0,264,288
48300,0,265,288
48301,0,266,288
48302,0,267,288
48303,0,268,288
48304,0,269,288
48305,0,270,288
48306,0,271,288
48307,0,272,288
48308,0,273,288
48309,0,274,288
48310,0,275,288
48311,0,276,288
48312,0,277,288
48313,0,278,288
48314,0,279,288
48315,0,280,288
48316,0,281,288
48317,0,282,288
48318,0,283,288
48319,0,284,288
48320,0,285,288
48321,0,286,288
48322,0,287,288
48323,0,288,288
48324,0,289,288
48325,0,290,288
48326,0,291,288
48327,0,292,288
48328,0,293,288
48329,0,294,288
48330,0,295,288
48331,0,296,288
48332,0,297,288
48333,0,298,288
48334,0,299,288
48335,0,300,288
48336,0,301,288
48337,0,302,288
48338,0,303,288
48339,0,304,288
48340,0,305,288
48341,0,338,288
48342,0,339,288
48343,0,340,288
48344,0,341,288
48345,0,342,288
48346,0,343,288
48347,0,344,288
48348,0,345,288
48349,0,346,288
48350,0,347,288
48351,0,348,288
48352,0,349,288
48353,0,350,288
48354,0,351,288
48355,0,352,288
48356,0,353,288
48357,0,354,288
48358,0,355,288
48359,0,356,288
48360,0,357,288
48361,0,358,288
48362,0,359,288
48363,0,360,288
48364,0,361,288
48365,0,362,288
48366,0,363,288
48367,0,364,288
48368,0,365,288
48369,0,366,288
48370,0,367,288
48371,0,368,288
48372,0,369,288
48373,0,450,288
48374,0,451,288
48375,0,452,288
48376,0,453,288
48377,0,454,288
48378,0,455,288
48379,0,456,288
48380,0,457,288
48381,0,458,288
48382,0,459,288
48383,0,460,288
48384,0,461,288
48385,0,462,288
48386,0,463,288
48387,0,464,288
48388,0,465,288
48389,0,466,288
48390,0,467,288
48391,0,468,288
48392,0,469,288
48393,0,470,288
48394,0,471,288
48395,0,472,288
48396,0,473,288
48397,0,474,288
48398,0,475,288
48399,0,476,288
48400,0,477,288
48401,0,478,288
48402,0,479,288
48403,0,480,288
48404,0,481,288
48405,0,482,288
48406,0,483,288
48407,0,484,288
48408,0,485,288
48409,0,486,288
48410,0,487,288
48411,0,488,288
48412,0,489,288
48413,0,490,288
48414,0,491,288
48415,0,492,288
48416,0,493,288
48417,0,494,288
48418,0,495,288
48419,0,496,288
48420,0,497,288
48421,0,194,289
48422,0,195,289
48423,0,196,289
48424,0,197,289
48425,0,198,289
48426,0,199,289
48427,0,200,289
48428,0,201,289
48429,0,202,289
48430,0,203,289
48431,0,204,289
48432,0,205,289
48433,0,206,289
48434,0,207,289
48435,0,208,289
48436,0,209,289
48437,0,210,289
48438,0,211,289
48439,0,212,289
48440,0,213,289
48441,0,214,289
48442,0,215,289
48443,0,216,289
48444,0,217,289
48445,0,218,289
48446,0,219,289
48447,0,220,289
48448,0,221,289
48449,0,222,289
48450,0,223,289
48451,0,224,289
48452,0,225,289
48453,0,242,289
48454,0,243,289
48455,0,244,289
48456,0,245,289
48457,0,246,289
48458,0,247,289
48459,0,248,289
48460,0,249,289
48461,0,250,289
48462,0,251,289
48463,0,252,289
48464,0,253,289
48465,0,254,289
48466,0,255,289
48467,0,256,289
48468,0,257,289
48469,0,274,289
48470,0,275,289
48471,0,276,289
48472,0,277,289
48473,0,278,289
48474,0,279,289
48475,0,280,289
48476,0,281,289
48477,0,282,289
48478,0,283,289
48479,0,284,289
48480,0,285,289
48481,0,286,289
48482,0,287,289
48483,0,288,289
48484,0,289,289
48485,0,290,289
48486,0,291,289
48487,0,292,289
48488,0,293,289
48489,0,294,289
48490,0,295,289
48491,0,296,289
48492,0,297,289
48493,0,298,289
48494,0,299,289
48495,0,300,289
48496,0,301,289
48497,0,302,289
48498,0,303,289
48499,0,304,289
48500,0,305,289
48501,0,338,289
48502,0,339,289
48503,0,340,289
48504,0,341,289
48505,0,342,289
48506,0,343,289
48507,0,344,289
48508,0,345,289
48509,0,346,289
48510,0,347,289
48511,0,348,289
48512,0,349,289
48513,0,350,289
48514,0,351,289
48515,0,352,289
48516,0,353,289
48517,0,354,289
48518,0,355,289
48519,0,356,289
48520,0,357,289
48521,0,358,289
48522,0,359,289
48523,0,360,289
48524,0,361,289
48525,0,362,289
48526,0,363,289
48527,0,364,289
48528,0,365,289
48529,0,366,289
48530,0,367,289
48531,0,368,289
48532,0,369,289
48533,0,370,289
48534,0,371,289
48535,0,450,289
48536,0,451,289
48537,0,452,289
48538,0,453,289
48539,0,454,289
48540,0,455,289
48541,0,456,289
48542,0,457,289
48543,0,458,289
48544,0,459,289
48545,0,460,289
48546,0,461,289
48547,0,462,289
48548,0,463,289
48549,0,464,289
48550,0,465,289
48551,0,466,289
48552,0,467,289
48553,0,468,289
48554,0,469,289
48555,0,470,289
48556,0,471,289
48557,0,472,289
48558,0,473,289
48559,0,474,289
48560,0,475,289
48561,0,476,289
48562,0,477,289
48563,0,478,289
48564,0,479,289
48565,0,480,289
48566,0,481,289
48567,0,482,289
48568,0,483,289
48569,0,484,289
48570,0,485,289
48571,0,486,289
48572,0,487,289
48573,0,488,289
48574,0,489,289
48575,0,490,289
48576,0,491,289
48577,0,492,289
48578,0,493,289
48579,0,494,289
48580,0,495,289
48581,0,496,289
48582,0,497,289
48583,0,194,290
48584,0,195,290
48585,0,196,290
48586,0,197,290
48587,0,198,290
48588,0,199,290
48589,0,200,290
48590,0,201,290
48591,0,202,290
48592,0,203,290
48593,0,204,290
48594,0,205,290
48595,0,206,290
48596,0,207,290
48597,0,208,290
48598,0,209,290
48599,0,210,290
48600,0,211,290
48601,0,212,290
48602,0,213,290
48603,0,214,290
48604,0,215,290
48605,0,216,290
48606,0,217,290
48607,0,218,290
48608,0,219,290
48609,0,220,290
48610,0,221,290
48611,0,222,290
48612,0,223,290
48613,0,224,290
48614,0,225,290
48615,0,242,290
48616,0,243,290
48617,0,244,290
48618,0,245,290
48619,0,246,290
48620,0,247,290
48621,0,248,290
48622,0,249,290
48623,0,250,290
48624,0,251,290
48625,0,252,290
48626,0,253,290
48627,0,254,290
48628,0,255,290
48629,0,256,290
48630,0,257,290
48631,0,274,290
48632,0,275,290
48633,0,276,290
48634,0,277,290
48635,0,278,290
48636,0,279,290
48637,0,280,290
48638,0,281,290
48639,0,282,290
48640,0,283,290
48641,0,284,290
48642,0,285,290
48643,0,286,290
48644,0,287,290
48645,0,288,290
48646,0,289,290
48647,0,290,290
48648,0,291,290
48649,0,292,290
48650,0,293,290
48651,0,294,290
48652,0,295,290
48653,0,296,290
48654,0,297,290
48655,0,298,290
48656,0,299,290
48657,0,300,290
48658,0,301,290
48659,0,302,290
48660,0,303,290
48661,0,304,290
48662,0,305,290
48663,0,337,290
48664,0,338,290
48665,0,339,290
48666,0,340,290
48667,0,341,290
48668,0,342,290
48669,0,343,290
48670,0,344,290
48671,0,345,290
48672,0,346,290
48673,0,347,290
48674,0,348,290
48675,0,349,290
48676,0,350,290
48677,0,351,290
48678,0,352,290
48679,0,353,290
48680,0,354,290
48681,0,355,290
48682,0,356,290
48683,0,357,290
48684,0,358,290
48685,0,359,290
48686,0,360,290
48687,0,361,290
48688,0,362,290
48689,0,363,290
48690,0,364,290
48691,0,365,290
48692,0,366,290
48693,0,367,290
48694,0,368,290
48695,0,369,290
48696,0,370,290
48697,0,371,290
48698,0,450,290
48699,0,451,290
48700,0,452,290
48701,0,453,290
48702,0,454,290
48703,0,455,290
48704,0,456,290
48705,0,457,290
48706,0,458,290
48707,0,459,290
48708,0,460,290
48709,0,461,290
48710,0,462,290
48711,0,463,290
48712,0,464,290
48713,0,465,290
48714,0,466,290
48715,0,467,290
48716,0,468,290
48717,0,469,290
48718,0,470,290
48719,0,471,290
48720,0,472,290
48721,0,473,290
48722,0,474,290
48723,0,475,290
48724,0,476,290
48725,0,477,290
48726,0,478,290
48727,0,479,290
48728,0,480,290
48729,0,481,290
48730,0,482,290
48731,0,483,290
48732,0,484,290
48733,0,485,290
48734,0,486,290
48735,0,487,290
48736,0,488,290
48737,0,489,290
48738,0,490,290
48739,0,491,290
48740,0,492,290
48741,0,493,290
48742,0,494,290
48743,0,495,290
48744,0,496,290
48745,0,497,290
48746,0,194,291
48747,0,195,291
48748,0,196,291
48749,0,197,291
48750,0,198,291
48751,0,199,291
48752,0,200,291
48753,0,201,291
48754,0,202,291
48755,0,203,291
48756,0,204,291
48757,0,205,291
48758,0,206,291
48759,0,207,291
48760,0,208,291
48761,0,209,291
48762,0,210,291
48763,0,211,291
48764,0,212,291
48765,0,213,291
48766,0,214,291
48767,0,215,291
48768,0,216,291
48769,0,217,291
48770,0,218,291
48771,0,219,291
48772,0,220,291
48773,0,221,291
48774,0,222,291
48775,0,223,291
48776,0,224,291
48777,0,225,291
48778,0,242,291
48779,0,243,291
48780,0,244,291
48781,0,245,291
48782,0,246,291
48783,0,247,291
48784,0,248,291
48785,0,249,291
48786,0,250,291
48787,0,251,291
48788,0,252,291
48789,0,253,291
48790,0,254,291
48791,0,255,291
48792,0,256,291
48793,0,257,291
48794,0,274,291
48795,0,275,291
48796,0,276,291
48797,0,277,291
48798,0,278,291
48799,0,279,291
48800,0,280,291
48801,0,281,291
48802,0,282,291
48803,0,283,291
48804,0,284,291
48805,0,285,291
48806,0,286,291
48807,0,287,291
48808,0,288,291
48809,0,289,291
48810,0,290,291
48811,0,291,291
48812,0,292,291
48813,0,293,291
48814,0,294,291
48815,0,295,291
48816,0,296,291
48817,0,297,291
48818,0,298,291
48819,0,299,291
48820,0,300,291
48821,0,301,291
48822,0,302,291
48823,0,303,291
48824,0,304,291
48825,0,305,291
48826,0,337,291
48827,0,338,291
48828,0,339,291
48829,0,340,291
48830,0,341,291
48831,0,342,291
48832,0,343,291
48833,0,344,291
48834,0,345,291
48835,0,346,291
48836,0,347,291
48837,0,348,291
48838,0,349,291
48839,0,350,291
48840,0,351,291
48841,0,352,291
48842,0,353,291
48843,0,354,291
48844,0,355,291
48845,0,356,291
48846,0,357,291
48847,0,358,291
48848,0,359,291
48849,0,360,291
48850,0,361,291
48851,0,362,291
48852,0,363,291
48853,0,364,291
48854,0,365,291
48855,0,366,291
48856,0,367,291
48857,0,368,291
48858,0,369,291
48859,0,370,291
48860,0,450,291
48861,0,451,291
48862,0,452,291
48863,0,453,291
48864,0,454,291
48865,0,455,291
48866,0,456,291
48867,0,457,291
48868,0,458,291
48869,0,459,291
48870,0,460,291
48871,0,461,291
48872,0,462,291
48873,0,463,291
48874,0,464,291
48875,0,465,291
48876,0,466,291
48877,0,467,291
48878,0,468,291
48879,0,469,291
48880,0,470,291
48881,0,471,291
48882,0,472,291
48883,0,473,291
48884,0,474,291
48885,0,475,291
48886,0,476,291
48887,0,477,291
48888,0,478,291
48889,0,479,291
48890,0,480,291
48891,0,481,291
48892,0,482,291
48893,0,483,291
48894,0,484,291
48895,0,485,291
48896,0,486,291
48897,0,487,291
48898,0,488,291
48899,0,489,291
48900,0,490,291
48901,0,491,291
48902,0,492,291
48903,0,493,291
48904,0,494,291
48905,0,495,291
48906,0,496,291
48907,0,497,291
48908,0,194,292
48909,0,195,292
48910,0,196,292
48911,0,197,292
48912,0,198,292
48913,0,199,292
48914,0,200,292
48915,0,201,292
48916,0,202,292
48917,0,203,292
48918,0,204,292
48919,0,205,292
48920,0,206,292
48921,0,207,292
48922,0,208,292
48923,0,209,292
48924,0,210,292
48925,0,211,292
48926,0,212,292
48927,0,213,292
48928,0,214,292
48929,0,215,292
48930,0,216,292
48931,0,217,292
48932,0,218,292
48933,0,219,292
48934,0,220,292
48935,0,221,292
48936,0,222,292
48937,0,223,292
48938,0,224,292
48939,0,225,292
48940,0,242,292
48941,0,243,292
48942,0,244,292
48943,0,245,292
48944,0,246,292
48945,0,247,292
48946,0,248,292
48947,0,249,292
48948,0,250,292
48949,0,251,292
48950,0,252,292
48951,0,253,292
48952,0,254,292
48953,0,255,292
48954,0,256,292
48955,0,257,292
48956,0,258,292
48957,0,274,292
48958,0,275,292
48959,0,276,292
48960,0,277,292
48961,0,278,292
48962,0,279,292
48963,0,280,292
48964,0,281,292
48965,0,282,292
48966,0,283,292
48967,0,284,292
48968,0,285,292
48969,0,286,292
48970,0,287,292
48971,0,288,292
48972,0,289,292
48973,0,290,292
48974,0,291,292
48975,0,292,292
48976,0,293,292
48977,0,294,292
48978,0,295,292
48979,0,296,292
48980,0,297,292
48981,0,298,292
48982,0,299,292
48983,0,300,292
48984,0,301,292
48985,0,302,292
48986,0,303,292
48987,0,304,292
48988,0,305,292
48989,0,337,292
48990,0,338,292
48991,0,339,292
48992,0,340,292
48993,0,341,292
48994,0,342,292
48995,0,343,292
48996,0,344,292
48997,0,345,292
48998,0,346,292
48999,0,347,292
49000,0,348,292
49001,0,349,292
49002,0,350,292
49003,0,351,292
49004,0,352,292
49005,0,353,292
49006,0,354,292
49007,0,355,292
49008,0,356,292
49009,0,357,292
49010,0,358,292
49011,0,359,292
49012,0,360,292
49013,0,361,292
49014,0,362,292
49015,0,363,292
49016,0,364,292
49017,0,365,292
49018,0,366,292
49019,0,367,292
49020,0,368,292
49021,0,369,292
49022,0,370,292
49023,0,450,292
49024,0,451,292
49025,0,452,292
49026,0,453,292
49027,0,454,292
49028,0,455,292
49029,0,456,292
49030,0,457,292
49031,0,458,292
49032,0,459,292
49033,0,460,292
49034,0,461,292
49035,0,462,292
49036,0,463,292
49037,0,464,292
49038,0,465,292
49039,0,466,292
49040,0,467,292
49041,0,468,292
49042,0,469,292
49043,0,470,292
49044,0,471,292
49045,0,472,292
49046,0,473,292
49047,0,474,292
49048,0,475,292
49049,0,476,292
49050,0,477,292
49051,0,478,292
49052,0,479,292
49053,0,480,292
49054,0,481,292
49055,0,482,292
49056,0,483,292
49057,0,484,292
49058,0,485,292
49059,0,486,292
49060,0,487,292
49061,0,488,292
49062,0,489,292
49063,0,490,292
49064,0,491,292
49065,0,492,292
49066,0,493,292
49067,0,494,292
49068,0,495,292
49069,0,496,292
49070,0,497,292
49071,0,194,293
49072,0,195,293
49073,0,196,293
49074,0,197,293
49075,0,198,293
49076,0,199,293
49077,0,200,293
49078,0,201,293
49079,0,202,293
49080,0,203,293
49081,0,204,293
49082,0,205,293
49083,0,206,293
49084,0,207,293
49085,0,208,293
49086,0,209,293
49087,0,210,293
49088,0,211,293
49089,0,212,293
49090,0,213,293
49091,0,214,293
49092,0,215,293
49093,0,216,293
49094,0,217,293
49095,0,218,293
49096,0,219,293
49097,0,220,293
49098,0,221,293
49099,0,222,293
49100,0,223,293
49101,0,224,293
49102,0,225,293
49103,0,241,293
49104,0,242,293
49105,0,243,293
49106,0,244,293
49107,0,245,293
49108,0,246,293
49109,0,247,293
49110,0,248,293
49111,0,249,293
49112,0,250,293
49113,0,251,293
49114,0,252,293
49115,0,253,293
49116,0,254,293
49117,0,255,293
49118,0,256,293
49119,0,257,293
49120,0,258,293
49121,0,274,293
49122,0,275,293
49123,0,276,293
49124,0,277,293
49125,0,278,293
49126,0,279,293
49127,0,280,293
49128,0,281,293
49129,0,282,293
49130,0,283,293
49131,0,284,293
49132,0,285,293
49133,0,286,293
49134,0,287,293
49135,0,288,293
49136,0,289,293
49137,0,290,293
49138,0,291,293
49139,0,292,293
49140,0,293,293
49141,0,294,293
49142,0,295,293
49143,0,296,293
49144,0,297,293
49145,0,298,293
49146,0,299,293
49147,0,300,293
49148,0,301,293
49149,0,302,293
49150,0,303,293
49151,0,304,293
49152,0,305,293
49153,0,337,293
49154,0,338,293
49155,0,339,293
49156,0,340,293
49157,0,341,293
49158,0,342,293
49159,0,343,293
49160,0,344,293
49161,0,345,293
49162,0,346,293
49163,0,347,293
49164,0,348,293
49165,0,349,293
49166,0,350,293
49167,0,351,293
49168,0,352,293
49169,0,353,293
49170,0,354,293
49171,0,355,293
49172,0,356,293
49173,0,357,293
49174,0,358,293
49175,0,359,293
49176,0,360,293
49177,0,361,293
49178,0,362,293
49179,0,363,293
49180,0,364,293
49181,0,365,293
49182,0,366,293
49183,0,367,293
49184,0,368,293
49185,0,369,293
49186,0,370,293
49187,0,450,293
49188,0,451,293
49189,0,452,293
49190,0,453,293
49191,0,454,293
49192,0,455,293
49193,0,456,293
49194,0,457,293
49195,0,458,293
49196,0,459,293
49197,0,460,293
49198,0,461,293
49199,0,462,293
49200,0,463,293
49201,0,464,293
49202,0,465,293
49203,0,466,293
49204,0,467,293
49205,0,468,293
49206,0,469,293
49207,0,470,293
49208,0,471,293
49209,0,472,293
49210,0,473,293
49211,0,474,293
49212,0,475,293
49213,0,476,293
49214,0,477,293
49215,0,478,293
49216,0,479,293
49217,0,480,293
49218,0,481,293
49219,0,482,293
49220,0,483,293
49221,0,484,293
49222,0,485,293
49223,0,486,293
49224,0,487,293
49225,0,488,293
49226,0,489,293
49227,0,490,293
49228,0,491,293
49229,0,492,293
49230,0,493,293
49231,0,494,293
49232,0,495,293
49233,0,496,293
49234,0,497,293
49235,0,194,294
49236,0,195,294
49237,0,196,294
49238,0,197,294
49239,0,198,294
49240,0,199,294
49241,0,200,294
49242,0,201,294
49243,0,202,294
49244,0,203,294
49245,0,204,294
49246,0,205,294
49247,0,206,294
49248,0,207,294
49249,0,208,294
49250,0,209,294
49251,0,210,294
49252,0,211,294
49253,0,212,294
49254,0,213,294
49255,0,214,294
49256,0,215,294
49257,0,216,294
49258,0,217,294
49259,0,218,294
49260,0,219,294
49261,0,220,294
49262,0,221,294
49263,0,222,294
49264,0,223,294
49265,0,224,294
49266,0,225,294
49267,0,241,294
49268,0,242,294
49269,0,243,294
49270,0,244,294
49271,0,245,294
49272,0,246,294
49273,0,247,294
49274,0,248,294
49275,0,249,294
49276,0,250,294
49277,0,251,294
49278,0,252,294
49279,0,253,294
49280,0,254,294
49281,0,255,294
49282,0,256,294
49283,0,257,294
49284,0,258,294
49285,0,274,294
49286,0,275,294
49287,0,276,294
49288,0,277,294
49289,0,278,294
49290,0,279,294
49291,0,280,294
49292,0,281,294
49293,0,282,294
49294,0,283,294
49295,0,284,294
49296,0,285,294
49297,0,286,294
49298,0,287,294
49299,0,288,294
49300,0,289,294
49301,0,290,294
49302,0,291,294
49303,0,292,294
49304,0,293,294
49305,0,294,294
49306,0,295,294
49307,0,296,294
49308,0,297,294
49309,0,298,294
49310,0,299,294
49311,0,300,294
49312,0,301,294
49313,0,302,294
49314,0,303,294
49315,0,304,294
49316,0,305,294
49317,0,337,294
49318,0,338,294
49319,0,339,294
49320,0,340,294
49321,0,341,294
49322,0,342,294
49323,0,343,294
49324,0,344,294
49325,0,345,294
49326,0,346,294
49327,0,347,294
49328,0,348,294
49329,0,349,294
49330,0,350,294
49331,0,351,294
49332,0,352,294
49333,0,353,294
49334,0,354,294
49335,0,355,294
49336,0,356,294
49337,0,357,294
49338,0,358,294
49339,0,359,294
49340,0,360,294
49341,0,361,294
49342,0,362,294
49343,0,363,294
49344,0,364,294
49345,0,365,294
49346,0,366,294
49347,0,367,294
49348,0,368,294
49349,0,369,294
49350,0,370,294
49351,0,450,294
49352,0,451,294
49353,0,452,294
49354,0,453,294
49355,0,454,294
49356,0,455,294
49357,0,456,294
49358,0,457,294
49359,0,458,294
49360,0,459,294
49361,0,460,294
49362,0,461,294
49363,0,462,294
49364,0,463,294
49365,0,464,294
49366,0,465,294
49367,0,466,294
49368,0,467,294
49369,0,468,294
49370,0,469,294
49371,0,470,294
49372,0,471,294
49373,0,472,294
49374,0,473,294
49375,0,474,294
49376,0,475,294
49377,0,476,294
49378,0,477,294
49379,0,478,294
49380,0,479,294
49381,0,480,294
49382,0,481,294
49383,0,482,294
49384,0,483,294
49385,0,484,294
49386,0,485,294
49387,0,486,294
49388,0,487,294
49389,0,488,294
49390,0,489,294
49391,0,490,294
49392,0,491,294
49393,0,492,294
49394,0,493,294
49395,0,494,294
49396,0,495,294
49397,0,496,294
49398,0,497,294
49399,0,194,295
49400,0,195,295
49401,0,196,295
49402,0,197,295
49403,0,198,295
49404,0,199,295
49405,0,200,295
49406,0,201,295
49407,0,202,295
49408,0,203,295
49409,0,204,295
49410,0,205,295
49411,0,206,295
49412,0,207,295
49413,0,208,295
49414,0,209,295
49415,0,210,295
49416,0,211,295
49417,0,212,295
49418,0,213,295
49419,0,214,295
49420,0,215,295
49421,0,216,295
49422,0,217,295
49423,0,218,295
49424,0,219,295
49425,0,220,295
49426,0,221,295
49427,0,222,295
49428,0,223,295
49429,0,224,295
49430,0,225,295
49431,0,241,295
49432,0,242,295
49433,0,243,295
49434,0,244,295
49435,0,245,295
49436,0,246,295
49437,0,247,295
49438,0,248,295
49439,0,249,295
49440,0,250,295
49441,0,251,295
49442,0,252,295
49443,0,253,295
49444,0,254,295
49445,0,255,295
49446,0,256,295
49447,0,257,295
49448,0,258,295
49449,0,274,295
49450,0,275,295
49451,0,276,295
49452,0,277,295
49453,0,278,295
49454,0,279,295
49455,0,280,295
49456,0,281,295
49457,0,282,295
49458,0,283,295
49459,0,284,295
49460,0,285,295
49461,0,286,295
49462,0,287,295
49463,0,288,295
49464,0,289,295
49465,0,290,295
49466,0,291,295
49467,0,292,295
49468,0,293,295
49469,0,294,295
49470,0,295,295
49471,0,296,295
49472,0,297,295
49473,0,298,295
49474,0,299,295
49475,0,300,295
49476,0,301,295
49477,0,302,295
49478,0,303,295
49479,0,304,295
49480,0,305,295
49481,0,337,295
49482,0,338,295
49483,0,339,295
49484,0,340,295
49485,0,341,295
49486,0,342,295
49487,0,343,295
49488,0,344,295
49489,0,345,295
49490,0,346,295
49491,0,347,295
49492,0,348,295
49493,0,349,295
49494,0,350,295
49495,0,351,295
49496,0,352,295
49497,0,353,295
49498,0,354,295
49499,0,355,295
49500,0,356,295
49501,0,357,295
49502,0,358,295
49503,0,359,295
49504,0,360,295
49505,0,361,295
49506,0,362,295
49507,0,363,295
49508,0,364,295
49509,0,365,295
49510,0,366,295
49511,0,367,295
49512,0,368,295
49513,0,369,295
49514,0,370,295
49515,0,450,295
49516,0,451,295
49517,0,452,295
49518,0,453,295
49519,0,454,295
49520,0,455,295
49521,0,456,295
49522,0,457,295
49523,0,458,295
49524,0,459,295
49525,0,460,295
49526,0,461,295
49527,0,462,295
49528,0,463,295
49529,0,464,295
49530,0,465,295
49531,0,466,295
49532,0,467,295
49533,0,468,295
49534,0,469,295
49535,0,470,295
49536,0,471,295
49537,0,472,295
49538,0,473,295
49539,0,474,295
49540,0,475,295
49541,0,476,295
49542,0,477,295
49543,0,478,295
49544,0,479,295
49545,0,480,295
49546,0,481,295
49547,0,482,295
49548,0,483,295
49549,0,484,295
49550,0,485,295
49551,0,486,295
49552,0,487,295
49553,0,488,295
49554,0,489,295
49555,0,490,295
49556,0,491,295
49557,0,492,295
49558,0,493,295
49559,0,494,295
49560,0,495,295
49561,0,496,295
49562,0,497,295
49563,0,194,296
49564,0,195,296
49565,0,196,296
49566,0,197,296
49567,0,198,296
49568,0,199,296
49569,0,200,296
49570,0,201,296
49571,0,202,296
49572,0,203,296
49573,0,204,296
49574,0,205,296
49575,0,206,296
49576,0,207,296
49577,0,208,296
49578,0,209,296
49579,0,210,296
49580,0,211,296
49581,0,212,296
49582,0,213,296
49583,0,214,296
49584,0,215,296
49585,0,216,296
49586,0,217,296
49587,0,218,296
49588,0,219,296
49589,0,220,296
49590,0,221,296
49591,0,222,296
49592,0,223,296
49593,0,224,296
49594,0,225,296
49595,0,241,296
49596,0,242,296
49597,0,243,296
49598,0,244,296
49599,0,245,296
49600,0,246,296
49601,0,247,296
49602,0,248,296
49603,0,249,296
49604,0,250,296
49605,0,251,296
49606,0,252,296
49607,0,253,296
49608,0,254,296
49609,0,255,296
49610,0,256,296
49611,0,257,296
49612,0,258,296
49613,0,274,296
49614,0,275,296
49615,0,276,296
49616,0,277,296
49617,0,278,296
49618,0,279,296
49619,0,280,296
49620,0,281,296
49621,0,282,296
49622,0,283,296
49623,0,284,296
49624,0,285,296
49625,0,286,296
49626,0,287,296
49627,0,288,296
49628,0,289,296
49629,0,290,296
49630,0,291,296
49631,0,292,296
49632,0,293,296
49633,0,294,296
49634,0,295,296
49635,0,296,296
49636,0,297,296
49637,0,298,296
49638,0,299,296
49639,0,300,296
49640,0,301,296
49641,0,302,296
49642,0,303,296
49643,0,304,296
49644,0,305,296
49645,0,337,296
49646,0,338,296
49647,0,339,296
49648,0,340,296
49649,0,341,296
49650,0,342,296
49651,0,343,296
49652,0,344,296
49653,0,345,296
49654,0,346,296
49655,0,347,296
49656,0,348,296
49657,0,349,296
49658,0,350,296
49659,0,351,296
49660,0,352,296
49661,0,353,296
49662,0,354,296
49663,0,355,296
49664,0,356,296
49665,0,357,296
49666,0,358,296
49667,0,359,296
49668,0,360,296
49669,0,361,296
49670,0,362,296
49671,0,363,296
49672,0,364,296
49673,0,365,296
49674,0,366,296
49675,0,367,296
49676,0,368,296
49677,0,369,296
49678,0,370,296
49679,0,450,296
49680,0,451,296
49681,0,452,296
49682,0,453,296
49683,0,454,296
49684,0,455,296
49685,0,456,296
49686,0,457,296
49687,0,458,296
49688,0,459,296
49689,0,460,296
49690,0,461,296
49691,0,462,296
49692,0,463,296
49693,0,464,296
49694,0,465,296
49695,0,466,296
49696,0,467,296
49697,0,468,296
49698,0,469,296
49699,0,470,296
49700,0,471,296
49701,0,472,296
49702,0,473,296
49703,0,474,296
49704,0,475,296
49705,0,476,296
49706,0,477,296
49707,0,478,296
49708,0,479,296
49709,0,480,296
49710,0,481,296
49711,0,482,296
49712,0,483,296
49713,0,484,296
49714,0,485,296
49715,0,486,296
49716,0,487,296
49717,0,488,296
49718,0,489,296
49719,0,490,296
49720,0,491,296
49721,0,492,296
49722,0,493,296
49723,0,494,296
49724,0,495,296
49725,0,496,296
49726,0,497,296
49727,0,194,297
49728,0,195,297
49729,0,196,297
49730,0,197,297
49731,0,198,297
49732,0,199,297
49733,0,200,297
49734,0,201,297
49735,0,202,297
49736,0,203,297
49737,0,204,297
49738,0,205,297
49739,0,206,297
49740,0,207,297
49741,0,208,297
49742,0,209,297
49743,0,210,297
49744,0,211,297
49745,0,212,297
49746,0,213,297
49747,0,214,297
49748,0,215,297
49749,0,216,297
49750,0,217,297
49751,0,218,297
49752,0,219,297
49753,0,220,297
49754,0,221,297
49755,0,222,297
49756,0,223,297
49757,0,224,297
49758,0,225,297
49759,0,241,297
49760,0,242,297
49761,0,243,297
49762,0,244,297
49763,0,245,297
49764,0,246,297
49765,0,247,297
49766,0,248,297
49767,0,249,297
49768,0,250,297
49769,0,251,297
49770,0,252,297
49771,0,253,297
49772,0,254,297
49773,0,255,297
49774,0,256,297
49775,0,257,297
49776,0,258,297
49777,0,274,297
49778,0,275,297
49779,0,276,297
49780,0,277,297
49781,0,278,297
49782,0,279,297
49783,0,280,297
49784,0,281,297
49785,0,282,297
49786,0,283,297
49787,0,284,297
49788,0,285,297
49789,0,286,297
49790,0,287,297
49791,0,288,297
49792,0,289,297
49793,0,290,297
49794,0,291,297
49795,0,292,297
49796,0,293,297
49797,0,294,297
49798,0,295,297
49799,0,296,297
49800,0,297,297
49801,0,298,297
49802,0,299,297
49803,0,300,297
49804,0,301,297
49805,0,302,297
49806,0,303,297
49807,0,304,297
49808,0,305,297
49809,0,306,297
49810,0,307,297
49811,0,337,297
49812,0,338,297
49813,0,339,297
49814,0,340,297
49815,0,341,297
49816,0,342,297
49817,0,343,297
49818,0,344,297
49819,0,345,297
49820,0,346,297
49821,0,347,297
49822,0,348,297
49823,0,349,297
49824,0,350,297
49825,0,351,297
49826,0,352,297
49827,0,353,297
49828,0,354,297
49829,0,355,297
49830,0,356,297
49831,0,357,297
49832,0,358,297
49833,0,359,297
49834,0,360,297
49835,0,361,297
49836,0,362,297
49837,0,363,297
49838,0,364,297
49839,0,365,297
49840,0,366,297
49841,0,367,297
49842,0,368,297
49843,0,369,297
49844,0,370,297
49845,0,450,297
49846,0,451,297
49847,0,452,297
49848,0,453,297
49849,0,454,297
49850,0,455,297
49851,0,456,297
49852,0,457,297
49853,0,458,297
49854,0,459,297
49855,0,460,297
49856,0,461,297
49857,0,462,297
49858,0,463,297
49859,0,464,297
49860,0,465,297
49861,0,466,297
49862,0,467,297
49863,0,468,297
49864,0,469,297
49865,0,470,297
49866,0,471,297
49867,0,472,297
49868,0,473,297
49869,0,474,297
49870,0,475,297
49871,0,476,297
49872,0,477,297
49873,0,478,297
49874,0,479,297
49875,0,480,297
49876,0,481,297
49877,0,482,297
49878,0,483,297
49879,0,484,297
49880,0,485,297
49881,0,486,297
49882,0,487,297
49883,0,488,297
49884,0,489,297
49885,0,490,297
49886,0,491,297
49887,0,492,297
49888,0,493,297
49889,0,494,297
49890,0,495,297
49891,0,496,297
49892,0,497,297
49893,0,194,298
49894,0,195,298
49895,0,196,298
49896,0,197,298
49897,0,198,298
49898,0,199,298
49899,0,200,298
49900,0,201,298
49901,0,202,298
49902,0,203,298
49903,0,204,298
49904,0,205,298
49905,0,206,298
49906,0,207,298
49907,0,208,298
49908,0,209,298
49909,0,210,298
49910,0,211,298
49911,0,212,298
49912,0,213,298
49913,0,214,298
49914,0,215,298
49915,0,216,298
49916,0,217,298
49917,0,218,298
49918,0,219,298
49919,0,220,298
49920,0,221,298
49921,0,222,298
49922,0,223,298
49923,0,224,298
49924,0,225,298
49925,0,241,298
49926,0,242,298
49927,0,243,298
49928,0,244,298
49929,0,245,298
49930,0,246,298
49931,0,247,298
49932,0,248,298
49933,0,249,298
49934,0,250,298
49935,0,251,298
49936,0,252,298
49937,0,253,298
49938,0,254,298
49939,0,255,298
49940,0,256,298
49941,0,257,298
49942,0,258,298
49943,0,274,298
49944,0,275,298
49945,0,276,298
49946,0,277,298
49947,0,278,298
49948,0,279,298
49949,0,280,298
49950,0,281,298
49951,0,282,298
49952,0,283,298
49953,0,284,298
49954,0,285,298
49955,0,286,298
49956,0,287,298
49957,0,288,298
49958,0,289,298
49959,0,290,298
49960,0,291,298
49961,0,292,298
49962,0,293,298
49963,0,294,298
49964,0,295,298
49965,0,296,298
49966,0,297,298
49967,0,298,298
49968,0,299,298
49969,0,300,298
49970,0,301,298
49971,0,302,298
49972,0,303,298
49973,0,304,298
49974,0,305,298
49975,0,306,298
49976,0,307,298
49977,0,337,298
49978,0,338,298
49979,0,339,298
49980,0,340,298
49981,0,341,298
49982,0,342,298
49983,0,343,298
49984,0,344,298
49985,0,345,298
49986,0,346,298
49987,0,347,298
49988,0,348,298
49989,0,349,298
49990,0,350,298
49991,0,351,298
49992,0,352,298
49993,0,353,298
49994,0,354,298
49995,0,355,298
49996,0,356,298
49997,0,357,298
49998,0,358,298
49999,0,359,298
50000,0,360,298
50001,0,361,298
50002,0,362,298
50003,0,363,298
50004,0,364,298
50005,0,365,298
50006,0,366,298
50007,0,367,298
50008,0,368,298
50009,0,369,298
50010,0,370,298
50011,0,450,298
50012,0,451,298
50013,0,452,298
50014,0,453,298
50015,0,454,298
50016,0,455,298
50017,0,456,298
50018,0,457,298
50019,0,458,298
50020,0,459,298
50021,0,460,298
50022,0,461,298
50023,0,462,298
50024,0,463,298
50025,0,464,298
50026,0,465,298
50027,0,466,298
50028,0,467,298
50029,0,468,298
50030,0,469,298
50031,0,470,298
50032,0,471,298
50033,0,472,298
50034,0,473,298
50035,0,474,298
50036,0,475,298
50037,0,476,298
50038,0,477,298
50039,0,478,298
50040,0,479,298
50041,0,480,298
50042,0,481,298
50043,0,482,298
50044,0,483,298
50045,0,484,298
50046,0,485,298
50047,0,486,298
50048,0,487,298
50049,0,488,298
50050,0,489,298
50051,0,490,298
50052,0,491,298
50053,0,492,298
50054,0,493,298
50055,0,494,298
50056,0,495,298
50057,0,496,298
50058,0,497,298
50059,0,194,299
50060,0,195,299
50061,0,196,299
50062,0,197,299
50063,0,198,299
50064,0,199,299
50065,0,200,299
50066,0,201,299
50067,0,202,299
50068,0,203,299
50069,0,204,299
50070,0,205,299
50071,0,206,299
50072,0,207,299
50073,0,208,299
50074,0,209,299
50075,0,210,299
50076,0,211,299
50077,0,212,299
50078,0,213,299
50079,0,214,299
50080,0,215,299
50081,0,216,299
50082,0,217,299
50083,0,218,299
50084,0,219,299
50085,0,220,299
50086,0,221,299
50087,0,222,299
50088,0,223,299
50089,0,224,299
50090,0,225,299
50091,0,241,299
50092,0,242,299
50093,0,243,299
50094,0,244,299
50095,0,245,299
50096,0,246,299
50097,0,247,299
50098,0,248,299
50099,0,249,299
50100,0,250,299
50101,0,251,299
50102,0,252,299
50103,0,253,299
50104,0,254,299
50105,0,255,299
50106,0,256,299
50107,0,257,299
50108,0,258,299
50109,0,274,299
50110,0,275,299
50111,0,276,299
50112,0,277,299
50113,0,278,299
50114,0,279,299
50115,0,280,299
50116,0,281,299
50117,0,282,299
50118,0,283,299
50119,0,284,299
50120,0,285,299
50121,0,286,299
50122,0,287,299
50123,0,288,299
50124,0,289,299
50125,0,290,299
50126,0,291,299
50127,0,292,299
50128,0,293,299
50129,0,294,299
50130,0,295,299
50131,0,296,299
50132,0,297,299
50133,0,298,299
50134,0,299,299
50135,0,300,299
50136,0,301,299
50137,0,302,299
50138,0,303,299
50139,0,304,299
50140,0,305,299
50141,0,306,299
50142,0,307,299
50143,0,308,299
50144,0,337,299
50145,0,338,299
50146,0,339,299
50147,0,340,299
50148,0,341,299
50149,0,342,299
50150,0,343,299
50151,0,344,299
50152,0,345,299
50153,0,346,299
50154,0,347,299
50155,0,348,299
50156,0,349,299
50157,0,350,299
50158,0,351,299
50159,0,352,299
50160,0,353,299
50161,0,354,299
50162,0,355,299
50163,0,356,299
50164,0,357,299
50165,0,358,299
50166,0,359,299
50167,0,360,299
50168,0,361,299
50169,0,362,299
50170,0,363,299
50171,0,364,299
50172,0,365,299
50173,0,366,299
50174,0,367,299
50175,0,368,299
50176,0,369,299
50177,0,370,299
50178,0,450,299
50179,0,451,299
50180,0,452,299
50181,0,453,299
50182,0,454,299
50183,0,455,299
50184,0,456,299
50185,0,457,299
50186,0,458,299
50187,0,459,299
50188,0,460,299
50189,0,461,299
50190,0,462,299
50191,0,463,299
50192,0,464,299
50193,0,465,299
50194,0,466,299
50195,0,467,299
50196,0,468,299
50197,0,469,299
50198,0,470,299
50199,0,471,299
50200,0,472,299
50201,0,473,299
50202,0,474,299
50203,0,475,299
50204,0,476,299
50205,0,477,299
50206,0,478,299
50207,0,479,299
50208,0,480,299
50209,0,481,299
50210,0,482,299
50211,0,483,299
50212,0,484,299
50213,0,485,299
50214,0,486,299
50215,0,487,299
50216,0,488,299
50217,0,489,299
50218,0,490,299
50219,0,491,299
50220,0,492,299
50221,0,493,299
50222,0,494,299
50223,0,495,299
50224,0,496,299
50225,0,497,299
50226,0,194,300
50227,0,195,300
50228,0,196,300
50229,0,197,300
50230,0,198,300
50231,0,199,300
50232,0,200,300
50233,0,201,300
50234,0,202,300
50235,0,203,300
50236,0,204,300
50237,0,205,300
50238,0,206,300
50239,0,207,300
50240,0,208,300
50241,0,209,300
50242,0,210,300
50243,0,211,300
50244,0,212,300
50245,0,213,300
50246,0,214,300
50247,0,215,300
50248,0,216,300
50249,0,217,300
50250,0,218,300
50251,0,219,300
50252,0,220,300
50253,0,221,300
50254,0,222,300
50255,0,223,300
50256,0,224,300
50257,0,225,300
50258,0,241,300
50259,0,242,300
50260,0,243,300
50261,0,244,300
50262,0,245,300
50263,0,246,300
50264,0,247,300
50265,0,248,300
50266,0,249,300
50267,0,250,300
50268,0,251,300
50269,0,252,300
50270,0,253,300
50271,0,254,300
50272,0,255,300
50273,0,256,300
50274,0,257,300
50275,0,258,300
50276,0,274,300
50277,0,275,300
50278,0,276,300
50279,0,277,300
50280,0,278,300
50281,0,279,300
50282,0,280,300
50283,0,281,300
50284,0,282,300
50285,0,283,300
50286,0,284,300
50287,0,285,300
50288,0,286,300
50289,0,287,300
50290,0,288,300
50291,0,289,300
50292,0,290,300
50293,0,291,300
50294,0,292,300
50295,0,293,300
50296,0,294,300
50297,0,295,300
50298,0,296,300
50299,0,297,300
50300,0,298,300
50301,0,299,300
50302,0,300,300
50303,0,301,300
50304,0,302,300
50305,0,303,300
50306,0,304,300
50307,0,305,300
50308,0,306,300
50309,0,307,300
50310,0,337,300
50311,0,338,300
50312,0,339,300
50313,0,340,300
50314,0,341,300
50315,0,342,300
50316,0,343,300
50317,0,344,300
50318,0,345,300
50319,0,346,300
50320,0,347,300
50321,0,348,300
50322,0,349,300
50323,0,350,300
50324,0,351,300
50325,0,352,300
50326,0,353,300
50327,0,354,300
50328,0,355,300
50329,0,356,300
50330,0,357,300
50331,0,358,300
50332,0,359,300
50333,0,360,300
50334,0,361,300
50335,0,362,300
50336,0,363,300
50337,0,364,300
50338,0,365,300
50339,0,366,300
50340,0,367,300
50341,0,368,300
50342,0,369,300
50343,0,370,300
50344,0,450,300
50345,0,451,300
50346,0,452,300
50347,0,453,300
50348,0,454,300
50349,0,455,300
50350,0,456,300
50351,0,457,300
50352,0,458,300
50353,0,459,300
50354,0,460,300
50355,0,461,300
50356,0,462,300
50357,0,463,300
50358,0,464,300
50359,0,465,300
50360,0,466,300
50361,0,467,300
50362,0,468,300
50363,0,469,300
50364,0,470,300
50365,0,471,300
50366,0,472,300
50367,0,473,300
50368,0,474,300
50369,0,475,300
50370,0,476,300
50371,0,477,300
50372,0,478,300
50373,0,479,300
50374,0,480,300
50375,0,481,300
50376,0,482,300
50377,0,483,300
50378,0,484,300
50379,0,485,300
50380,0,486,300
50381,0,487,300
50382,0,488,300
50383,0,489,300
50384,0,490,300
50385,0,491,300
50386,0,492,300
50387,0,493,300
50388,0,494,300
50389,0,495,300
50390,0,496,300
50391,0,497,300
50392,0,194,301
50393,0,195,301
50394,0,196,301
50395,0,197,301
50396,0,198,301
50397,0,199,301
50398,0,200,301
50399,0,201,301
50400,0,202,301
50401,0,203,301
50402,0,204,301
50403,0,205,301
50404,0,206,301
50405,0,207,301
50406,0,208,301
50407,0,209,301
50408,0,210,301
50409,0,211,301
50410,0,212,301
50411,0,213,301
50412,0,214,301
50413,0,215,301
50414,0,216,301
50415,0,217,301
50416,0,218,301
50417,0,219,301
50418,0,220,301
50419,0,221,301
50420,0,222,301
50421,0,223,301
50422,0,224,301
50423,0,225,301
50424,0,240,301
50425,0,241,301
50426,0,242,301
50427,0,243,301
50428,0,244,301
50429,0,245,301
50430,0,246,301
50431,0,247,301
50432,0,248,301
50433,0,249,301
50434,0,250,301
50435,0,251,301
50436,0,252,301
50437,0,253,301
50438,0,254,301
50439,0,255,301
50440,0,256,301
50441,0,257,301
50442,0,258,301
50443,0,259,301
50444,0,274,301
50445,0,275,301
50446,0,276,301
50447,0,277,301
50448,0,278,301
50449,0,279,301
50450,0,280,301
50451,0,281,301
50452,0,282,301
50453,0,283,301
50454,0,284,301
50455,0,285,301
50456,0,286,301
50457,0,287,301
50458,0,288,301
50459,0,289,301
50460,0,290,301
50461,0,291,301
50462,0,292,301
50463,0,293,301
50464,0,294,301
50465,0,295,301
50466,0,296,301
50467,0,297,301
50468,0,298,301
50469,0,299,301
50470,0,300,301
50471,0,301,301
50472,0,302,301
50473,0,303,301
50474,0,304,301
50475,0,305,301
50476,0,306,301
50477,0,307,301
50478,0,337,301
50479,0,338,301
50480,0,339,301
50481,0,340,301
50482,0,341,301
50483,0,342,301
50484,0,343,301
50485,0,344,301
50486,0,345,301
50487,0,346,301
50488,0,347,301
50489,0,348,301
50490,0,349,301
50491,0,350,301
50492,0,351,301
50493,0,352,301
50494,0,353,301
50495,0,354,301
50496,0,355,301
50497,0,356,301
50498,0,357,301
50499,0,358,301
50500,0,359,301
50501,0,360,301
50502,0,361,301
50503,0,362,301
50504,0,363,301
50505,0,364,301
50506,0,365,301
50507,0,366,301
50508,0,367,301
50509,0,368,301
50510,0,369,301
50511,0,370,301
50512,0,450,301
50513,0,451,301
50514,0,452,301
50515,0,453,301
50516,0,454,301
50517,0,455,301
50518,0,456,301
50519,0,457,301
50520,0,458,301
50521,0,459,301
50522,0,460,301
50523,0,461,301
50524,0,462,301
50525,0,463,301
50526,0,464,301
50527,0,465,301
50528,0,466,301
50529,0,467,301
50530,0,468,301
50531,0,469,301
50532,0,470,301
50533,0,471,301
50534,0,472,301
50535,0,473,301
50536,0,474,301
50537,0,475,301
50538,0,476,301
50539,0,477,301
50540,0,478,301
50541,0,479,301
50542,0,480,301
50543,0,481,301
50544,0,482,301
50545,0,483,301
50546,0,484,301
50547,0,485,301
50548,0,486,301
50549,0,487,301
50550,0,488,301
50551,0,489,301
50552,0,490,301
50553,0,491,301
50554,0,492,301
50555,0,493,301
50556,0,494,301
50557,0,495,301
50558,0,496,301
50559,0,497,301
50560,0,194,302
50561,0,195,302
50562,0,196,302
50563,0,197,302
50564,0,198,302
50565,0,199,302
50566,0,200,302
50567,0,201,302
50568,0,202,302
50569,0,203,302
50570,0,204,302
50571,0,205,302
50572,0,206,302
50573,0,207,302
50574,0,208,302
50575,0,209,302
50576,0,210,302
50577,0,211,302
50578,0,212,302
50579,0,213,302
50580,0,214,302
50581,0,215,302
50582,0,216,302
50583,0,217,302
50584,0,218,302
50585,0,219,302
50586,0,220,302
50587,0,221,302
50588,0,222,302
50589,0,223,302
50590,0,224,302
50591,0,225,302
50592,0,240,302
50593,0,241,302
50594,0,242,302
50595,0,243,302
50596,0,244,302
50597,0,245,302
50598,0,246,302
50599,0,247,302
50600,0,248,302
50601,0,249,302
50602,0,250,302
50603,0,251,302
50604,0,252,302
50605,0,253,302
50606,0,254,302
50607,0,255,302
50608,0,256,302
50609,0,257,302
50610,0,258,302
50611,0,274,302
50612,0,275,302
50613,0,276,302
50614,0,277,302
50615,0,278,302
50616,0,279,302
50617,0,280,302
50618,0,281,302
50619,0,282,302
50620,0,283,302
50621,0,284,302
50622,0,285,302
50623,0,286,302
50624,0,287,302
50625,0,288,302
50626,0,289,302
50627,0,290,302
50628,0,291,302
50629,0,292,302
50630,0,293,302
50631,0,294,302
50632,0,295,302
50633,0,296,302
50634,0,297,302
50635,0,298,302
50636,0,299,302
50637,0,300,302
50638,0,301,302
50639,0,302,302
50640,0,305,302
50641,0,306,302
50642,0,307,302
50643,0,337,302
50644,0,338,302
50645,0,339,302
50646,0,340,302
50647,0,341,302
50648,0,342,302
50649,0,343,302
50650,0,344,302
50651,0,345,302
50652,0,346,302
50653,0,347,302
50654,0,348,302
50655,0,349,302
50656,0,350,302
50657,0,351,302
50658,0,352,302
50659,0,353,302
50660,0,354,302
50661,0,355,302
50662,0,356,302
50663,0,357,302
50664,0,358,302
50665,0,359,302
50666,0,360,302
50667,0,361,302
50668,0,362,302
50669,0,363,302
50670,0,364,302
50671,0,365,302
50672,0,366,302
50673,0,367,302
50674,0,368,302
50675,0,369,302
50676,0,370,302
50677,0,450,302
50678,0,451,302
50679,0,452,302
50680,0,453,302
50681,0,454,302
50682,0,455,302
50683,0,456,302
50684,0,457,302
50685,0,458,302
50686,0,459,302
50687,0,460,302
50688,0,461,302
50689,0,462,302
50690,0,463,302
50691,0,464,302
50692,0,465,302
50693,0,466,302
50694,0,467,302
50695,0,468,302
50696,0,469,302
50697,0,470,302
50698,0,471,302
50699,0,472,302
50700,0,473,302
50701,0,474,302
50702,0,475,302
50703,0,476,302
50704,0,477,302
50705,0,478,302
50706,0,479,302
50707,0,480,302
50708,0,481,302
50709,0,482,302
50710,0,483,302
50711,0,484,302
50712,0,485,302
50713,0,486,302
50714,0,487,302
50715,0,488,302
50716,0,489,302
50717,0,490,302
50718,0,491,302
50719,0,492,302
50720,0,493,302
50721,0,494,302
50722,0,495,302
50723,0,496,302
50724,0,497,302
50725,0,194,303
50726,0,195,303
50727,0,196,303
50728,0,197,303
50729,0,198,303
50730,0,199,303
50731,0,200,303
50732,0,201,303
50733,0,202,303
50734,0,203,303
50735,0,204,303
50736,0,205,303
50737,0,206,303
50738,0,207,303
50739,0,208,303
50740,0,209,303
50741,0,210,303
50742,0,211,303
50743,0,212,303
50744,0,213,303
50745,0,214,303
50746,0,215,303
50747,0,216,303
50748,0,217,303
50749,0,218,303
50750,0,219,303
50751,0,220,303
50752,0,221,303
50753,0,222,303
50754,0,223,303
50755,0,224,303
50756,0,225,303
50757,0,241,303
50758,0,242,303
50759,0,243,303
50760,0,244,303
50761,0,245,303
50762,0,246,303
50763,0,247,303
50764,0,248,303
50765,0,249,303
50766,0,250,303
50767,0,251,303
50768,0,252,303
50769,0,253,303
50770,0,254,303
50771,0,255,303
50772,0,256,303
50773,0,257,303
50774,0,274,303
50775,0,275,303
50776,0,276,303
50777,0,277,303
50778,0,278,303
50779,0,279,303
50780,0,280,303
50781,0,281,303
50782,0,282,303
50783,0,283,303
50784,0,284,303
50785,0,285,303
50786,0,286,303
50787,0,287,303
50788,0,288,303
50789,0,289,303
50790,0,290,303
50791,0,291,303
50792,0,292,303
50793,0,293,303
50794,0,294,303
50795,0,295,303
50796,0,296,303
50797,0,297,303
50798,0,298,303
50799,0,299,303
50800,0,300,303
50801,0,301,303
50802,0,302,303
50803,0,304,303
50804,0,305,303
50805,0,306,303
50806,0,307,303
50807,0,337,303
50808,0,338,303
50809,0,339,303
50810,0,340,303
50811,0,341,303
50812,0,342,303
50813,0,343,303
50814,0,344,303
50815,0,345,303
50816,0,346,303
50817,0,347,303
50818,0,348,303
50819,0,349,303
50820,0,350,303
50821,0,351,303
50822,0,352,303
50823,0,353,303
50824,0,354,303
50825,0,355,303
50826,0,356,303
50827,0,357,303
50828,0,358,303
50829,0,359,303
50830,0,360,303
50831,0,361,303
50832,0,362,303
50833,0,363,303
50834,0,364,303
50835,0,365,303
50836,0,366,303
50837,0,367,303
50838,0,368,303
50839,0,369,303
50840,0,370,303
50841,0,371,303
50842,0,450,303
50843,0,451,303
50844,0,452,303
50845,0,453,303
50846,0,454,303
50847,0,455,303
50848,0,456,303
50849,0,457,303
50850,0,458,303
50851,0,459,303
50852,0,460,303
50853,0,461,303
50854,0,462,303
50855,0,463,303
50856,0,464,303
50857,0,465,303
50858,0,466,303
50859,0,467,303
50860,0,468,303
50861,0,469,303
50862,0,470,303
50863,0,471,303
50864,0,472,303
50865,0,473,303
50866,0,474,303
50867,0,475,303
50868,0,476,303
50869,0,477,303
50870,0,478,303
50871,0,479,303
50872,0,480,303
50873,0,481,303
50874,0,482,303
50875,0,483,303
50876,0,484,303
50877,0,485,303
50878,0,486,303
50879,0,487,303
50880,0,488,303
50881,0,489,303
50882,0,490,303
50883,0,491,303
50884,0,492,303
50885,0,493,303
50886,0,494,303
50887,0,495,303
50888,0,496,303
50889,0,497,303
50890,0,193,304
50891,0,194,304
50892,0,195,304
50893,0,196,304
50894,0,197,304
50895,0,198,304
50896,0,199,304
50897,0,200,304
50898,0,201,304
50899,0,202,304
50900,0,203,304
50901,0,204,304
50902,0,205,304
50903,0,206,304
50904,0,207,304
50905,0,208,304
50906,0,209,304
50907,0,210,304
50908,0,211,304
50909,0,212,304
50910,0,213,304
50911,0,214,304
50912,0,215,304
50913,0,216,304
50914,0,217,304
50915,0,218,304
50916,0,219,304
50917,0,220,304
50918,0,221,304
50919,0,222,304
50920,0,223,304
50921,0,224,304
50922,0,225,304
50923,0,242,304
50924,0,243,304
50925,0,244,304
50926,0,245,304
50927,0,246,304
50928,0,247,304
50929,0,248,304
50930,0,249,304
50931,0,250,304
50932,0,251,304
50933,0,252,304
50934,0,253,304
50935,0,254,304
50936,0,255,304
50937,0,256,304
50938,0,257,304
50939,0,274,304
50940,0,275,304
50941,0,276,304
50942,0,277,304
50943,0,278,304
50944,0,279,304
50945,0,280,304
50946,0,281,304
50947,0,282,304
50948,0,283,304
50949,0,284,304
50950,0,285,304
50951,0,286,304
50952,0,287,304
50953,0,288,304
50954,0,289,304
50955,0,290,304
50956,0,291,304
50957,0,292,304
50958,0,293,304
50959,0,294,304
50960,0,295,304
50961,0,296,304
50962,0,297,304
50963,0,298,304
50964,0,299,304
50965,0,300,304
50966,0,301,304
50967,0,302,304
50968,0,303,304
50969,0,304,304
50970,0,305,304
50971,0,306,304
50972,0,338,304
50973,0,339,304
50974,0,340,304
50975,0,341,304
50976,0,342,304
50977,0,343,304
50978,0,344,304
50979,0,345,304
50980,0,346,304
50981,0,347,304
50982,0,348,304
50983,0,349,304
50984,0,350,304
50985,0,351,304
50986,0,352,304
50987,0,353,304
50988,0,354,304
50989,0,355,304
50990,0,356,304
50991,0,357,304
50992,0,358,304
50993,0,359,304
50994,0,360,304
50995,0,361,304
50996,0,362,304
50997,0,363,304
50998,0,364,304
50999,0,365,304
51000,0,366,304
51001,0,367,304
51002,0,368,304
51003,0,369,304
51004,0,370,304
51005,0,371,304
51006,0,450,304
51007,0,451,304
51008,0,452,304
51009,0,453,304
51010,0,454,304
51011,0,455,304
51012,0,456,304
51013,0,457,304
51014,0,458,304
51015,0,459,304
51016,0,460,304
51017,0,461,304
51018,0,462,304
51019,0,463,304
51020,0,464,304
51021,0,465,304
51022,0,466,304
51023,0,467,304
51024,0,468,304
51025,0,469,304
51026,0,470,304
51027,0,471,304
51028,0,472,304
51029,0,473,304
51030,0,474,304
51031,0,475,304
51032,0,476,304
51033,0,477,304
51034,0,478,304
51035,0,479,304
51036,0,480,304
51037,0,481,304
51038,0,482,304
51039,0,483,304
51040,0,484,304
51041,0,485,304
51042,0,486,304
51043,0,487,304
51044,0,488,304
51045,0,489,304
51046,0,490,304
51047,0,491,304
51048,0,492,304
51049,0,493,304
51050,0,494,304
51051,0,495,304
51052,0,496,304
51053,0,497,304
51054,0,211,305
51055,0,212,305
51056,0,213,305
51057,0,214,305
51058,0,215,305
51059,0,216,305
51060,0,217,305
51061,0,218,305
51062,0,219,305
51063,0,220,305
51064,0,221,305
51065,0,222,305
51066,0,223,305
51067,0,224,305
51068,0,244,305
51069,0,245,305
51070,0,246,305
51071,0,247,305
51072,0,248,305
51073,0,249,305
51074,0,250,305
51075,0,251,305
51076,0,252,305
51077,0,253,305
51078,0,254,305
51079,0,255,305
51080,0,297,305
51081,0,298,305
51082,0,299,305
51083,0,300,305
51084,0,301,305
51085,0,302,305
51086,0,303,305
51087,0,304,305
51088,0,305,305
51089,0,339,305
51090,0,340,305
51091,0,341,305
51092,0,342,305
51093,0,343,305
51094,0,344,305
51095,0,345,305
51096,0,346,305
51097,0,347,305
51098,0,348,305
51099,0,349,305
51100,0,350,305
51101,0,351,305
51102,0,352,305
51103,0,353,305
51104,0,354,305
51105,0,355,305
51106,0,356,305
51107,0,357,305
51108,0,358,305
51109,0,359,305
51110,0,360,305
51111,0,361,305
51112,0,362,305
51113,0,363,305
51114,0,364,305
51115,0,365,305
51116,0,366,305
51117,0,367,305
51118,0,368,305
51119,0,369,305
51120,0,370,305
51121,0,450,305
51122,0,451,305
51123,0,452,305
51124,0,453,305
51125,0,454,305
51126,0,455,305
51127,0,456,305
51128,0,457,305
51129,0,458,305
51130,0,459,305
51131,0,460,305
51132,0,461,305
51133,0,462,305
51134,0,463,305
51135,0,464,305
51136,0,465,305
51137,0,466,305
51138,0,467,305
51139,0,468,305
51140,0,469,305
51141,0,470,305
51142,0,471,305
51143,0,472,305
51144,0,473,305
51145,0,474,305
51146,0,475,305
51147,0,476,305
51148,0,477,305
51149,0,478,305
51150,0,479,305
51151,0,480,305
51152,0,481,305
51153,0,482,305
51154,0,483,305
51155,0,484,305
51156,0,485,305
51157,0,486,305
51158,0,487,305
51159,0,488,305
51160,0,489,305
51161,0,490,305
51162,0,491,305
51163,0,492,305
51164,0,493,305
51165,0,494,305
51166,0,495,305
51167,0,496,305
51168,0,497,305
51169,0,240,306
51170,0,241,306
51171,0,242,306
51172,0,243,306
51173,0,244,306
51174,0,245,306
51175,0,246,306
51176,0,247,306
51177,0,248,306
51178,0,249,306
51179,0,250,306
51180,0,251,306
51181,0,252,306
51182,0,253,306
51183,0,254,306
51184,0,255,306
51185,0,256,306
51186,0,257,306
51187,0,258,306
51188,0,259,306
51189,0,298,306
51190,0,299,306
51191,0,300,306
51192,0,301,306
51193,0,302,306
51194,0,303,306
51195,0,304,306
51196,0,354,306
51197,0,355,306
51198,0,368,306
51199,0,369,306
51200,0,450,306
51201,0,451,306
51202,0,452,306
51203,0,453,306
51204,0,454,306
51205,0,455,306
51206,0,456,306
51207,0,457,306
51208,0,458,306
51209,0,459,306
51210,0,460,306
51211,0,461,306
51212,0,462,306
51213,0,463,306
51214,0,464,306
51215,0,465,306
51216,0,466,306
51217,0,467,306
51218,0,468,306
51219,0,469,306
51220,0,470,306
51221,0,471,306
51222,0,472,306
51223,0,473,306
51224,0,474,306
51225,0,475,306
51226,0,476,306
51227,0,477,306
51228,0,478,306
51229,0,479,306
51230,0,480,306
51231,0,481,306
51232,0,482,306
51233,0,483,306
51234,0,484,306
51235,0,485,306
51236,0,486,306
51237,0,487,306
51238,0,488,306
51239,0,489,306
51240,0,490,306
51241,0,491,306
51242,0,492,306
51243,0,493,306
51244,0,494,306
51245,0,495,306
51246,0,496,306
51247,0,497,306
51248,0,241,307
51249,0,247,307
51250,0,248,307
51251,0,249,307
51252,0,250,307
51253,0,251,307
51254,0,252,307
51255,0,253,307
51256,0,254,307
51257,0,258,307
51258,0,450,307
51259,0,451,307
51260,0,452,307
51261,0,453,307
51262,0,454,307
51263,0,455,307
51264,0,456,307
51265,0,457,307
51266,0,458,307
51267,0,459,307
51268,0,460,307
51269,0,461,307
51270,0,462,307
51271,0,463,307
51272,0,464,307
51273,0,465,307
51274,0,466,307
51275,0,467,307
51276,0,468,307
51277,0,469,307
51278,0,470,307
51279,0,471,307
51280,0,472,307
51281,0,473,307
51282,0,474,307
51283,0,475,307
51284,0,476,307
51285,0,477,307
51286,0,478,307
51287,0,479,307
51288,0,480,307
51289,0,481,307
51290,0,482,307
51291,0,483,307
51292,0,484,307
51293,0,485,307
51294,0,486,307
51295,0,487,307
51296,0,488,307
51297,0,489,307
51298,0,490,307
51299,0,491,307
51300,0,492,307
51301,0,493,307
51302,0,494,307
51303,0,495,307
51304,0,496,307
51305,0,497,307
51306,0,241,308
51307,0,242,308
51308,0,246,308
51309,0,247,308
51310,0,248,308
51311,0,249,308
51312,0,250,308
51313,0,251,308
51314,0,252,308
51315,0,253,308
51316,0,254,308
51317,0,255,308
51318,0,256,308
51319,0,258,308
51320,0,450,308
51321,0,451,308
51322,0,452,308
51323,0,453,308
51324,0,454,308
51325,0,455,308
51326,0,456,308
51327,0,457,308
51328,0,458,308
51329,0,459,308
51330,0,460,308
51331,0,461,308
51332,0,462,308
51333,0,463,308
51334,0,464,308
51335,0,465,308
51336,0,466,308
51337,0,467,308
51338,0,468,308
51339,0,469,308
51340,0,470,308
51341,0,471,308
51342,0,472,308
51343,0,473,308
51344,0,474,308
51345,0,475,308
51346,0,476,308
51347,0,477,308
51348,0,478,308
51349,0,479,308
51350,0,480,308
51351,0,481,308
51352,0,482,308
51353,0,483,308
51354,0,484,308
51355,0,485,308
51356,0,486,308
51357,0,487,308
51358,0,488,308
51359,0,489,308
51360,0,490,308
51361,0,491,308
51362,0,492,308
51363,0,493,308
51364,0,494,308
51365,0,495,308
51366,0,496,308
51367,0,497,308
51368,0,241,309
51369,0,242,309
51370,0,243,309
51371,0,244,309
51372,0,245,309
51373,0,246,309
51374,0,247,309
51375,0,248,309
51376,0,249,309
51377,0,250,309
51378,0,251,309
51379,0,252,309
51380,0,253,309
51381,0,254,309
51382,0,255,309
51383,0,256,309
51384,0,257,309
51385,0,258,309
51386,0,259,309
51387,0,447,309
51388,0,448,309
51389,0,449,309
51390,0,450,309
51391,0,451,309
51392,0,452,309
51393,0,453,309
51394,0,454,309
51395,0,455,309
51396,0,456,309
51397,0,457,309
51398,0,458,309
51399,0,459,309
51400,0,460,309
51401,0,461,309
51402,0,462,309
51403,0,463,309
51404,0,464,309
51405,0,465,309
51406,0,466,309
51407,0,467,309
51408,0,468,309
51409,0,469,309
51410,0,470,309
51411,0,471,309
51412,0,472,309
51413,0,473,309
51414,0,474,309
51415,0,475,309
51416,0,476,309
51417,0,477,309
51418,0,478,309
51419,0,479,309
51420,0,480,309
51421,0,481,309
51422,0,482,309
51423,0,483,309
51424,0,484,309
51425,0,485,309
51426,0,486,309
51427,0,487,309
51428,0,488,309
51429,0,489,309
51430,0,490,309
51431,0,491,309
51432,0,492,309
51433,0,493,309
51434,0,494,309
51435,0,495,309
51436,0,496,309
51437,0,497,309
51438,0,498,309
51439,0,499,309
51440,0,500,309
51441,0,501,309
51442,0,241,310
51443,0,242,310
51444,0,243,310
51445,0,244,310
51446,0,245,310
51447,0,246,310
51448,0,247,310
51449,0,248,310
51450,0,249,310
51451,0,250,310
51452,0,251,310
51453,0,252,310
51454,0,253,310
51455,0,254,310
51456,0,255,310
51457,0,256,310
51458,0,257,310
51459,0,258,310
51460,0,446,310
51461,0,447,310
51462,0,448,310
51463,0,449,310
51464,0,450,310
51465,0,451,310
51466,0,452,310
51467,0,453,310
51468,0,454,310
51469,0,455,310
51470,0,456,310
51471,0,457,310
51472,0,458,310
51473,0,459,310
51474,0,460,310
51475,0,461,310
51476,0,462,310
51477,0,463,310
51478,0,464,310
51479,0,465,310
51480,0,466,310
51481,0,467,310
51482,0,468,310
51483,0,469,310
51484,0,470,310
51485,0,471,310
51486,0,472,310
51487,0,473,310
51488,0,474,310
51489,0,475,310
51490,0,476,310
51491,0,477,310
51492,0,478,310
51493,0,479,310
51494,0,480,310
51495,0,481,310
51496,0,482,310
51497,0,483,310
51498,0,484,310
51499,0,485,310
51500,0,486,310
51501,0,487,310
51502,0,488,310
51503,0,489,310
51504,0,490,310
51505,0,491,310
51506,0,492,310
51507,0,493,310
51508,0,494,310
51509,0,495,310
51510,0,496,310
51511,0,497,310
51512,0,498,310
51513,0,499,310
51514,0,500,310
51515,0,501,310
51516,0,241,311
51517,0,242,311
51518,0,243,311
51519,0,244,311
51520,0,245,311
51521,0,246,311
51522,0,247,311
51523,0,248,311
51524,0,249,311
51525,0,250,311
51526,0,251,311
51527,0,252,311
51528,0,253,311
51529,0,254,311
51530,0,255,311
51531,0,256,311
51532,0,257,311
51533,0,258,311
51534,0,446,311
51535,0,447,311
51536,0,448,311
51537,0,449,311
51538,0,450,311
51539,0,451,311
51540,0,452,311
51541,0,453,311
51542,0,454,311
51543,0,455,311
51544,0,456,311
51545,0,457,311
51546,0,458,311
51547,0,459,311
51548,0,460,311
51549,0,461,311
51550,0,462,311
51551,0,463,311
51552,0,464,311
51553,0,465,311
51554,0,466,311
51555,0,467,311
51556,0,468,311
51557,0,469,311
51558,0,470,311
51559,0,471,311
51560,0,472,311
51561,0,473,311
51562,0,474,311
51563,0,475,311
51564,0,476,311
51565,0,477,311
51566,0,478,311
51567,0,479,311
51568,0,480,311
51569,0,481,311
51570,0,482,311
51571,0,483,311
51572,0,484,311
51573,0,485,311
51574,0,486,311
51575,0,487,311
51576,0,488,311
51577,0,489,311
51578,0,490,311
51579,0,491,311
51580,0,492,311
51581,0,493,311
51582,0,494,311
51583,0,495,311
51584,0,496,311
51585,0,497,311
51586,0,498,311
51587,0,499,311
51588,0,501,311
51589,0,242,312
51590,0,243,312
51591,0,244,312
51592,0,245,312
51593,0,246,312
51594,0,247,312
51595,0,248,312
51596,0,249,312
51597,0,250,312
51598,0,251,312
51599,0,252,312
51600,0,253,312
51601,0,254,312
51602,0,255,312
51603,0,256,312
51604,0,257,312
51605,0,258,312
51606,0,259,312
51607,0,446,312
51608,0,447,312
51609,0,448,312
51610,0,449,312
51611,0,450,312
51612,0,451,312
51613,0,452,312
51614,0,453,312
51615,0,454,312
51616,0,455,312
51617,0,456,312
51618,0,457,312
51619,0,458,312
51620,0,459,312
51621,0,460,312
51622,0,461,312
51623,0,462,312
51624,0,463,312
51625,0,464,312
51626,0,465,312
51627,0,466,312
51628,0,467,312
51629,0,468,312
51630,0,469,312
51631,0,470,312
51632,0,471,312
51633,0,472,312
51634,0,473,312
51635,0,474,312
51636,0,475,312
51637,0,476,312
51638,0,477,312
51639,0,478,312
51640,0,479,312
51641,0,480,312
51642,0,481,312
51643,0,482,312
51644,0,483,312
51645,0,484,312
51646,0,485,312
51647,0,486,312
51648,0,487,312
51649,0,488,312
51650,0,489,312
51651,0,490,312
51652,0,491,312
51653,0,492,312
51654,0,493,312
51655,0,494,312
51656,0,495,312
51657,0,496,312
51658,0,497,312
51659,0,498,312
51660,0,499,312
51661,0,500,312
51662,0,501,312
51663,0,242,313
51664,0,243,313
51665,0,244,313
51666,0,245,313
51667,0,246,313
51668,0,247,313
51669,0,248,313
51670,0,249,313
51671,0,250,313
51672,0,251,313
51673,0,252,313
51674,0,253,313
51675,0,254,313
51676,0,255,313
51677,0,256,313
51678,0,257,313
51679,0,258,313
51680,0,259,313
51681,0,446,313
51682,0,447,313
51683,0,448,313
51684,0,449,313
51685,0,450,313
51686,0,451,313
51687,0,452,313
51688,0,453,313
51689,0,454,313
51690,0,455,313
51691,0,456,313
51692,0,457,313
51693,0,458,313
51694,0,459,313
51695,0,460,313
51696,0,461,313
51697,0,462,313
51698,0,463,313
51699,0,464,313
51700,0,465,313
51701,0,466,313
51702,0,467,313
51703,0,468,313
51704,0,469,313
51705,0,470,313
51706,0,471,313
51707,0,472,313
51708,0,473,313
51709,0,474,313
51710,0,475,313
51711,0,476,313
51712,0,477,313
51713,0,478,313
51714,0,479,313
51715,0,480,313
51716,0,481,313
51717,0,482,313
51718,0,483,313
51719,0,484,313
51720,0,485,313
51721,0,486,313
51722,0,487,313
51723,0,488,313
51724,0,489,313
51725,0,490,313
51726,0,491,313
51727,0,492,313
51728,0,493,313
51729,0,494,313
51730,0,495,313
51731,0,496,313
51732,0,497,313
51733,0,498,313
51734,0,499,313
51735,0,500,313
51736,0,501,313
51737,0,242,314
51738,0,243,314
51739,0,244,314
51740,0,245,314
51741,0,246,314
51742,0,247,314
51743,0,248,314
51744,0,249,314
51745,0,250,314
51746,0,251,314
51747,0,252,314
51748,0,253,314
51749,0,254,314
51750,0,255,314
51751,0,256,314
51752,0,257,314
51753,0,258,314
51754,0,259,314
51755,0,260,314
51756,0,446,314
51757,0,447,314
51758,0,448,314
51759,0,449,314
51760,0,450,314
51761,0,451,314
51762,0,452,314
51763,0,453,314
51764,0,454,314
51765,0,455,314
51766,0,456,314
51767,0,457,314
51768,0,458,314
51769,0,459,314
51770,0,460,314
51771,0,461,314
51772,0,462,314
51773,0,463,314
51774,0,464,314
51775,0,465,314
51776,0,466,314
51777,0,467,314
51778,0,468,314
51779,0,469,314
51780,0,470,314
51781,0,471,314
51782,0,472,314
51783,0,473,314
51784,0,474,314
51785,0,475,314
51786,0,476,314
51787,0,477,314
51788,0,478,314
51789,0,479,314
51790,0,480,314
51791,0,481,314
51792,0,482,314
51793,0,483,314
51794,0,484,314
51795,0,485,314
51796,0,486,314
51797,0,487,314
51798,0,488,314
51799,0,489,314
51800,0,490,314
51801,0,491,314
51802,0,492,314
51803,0,493,314
51804,0,494,314
51805,0,495,314
51806,0,496,314
51807,0,497,314
51808,0,498,314
51809,0,499,314
51810,0,500,314
51811,0,501,314
51812,0,243,315
51813,0,244,315
51814,0,245,315
51815,0,246,315
51816,0,247,315
51817,0,248,315
51818,0,249,315
51819,0,250,315
51820,0,251,315
51821,0,252,315
51822,0,253,315
51823,0,254,315
51824,0,255,315
51825,0,256,315
51826,0,257,315
51827,0,258,315
51828,0,259,315
51829,0,260,315
51830,0,446,315
51831,0,447,315
51832,0,448,315
51833,0,449,315
51834,0,450,315
51835,0,451,315
51836,0,452,315
51837,0,453,315
51838,0,454,315
51839,0,455,315
51840,0,456,315
51841,0,457,315
51842,0,458,315
51843,0,459,315
51844,0,460,315
51845,0,461,315
51846,0,462,315
51847,0,463,315
51848,0,464,315
51849,0,465,315
51850,0,466,315
51851,0,467,315
51852,0,468,315
51853,0,469,315
51854,0,470,315
51855,0,471,315
51856,0,472,315
51857,0,473,315
51858,0,474,315
51859,0,475,315
51860,0,476,315
51861,0,477,315
51862,0,478,315
51863,0,479,315
51864,0,480,315
51865,0,481,315
51866,0,482,315
51867,0,483,315
51868,0,484,315
51869,0,485,315
51870,0,486,315
51871,0,487,315
51872,0,488,315
51873,0,489,315
51874,0,490,315
51875,0,491,315
51876,0,492,315
51877,0,493,315
51878,0,494,315
51879,0,495,315
51880,0,496,315
51881,0,497,315
51882,0,498,315
51883,0,499,315
51884,0,500,315
51885,0,501,315
51886,0,243,316
51887,0,244,316
51888,0,245,316
51889,0,246,316
51890,0,247,316
51891,0,248,316
51892,0,249,316
51893,0,250,316
51894,0,251,316
51895,0,252,316
51896,0,253,316
51897,0,254,316
51898,0,255,316
51899,0,256,316
51900,0,257,316
51901,0,258,316
51902,0,259,316
51903,0,260,316
51904,0,261,316
51905,0,446,316
51906,0,447,316
51907,0,448,316
51908,0,449,316
51909,0,450,316
51910,0,451,316
51911,0,452,316
51912,0,453,316
51913,0,454,316
51914,0,455,316
51915,0,456,316
51916,0,457,316
51917,0,458,316
51918,0,459,316
51919,0,460,316
51920,0,461,316
51921,0,462,316
51922,0,463,316
51923,0,464,316
51924,0,465,316
51925,0,466,316
51926,0,467,316
51927,0,468,316
51928,0,469,316
51929,0,470,316
51930,0,471,316
51931,0,472,316
51932,0,473,316
51933,0,474,316
51934,0,475,316
51935,0,476,316
51936,0,477,316
51937,0,478,316
51938,0,479,316
51939,0,480,316
51940,0,481,316
51941,0,482,316
51942,0,483,316
51943,0,484,316
51944,0,485,316
51945,0,486,316
51946,0,487,316
51947,0,488,316
51948,0,489,316
51949,0,490,316
51950,0,491,316
51951,0,492,316
51952,0,493,316
51953,0,494,316
51954,0,495,316
51955,0,496,316
51956,0,497,316
51957,0,498,316
51958,0,499,316
51959,0,500,316
51960,0,244,317
51961,0,245,317
51962,0,246,317
51963,0,247,317
51964,0,248,317
51965,0,249,317
51966,0,250,317
51967,0,251,317
51968,0,252,317
51969,0,253,317
51970,0,254,317
51971,0,255,317
51972,0,256,317
51973,0,257,317
51974,0,258,317
51975,0,259,317
51976,0,260,317
51977,0,261,317
51978,0,262,317
51979,0,450,317
51980,0,451,317
51981,0,452,317
51982,0,453,317
51983,0,454,317
51984,0,455,317
51985,0,456,317
51986,0,457,317
51987,0,458,317
51988,0,459,317
51989,0,460,317
51990,0,461,317
51991,0,462,317
51992,0,463,317
51993,0,464,317
51994,0,465,317
51995,0,466,317
51996,0,467,317
51997,0,468,317
51998,0,469,317
51999,0,470,317
52000,0,471,317
52001,0,472,317
52002,0,473,317
52003,0,474,317
52004,0,475,317
52005,0,476,317
52006,0,477,317
52007,0,478,317
52008,0,479,317
52009,0,480,317
52010,0,481,317
52011,0,482,317
52012,0,483,317
52013,0,484,317
52014,0,485,317
52015,0,486,317
52016,0,487,317
52017,0,488,317
52018,0,489,317
52019,0,490,317
52020,0,491,317
52021,0,492,317
52022,0,493,317
52023,0,494,317
52024,0,495,317
52025,0,496,317
52026,0,497,317
52027,0,498,317
52028,0,245,318
52029,0,246,318
52030,0,247,318
52031,0,248,318
52032,0,249,318
52033,0,250,318
52034,0,251,318
52035,0,252,318
52036,0,253,318
52037,0,254,318
52038,0,255,318
52039,0,256,318
52040,0,257,318
52041,0,258,318
52042,0,259,318
52043,0,260,318
52044,0,261,318
52045,0,262,318
52046,0,450,318
52047,0,451,318
52048,0,452,318
52049,0,453,318
52050,0,454,318
52051,0,455,318
52052,0,456,318
52053,0,457,318
52054,0,458,318
52055,0,459,318
52056,0,460,318
52057,0,461,318
52058,0,462,318
52059,0,463,318
52060,0,464,318
52061,0,465,318
52062,0,466,318
52063,0,467,318
52064,0,468,318
52065,0,469,318
52066,0,470,318
52067,0,471,318
52068,0,472,318
52069,0,473,318
52070,0,474,318
52071,0,475,318
52072,0,476,318
52073,0,477,318
52074,0,478,318
52075,0,479,318
52076,0,480,318
52077,0,481,318
52078,0,482,318
52079,0,483,318
52080,0,484,318
52081,0,485,318
52082,0,486,318
52083,0,487,318
52084,0,488,318
52085,0,489,318
52086,0,490,318
52087,0,491,318
52088,0,492,318
52089,0,493,318
52090,0,494,318
52091,0,495,318
52092,0,496,318
52093,0,497,318
52094,0,245,319
52095,0,246,319
52096,0,247,319
52097,0,248,319
52098,0,249,319
52099,0,250,319
52100,0,251,319
52101,0,252,319
52102,0,253,319
52103,0,254,319
52104,0,255,319
52105,0,256,319
52106,0,257,319
52107,0,258,319
52108,0,259,319
52109,0,260,319
52110,0,261,319
52111,0,262,319
52112,0,450,319
52113,0,451,319
52114,0,452,319
52115,0,453,319
52116,0,454,319
52117,0,455,319
52118,0,456,319
52119,0,457,319
52120,0,458,319
52121,0,459,319
52122,0,460,319
52123,0,461,319
52124,0,462,319
52125,0,463,319
52126,0,464,319
52127,0,465,319
52128,0,466,319
52129,0,467,319
52130,0,468,319
52131,0,469,319
52132,0,470,319
52133,0,471,319
52134,0,472,319
52135,0,473,319
52136,0,474,319
52137,0,475,319
52138,0,476,319
52139,0,477,319
52140,0,478,319
52141,0,479,319
52142,0,480,319
52143,0,481,319
52144,0,482,319
52145,0,483,319
52146,0,484,319
52147,0,485,319
52148,0,486,319
52149,0,487,319
52150,0,488,319
52151,0,489,319
52152,0,490,319
52153,0,491,319
52154,0,492,319
52155,0,493,319
52156,0,494,319
52157,0,495,319
52158,0,496,319
52159,0,497,319
52160,0,245,320
52161,0,246,320
52162,0,247,320
52163,0,248,320
52164,0,249,320
52165,0,250,320
52166,0,251,320
52167,0,252,320
52168,0,253,320
52169,0,254,320
52170,0,255,320
52171,0,256,320
52172,0,257,320
52173,0,258,320
52174,0,259,320
52175,0,260,320
52176,0,261,320
52177,0,262,320
52178,0,450,320
52179,0,451,320
52180,0,452,320
52181,0,453,320
52182,0,454,320
52183,0,455,320
52184,0,456,320
52185,0,457,320
52186,0,458,320
52187,0,459,320
52188,0,460,320
52189,0,461,320
52190,0,462,320
52191,0,463,320
52192,0,464,320
52193,0,465,320
52194,0,466,320
52195,0,467,320
52196,0,468,320
52197,0,469,320
52198,0,470,320
52199,0,471,320
52200,0,472,320
52201,0,473,320
52202,0,474,320
52203,0,475,320
52204,0,476,320
52205,0,477,320
52206,0,478,320
52207,0,479,320
52208,0,480,320
52209,0,481,320
52210,0,482,320
52211,0,483,320
52212,0,484,320
52213,0,485,320
52214,0,486,320
52215,0,487,320
52216,0,488,320
52217,0,489,320
52218,0,490,320
52219,0,491,320
52220,0,492,320
52221,0,493,320
52222,0,494,320
52223,0,495,320
52224,0,496,320
52225,0,497,320
52226,0,245,321
52227,0,246,321
52228,0,247,321
52229,0,248,321
52230,0,249,321
52231,0,250,321
52232,0,251,321
52233,0,252,321
52234,0,253,321
52235,0,254,321
52236,0,255,321
52237,0,256,321
52238,0,257,321
52239,0,258,321
52240,0,259,321
52241,0,260,321
52242,0,261,321
52243,0,262,321
52244,0,450,321
52245,0,451,321
52246,0,452,321
52247,0,453,321
52248,0,454,321
52249,0,455,321
52250,0,456,321
52251,0,457,321
52252,0,458,321
52253,0,459,321
52254,0,460,321
52255,0,461,321
52256,0,462,321
52257,0,463,321
52258,0,464,321
52259,0,465,321
52260,0,466,321
52261,0,467,321
52262,0,468,321
52263,0,469,321
52264,0,470,321
52265,0,471,321
52266,0,472,321
52267,0,473,321
52268,0,474,321
52269,0,475,321
52270,0,476,321
52271,0,477,321
52272,0,478,321
52273,0,479,321
52274,0,480,321
52275,0,481,321
52276,0,482,321
52277,0,483,321
52278,0,484,321
52279,0,485,321
52280,0,486,321
52281,0,487,321
52282,0,488,321
52283,0,489,321
52284,0,490,321
52285,0,491,321
52286,0,492,321
52287,0,493,321
52288,0,494,321
52289,0,495,321
52290,0,496,321
52291,0,497,321
52292,0,244,322
52293,0,245,322
52294,0,246,322
52295,0,247,322
52296,0,248,322
52297,0,249,322
52298,0,250,322
52299,0,251,322
52300,0,252,322
52301,0,253,322
52302,0,254,322
52303,0,255,322
52304,0,256,322
52305,0,257,322
52306,0,258,322
52307,0,259,322
52308,0,260,322
52309,0,261,322
52310,0,262,322
52311,0,450,322
52312,0,451,322
52313,0,452,322
52314,0,457,322
52315,0,458,322
52316,0,463,322
52317,0,464,322
52318,0,465,322
52319,0,466,322
52320,0,467,322
52321,0,468,322
52322,0,469,322
52323,0,470,322
52324,0,471,322
52325,0,472,322
52326,0,473,322
52327,0,474,322
52328,0,475,322
52329,0,476,322
52330,0,477,322
52331,0,478,322
52332,0,479,322
52333,0,480,322
52334,0,481,322
52335,0,482,322
52336,0,483,322
52337,0,484,322
52338,0,489,322
52339,0,490,322
52340,0,495,322
52341,0,496,322
52342,0,497,322
52343,0,244,323
52344,0,245,323
52345,0,246,323
52346,0,247,323
52347,0,248,323
52348,0,249,323
52349,0,250,323
52350,0,251,323
52351,0,252,323
52352,0,253,323
52353,0,254,323
52354,0,255,323
52355,0,256,323
52356,0,257,323
52357,0,258,323
52358,0,259,323
52359,0,260,323
52360,0,261,323
52361,0,450,323
52362,0,464,323
52363,0,465,323
52364,0,466,323
52365,0,467,323
52366,0,468,323
52367,0,469,323
52368,0,470,323
52369,0,471,323
52370,0,472,323
52371,0,473,323
52372,0,474,323
52373,0,475,323
52374,0,476,323
52375,0,477,323
52376,0,478,323
52377,0,479,323
52378,0,480,323
52379,0,481,323
52380,0,482,323
52381,0,497,323
52382,0,243,324
52383,0,244,324
52384,0,245,324
52385,0,246,324
52386,0,247,324
52387,0,248,324
52388,0,249,324
52389,0,250,324
52390,0,251,324
52391,0,252,324
52392,0,253,324
52393,0,254,324
52394,0,255,324
52395,0,256,324
52396,0,257,324
52397,0,258,324
52398,0,259,324
52399,0,260,324
52400,0,261,324
52401,0,450,324
52402,0,465,324
52403,0,466,324
52404,0,467,324
52405,0,468,324
52406,0,469,324
52407,0,470,324
52408,0,471,324
52409,0,472,324
52410,0,473,324
52411,0,474,324
52412,0,475,324
52413,0,476,324
52414,0,477,324
52415,0,478,324
52416,0,479,324
52417,0,480,324
52418,0,481,324
52419,0,482,324
52420,0,497,324
52421,0,242,325
52422,0,243,325
52423,0,244,325
52424,0,245,325
52425,0,246,325
52426,0,247,325
52427,0,248,325
52428,0,249,325
52429,0,250,325
52430,0,251,325
52431,0,252,325
52432,0,253,325
52433,0,254,325
52434,0,255,325
52435,0,256,325
52436,0,257,325
52437,0,258,325
52438,0,259,325
52439,0,260,325
52440,0,261,325
52441,0,450,325
52442,0,465,325
52443,0,466,325
52444,0,467,325
52445,0,468,325
52446,0,469,325
52447,0,470,325
52448,0,471,325
52449,0,472,325
52450,0,473,325
52451,0,474,325
52452,0,475,325
52453,0,476,325
52454,0,477,325
52455,0,478,325
52456,0,479,325
52457,0,480,325
52458,0,481,325
52459,0,482,325
52460,0,497,325
52461,0,242,326
52462,0,243,326
52463,0,244,326
52464,0,245,326
52465,0,246,326
52466,0,247,326
52467,0,248,326
52468,0,249,326
52469,0,250,326
52470,0,251,326
52471,0,252,326
52472,0,253,326
52473,0,254,326
52474,0,255,326
52475,0,256,326
52476,0,257,326
52477,0,258,326
52478,0,259,326
52479,0,260,326
52480,0,450,326
52481,0,456,326
52482,0,457,326
52483,0,458,326
52484,0,459,326
52485,0,465,326
52486,0,466,326
52487,0,467,326
52488,0,468,326
52489,0,469,326
52490,0,470,326
52491,0,471,326
52492,0,472,326
52493,0,473,326
52494,0,474,326
52495,0,475,326
52496,0,476,326
52497,0,477,326
52498,0,478,326
52499,0,479,326
52500,0,480,326
52501,0,481,326
52502,0,482,326
52503,0,488,326
52504,0,489,326
52505,0,490,326
52506,0,491,326
52507,0,497,326
52508,0,242,327
52509,0,243,327
52510,0,244,327
52511,0,245,327
52512,0,246,327
52513,0,247,327
52514,0,248,327
52515,0,249,327
52516,0,250,327
52517,0,251,327
52518,0,252,327
52519,0,253,327
52520,0,254,327
52521,0,255,327
52522,0,256,327
52523,0,257,327
52524,0,258,327
52525,0,259,327
52526,0,260,327
52527,0,450,327
52528,0,455,327
52529,0,456,327
52530,0,457,327
52531,0,458,327
52532,0,459,327
52533,0,460,327
52534,0,465,327
52535,0,466,327
52536,0,467,327
52537,0,468,327
52538,0,469,327
52539,0,470,327
52540,0,471,327
52541,0,472,327
52542,0,473,327
52543,0,474,327
52544,0,475,327
52545,0,476,327
52546,0,477,327
52547,0,478,327
52548,0,479,327
52549,0,480,327
52550,0,481,327
52551,0,482,327
52552,0,487,327
52553,0,488,327
52554,0,489,327
52555,0,490,327
52556,0,491,327
52557,0,492,327
52558,0,497,327
52559,0,241,328
52560,0,242,328
52561,0,243,328
52562,0,244,328
52563,0,245,328
52564,0,246,328
52565,0,247,328
52566,0,248,328
52567,0,249,328
52568,0,250,328
52569,0,251,328
52570,0,252,328
52571,0,253,328
52572,0,254,328
52573,0,255,328
52574,0,256,328
52575,0,257,328
52576,0,258,328
52577,0,259,328
52578,0,260,328
52579,0,450,328
52580,0,455,328
52581,0,456,328
52582,0,457,328
52583,0,458,328
52584,0,459,328
52585,0,460,328
52586,0,464,328
52587,0,465,328
52588,0,466,328
52589,0,467,328
52590,0,468,328
52591,0,469,328
52592,0,470,328
52593,0,471,328
52594,0,472,328
52595,0,473,328
52596,0,474,328
52597,0,475,328
52598,0,476,328
52599,0,477,328
52600,0,478,328
52601,0,479,328
52602,0,480,328
52603,0,481,328
52604,0,482,328
52605,0,487,328
52606,0,488,328
52607,0,489,328
52608,0,490,328
52609,0,491,328
52610,0,492,328
52611,0,497,328
52612,0,241,329
52613,0,242,329
52614,0,243,329
52615,0,244,329
52616,0,245,329
52617,0,246,329
52618,0,247,329
52619,0,248,329
52620,0,249,329
52621,0,250,329
52622,0,251,329
52623,0,252,329
52624,0,253,329
52625,0,254,329
52626,0,255,329
52627,0,256,329
52628,0,257,329
52629,0,258,329
52630,0,259,329
52631,0,450,329
52632,0,455,329
52633,0,456,329
52634,0,457,329
52635,0,458,329
52636,0,459,329
52637,0,460,329
52638,0,464,329
52639,0,465,329
52640,0,466,329
52641,0,467,329
52642,0,468,329
52643,0,469,329
52644,0,470,329
52645,0,471,329
52646,0,472,329
52647,0,473,329
52648,0,474,329
52649,0,475,329
52650,0,476,329
52651,0,477,329
52652,0,478,329
52653,0,479,329
52654,0,480,329
52655,0,481,329
52656,0,482,329
52657,0,487,329
52658,0,488,329
52659,0,489,329
52660,0,490,329
52661,0,491,329
52662,0,492,329
52663,0,497,329
52664,0,241,330
52665,0,242,330
52666,0,243,330
52667,0,244,330
52668,0,245,330
52669,0,246,330
52670,0,247,330
52671,0,248,330
52672,0,249,330
52673,0,250,330
52674,0,251,330
52675,0,252,330
52676,0,253,330
52677,0,254,330
52678,0,255,330
52679,0,256,330
52680,0,257,330
52681,0,258,330
52682,0,259,330
52683,0,450,330
52684,0,455,330
52685,0,456,330
52686,0,457,330
52687,0,458,330
52688,0,459,330
52689,0,460,330
52690,0,465,330
52691,0,466,330
52692,0,467,330
52693,0,468,330
52694,0,469,330
52695,0,470,330
52696,0,471,330
52697,0,472,330
52698,0,473,330
52699,0,474,330
52700,0,475,330
52701,0,476,330
52702,0,477,330
52703,0,478,330
52704,0,479,330
52705,0,480,330
52706,0,481,330
52707,0,482,330
52708,0,487,330
52709,0,488,330
52710,0,489,330
52711,0,490,330
52712,0,491,330
52713,0,492,330
52714,0,497,330
52715,0,241,331
52716,0,242,331
52717,0,243,331
52718,0,244,331
52719,0,245,331
52720,0,246,331
52721,0,247,331
52722,0,248,331
52723,0,249,331
52724,0,250,331
52725,0,251,331
52726,0,252,331
52727,0,253,331
52728,0,254,331
52729,0,255,331
52730,0,256,331
52731,0,257,331
52732,0,258,331
52733,0,259,331
52734,0,450,331
52735,0,456,331
52736,0,457,331
52737,0,458,331
52738,0,459,331
52739,0,465,331
52740,0,466,331
52741,0,467,331
52742,0,468,331
52743,0,469,331
52744,0,470,331
52745,0,471,331
52746,0,472,331
52747,0,473,331
52748,0,474,331
52749,0,475,331
52750,0,476,331
52751,0,477,331
52752,0,478,331
52753,0,479,331
52754,0,480,331
52755,0,481,331
52756,0,482,331
52757,0,488,331
52758,0,489,331
52759,0,490,331
52760,0,491,331
52761,0,497,331
52762,0,241,332
52763,0,242,332
52764,0,243,332
52765,0,244,332
52766,0,245,332
52767,0,246,332
52768,0,247,332
52769,0,248,332
52770,0,249,332
52771,0,250,332
52772,0,251,332
52773,0,252,332
52774,0,253,332
52775,0,254,332
52776,0,255,332
52777,0,256,332
52778,0,257,332
52779,0,258,332
52780,0,259,332
52781,0,450,332
52782,0,465,332
52783,0,466,332
52784,0,467,332
52785,0,468,332
52786,0,469,332
52787,0,470,332
52788,0,471,332
52789,0,472,332
52790,0,473,332
52791,0,474,332
52792,0,475,332
52793,0,476,332
52794,0,477,332
52795,0,478,332
52796,0,479,332
52797,0,480,332
52798,0,481,332
52799,0,482,332
52800,0,497,332
52801,0,241,333
52802,0,242,333
52803,0,243,333
52804,0,244,333
52805,0,245,333
52806,0,246,333
52807,0,247,333
52808,0,248,333
52809,0,249,333
52810,0,250,333
52811,0,251,333
52812,0,252,333
52813,0,253,333
52814,0,254,333
52815,0,255,333
52816,0,256,333
52817,0,257,333
52818,0,258,333
52819,0,450,333
52820,0,465,333
52821,0,466,333
52822,0,467,333
52823,0,468,333
52824,0,469,333
52825,0,470,333
52826,0,471,333
52827,0,472,333
52828,0,473,333
52829,0,474,333
52830,0,475,333
52831,0,476,333
52832,0,477,333
52833,0,478,333
52834,0,479,333
52835,0,480,333
52836,0,481,333
52837,0,482,333
52838,0,497,333
52839,0,241,334
52840,0,242,334
52841,0,243,334
52842,0,244,334
52843,0,245,334
52844,0,246,334
52845,0,247,334
52846,0,248,334
52847,0,249,334
52848,0,250,334
52849,0,251,334
52850,0,252,334
52851,0,253,334
52852,0,254,334
52853,0,255,334
52854,0,256,334
52855,0,257,334
52856,0,258,334
52857,0,450,334
52858,0,464,334
52859,0,465,334
52860,0,466,334
52861,0,467,334
52862,0,468,334
52863,0,469,334
52864,0,470,334
52865,0,471,334
52866,0,472,334
52867,0,473,334
52868,0,474,334
52869,0,475,334
52870,0,476,334
52871,0,477,334
52872,0,478,334
52873,0,479,334
52874,0,480,334
52875,0,481,334
52876,0,482,334
52877,0,497,334
52878,0,241,335
52879,0,242,335
52880,0,243,335
52881,0,244,335
52882,0,245,335
52883,0,246,335
52884,0,247,335
52885,0,248,335
52886,0,249,335
52887,0,250,335
52888,0,251,335
52889,0,252,335
52890,0,253,335
52891,0,254,335
52892,0,255,335
52893,0,256,335
52894,0,257,335
52895,0,258,335
52896,0,450,335
52897,0,451,335
52898,0,464,335
52899,0,465,335
52900,0,466,335
52901,0,467,335
52902,0,468,335
52903,0,469,335
52904,0,470,335
52905,0,471,335
52906,0,472,335
52907,0,473,335
52908,0,474,335
52909,0,475,335
52910,0,476,335
52911,0,477,335
52912,0,478,335
52913,0,479,335
52914,0,480,335
52915,0,481,335
52916,0,482,335
52917,0,483,335
52918,0,496,335
52919,0,497,335
52920,0,241,336
52921,0,242,336
52922,0,243,336
52923,0,244,336
52924,0,245,336
52925,0,246,336
52926,0,247,336
52927,0,248,336
52928,0,249,336
52929,0,250,336
52930,0,251,336
52931,0,252,336
52932,0,253,336
52933,0,254,336
52934,0,255,336
52935,0,256,336
52936,0,257,336
52937,0,258,336
52938,0,450,336
52939,0,451,336
52940,0,452,336
52941,0,453,336
52942,0,454,336
52943,0,455,336
52944,0,456,336
52945,0,457,336
52946,0,458,336
52947,0,459,336
52948,0,460,336
52949,0,461,336
52950,0,462,336
52951,0,463,336
52952,0,464,336
52953,0,465,336
52954,0,466,336
52955,0,467,336
52956,0,468,336
52957,0,469,336
52958,0,470,336
52959,0,471,336
52960,0,472,336
52961,0,473,336
52962,0,474,336
52963,0,475,336
52964,0,476,336
52965,0,477,336
52966,0,478,336
52967,0,479,336
52968,0,480,336
52969,0,481,336
52970,0,482,336
52971,0,483,336
52972,0,484,336
52973,0,485,336
52974,0,486,336
52975,0,487,336
52976,0,488,336
52977,0,489,336
52978,0,490,336
52979,0,491,336
52980,0,492,336
52981,0,493,336
52982,0,494,336
52983,0,495,336
52984,0,496,336
52985,0,497,336
52986,0,241,337
52987,0,242,337
52988,0,243,337
52989,0,244,337
52990,0,245,337
52991,0,246,337
52992,0,247,337
52993,0,248,337
52994,0,249,337
52995,0,250,337
52996,0,251,337
52997,0,252,337
52998,0,253,337
52999,0,254,337
53000,0,255,337
53001,0,256,337
53002,0,257,337
53003,0,258,337
53004,0,466,337
53005,0,467,337
53006,0,468,337
53007,0,469,337
53008,0,470,337
53009,0,471,337
53010,0,472,337
53011,0,473,337
53012,0,474,337
53013,0,475,337
53014,0,476,337
53015,0,477,337
53016,0,478,337
53017,0,479,337
53018,0,480,337
53019,0,481,337
53020,0,482,337
53021,0,483,337
53022,0,496,337
53023,0,497,337
53024,0,240,338
53025,0,241,338
53026,0,242,338
53027,0,243,338
53028,0,244,338
53029,0,245,338
53030,0,246,338
53031,0,247,338
53032,0,248,338
53033,0,249,338
53034,0,250,338
53035,0,251,338
53036,0,252,338
53037,0,253,338
53038,0,254,338
53039,0,255,338
53040,0,256,338
53041,0,257,338
53042,0,258,338
53043,0,259,338
53044,0,466,338
53045,0,467,338
53046,0,468,338
53047,0,469,338
53048,0,470,338
53049,0,471,338
53050,0,472,338
53051,0,473,338
53052,0,474,338
53053,0,475,338
53054,0,476,338
53055,0,477,338
53056,0,478,338
53057,0,479,338
53058,0,480,338
53059,0,481,338
53060,0,241,339
53061,0,242,339
53062,0,243,339
53063,0,244,339
53064,0,245,339
53065,0,246,339
53066,0,247,339
53067,0,248,339
53068,0,249,339
53069,0,250,339
53070,0,251,339
53071,0,252,339
53072,0,253,339
53073,0,254,339
53074,0,255,339
53075,0,256,339
53076,0,257,339
53077,0,258,339
53078,0,466,339
53079,0,467,339
53080,0,468,339
53081,0,469,339
53082,0,470,339
53083,0,471,339
53084,0,472,339
53085,0,473,339
53086,0,474,339
53087,0,475,339
53088,0,476,339
53089,0,477,339
53090,0,478,339
53091,0,479,339
53092,0,480,339
53093,0,481,339
53094,0,241,340
53095,0,242,340
53096,0,243,340
53097,0,244,340
53098,0,245,340
53099,0,246,340
53100,0,247,340
53101,0,248,340
53102,0,249,340
53103,0,250,340
53104,0,251,340
53105,0,252,340
53106,0,253,340
53107,0,254,340
53108,0,255,340
53109,0,256,340
53110,0,257,340
53111,0,258,340
53112,0,466,340
53113,0,467,340
53114,0,468,340
53115,0,469,340
53116,0,470,340
53117,0,471,340
53118,0,472,340
53119,0,473,340
53120,0,474,340
53121,0,475,340
53122,0,476,340
53123,0,477,340
53124,0,478,340
53125,0,479,340
53126,0,480,340
53127,0,481,340
53128,0,241,341
53129,0,242,341
53130,0,243,341
53131,0,244,341
53132,0,245,341
53133,0,246,341
53134,0,247,341
53135,0,248,341
53136,0,249,341
53137,0,250,341
53138,0,251,341
53139,0,252,341
53140,0,253,341
53141,0,254,341
53142,0,255,341
53143,0,256,341
53144,0,257,341
53145,0,258,341
53146,0,466,341
53147,0,467,341
53148,0,468,341
53149,0,469,341
53150,0,470,341
53151,0,471,341
53152,0,472,341
53153,0,473,341
53154,0,474,341
53155,0,475,341
53156,0,476,341
53157,0,477,341
53158,0,478,341
53159,0,479,341
53160,0,480,341
53161,0,481,341
53162,0,241,342
53163,0,242,342
53164,0,243,342
53165,0,244,342
53166,0,245,342
53167,0,246,342
53168,0,247,342
53169,0,248,342
53170,0,249,342
53171,0,250,342
53172,0,251,342
53173,0,252,342
53174,0,253,342
53175,0,254,342
53176,0,255,342
53177,0,256,342
53178,0,257,342
53179,0,258,342
53180,0,466,342
53181,0,467,342
53182,0,468,342
53183,0,469,342
53184,0,470,342
53185,0,471,342
53186,0,472,342
53187,0,473,342
53188,0,474,342
53189,0,475,342
53190,0,476,342
53191,0,477,342
53192,0,478,342
53193,0,479,342
53194,0,480,342
53195,0,481,342
53196,0,241,343
53197,0,242,343
53198,0,243,343
53199,0,244,343
53200,0,245,343
53201,0,246,343
53202,0,247,343
53203,0,248,343
53204,0,249,343
53205,0,250,343
53206,0,251,343
53207,0,252,343
53208,0,253,343
53209,0,254,343
53210,0,255,343
53211,0,256,343
53212,0,257,343
53213,0,258,343
53214,0,466,343
53215,0,467,343
53216,0,468,343
53217,0,469,343
53218,0,470,343
53219,0,471,343
53220,0,472,343
53221,0,473,343
53222,0,474,343
53223,0,475,343
53224,0,476,343
53225,0,477,343
53226,0,478,343
53227,0,479,343
53228,0,480,343
53229,0,481,343
53230,0,242,344
53231,0,243,344
53232,0,244,344
53233,0,245,344
53234,0,246,344
53235,0,247,344
53236,0,248,344
53237,0,249,344
53238,0,250,344
53239,0,251,344
53240,0,252,344
53241,0,253,344
53242,0,254,344
53243,0,255,344
53244,0,256,344
53245,0,257,344
53246,0,258,344
53247,0,259,344
53248,0,466,344
53249,0,467,344
53250,0,468,344
53251,0,469,344
53252,0,470,344
53253,0,471,344
53254,0,472,344
53255,0,473,344
53256,0,474,344
53257,0,475,344
53258,0,476,344
53259,0,477,344
53260,0,478,344
53261,0,479,344
53262,0,480,344
53263,0,481,344
53264,0,242,345
53265,0,243,345
53266,0,244,345
53267,0,245,345
53268,0,246,345
53269,0,247,345
53270,0,248,345
53271,0,249,345
53272,0,250,345
53273,0,251,345
53274,0,252,345
53275,0,253,345
53276,0,254,345
53277,0,255,345
53278,0,256,345
53279,0,257,345
53280,0,258,345
53281,0,259,345
53282,0,466,345
53283,0,467,345
53284,0,468,345
53285,0,469,345
53286,0,470,345
53287,0,471,345
53288,0,472,345
53289,0,473,345
53290,0,474,345
53291,0,475,345
53292,0,476,345
53293,0,477,345
53294,0,478,345
53295,0,479,345
53296,0,480,345
53297,0,481,345
53298,0,482,345
53299,0,483,345
53300,0,242,346
53301,0,243,346
53302,0,244,346
53303,0,245,346
53304,0,246,346
53305,0,247,346
53306,0,248,346
53307,0,249,346
53308,0,250,346
53309,0,251,346
53310,0,252,346
53311,0,253,346
53312,0,254,346
53313,0,255,346
53314,0,256,346
53315,0,257,346
53316,0,258,346
53317,0,259,346
53318,0,260,346
53319,0,466,346
53320,0,467,346
53321,0,468,346
53322,0,469,346
53323,0,470,346
53324,0,471,346
53325,0,472,346
53326,0,473,346
53327,0,474,346
53328,0,475,346
53329,0,476,346
53330,0,477,346
53331,0,478,346
53332,0,479,346
53333,0,480,346
53334,0,481,346
53335,0,482,346
53336,0,483,346
53337,0,484,346
53338,0,485,346
53339,0,486,346
53340,0,243,347
53341,0,244,347
53342,0,245,347
53343,0,246,347
53344,0,247,347
53345,0,248,347
53346,0,249,347
53347,0,250,347
53348,0,251,347
53349,0,252,347
53350,0,253,347
53351,0,254,347
53352,0,255,347
53353,0,256,347
53354,0,257,347
53355,0,258,347
53356,0,259,347
53357,0,260,347
53358,0,463,347
53359,0,464,347
53360,0,465,347
53361,0,466,347
53362,0,467,347
53363,0,468,347
53364,0,469,347
53365,0,470,347
53366,0,471,347
53367,0,472,347
53368,0,473,347
53369,0,474,347
53370,0,475,347
53371,0,476,347
53372,0,477,347
53373,0,478,347
53374,0,479,347
53375,0,480,347
53376,0,481,347
53377,0,482,347
53378,0,483,347
53379,0,484,347
53380,0,485,347
53381,0,486,347
53382,0,487,347
53383,0,488,347
53384,0,243,348
53385,0,244,348
53386,0,245,348
53387,0,246,348
53388,0,247,348
53389,0,248,348
53390,0,249,348
53391,0,250,348
53392,0,251,348
53393,0,252,348
53394,0,253,348
53395,0,254,348
53396,0,255,348
53397,0,256,348
53398,0,257,348
53399,0,258,348
53400,0,259,348
53401,0,260,348
53402,0,261,348
53403,0,460,348
53404,0,461,348
53405,0,462,348
53406,0,463,348
53407,0,464,348
53408,0,465,348
53409,0,466,348
53410,0,467,348
53411,0,468,348
53412,0,469,348
53413,0,470,348
53414,0,471,348
53415,0,472,348
53416,0,473,348
53417,0,474,348
53418,0,475,348
53419,0,476,348
53420,0,477,348
53421,0,478,348
53422,0,479,348
53423,0,480,348
53424,0,481,348
53425,0,482,348
53426,0,483,348
53427,0,484,348
53428,0,485,348
53429,0,486,348
53430,0,487,348
53431,0,488,348
53432,0,489,348
53433,0,244,349
53434,0,245,349
53435,0,246,349
53436,0,247,349
53437,0,248,349
53438,0,249,349
53439,0,250,349
53440,0,251,349
53441,0,252,349
53442,0,253,349
53443,0,254,349
53444,0,255,349
53445,0,256,349
53446,0,257,349
53447,0,258,349
53448,0,259,349
53449,0,260,349
53450,0,261,349
53451,0,262,349
53452,0,459,349
53453,0,460,349
53454,0,461,349
53455,0,462,349
53456,0,463,349
53457,0,464,349
53458,0,465,349
53459,0,466,349
53460,0,467,349
53461,0,468,349
53462,0,469,349
53463,0,470,349
53464,0,471,349
53465,0,472,349
53466,0,473,349
53467,0,474,349
53468,0,475,349
53469,0,476,349
53470,0,477,349
53471,0,478,349
53472,0,479,349
53473,0,480,349
53474,0,481,349
53475,0,482,349
53476,0,483,349
53477,0,484,349
53478,0,485,349
53479,0,486,349
53480,0,487,349
53481,0,488,349
53482,0,489,349
53483,0,245,350
53484,0,246,350
53485,0,247,350
53486,0,248,350
53487,0,249,350
53488,0,250,350
53489,0,251,350
53490,0,252,350
53491,0,253,350
53492,0,254,350
53493,0,255,350
53494,0,256,350
53495,0,257,350
53496,0,258,350
53497,0,259,350
53498,0,260,350
53499,0,261,350
53500,0,262,350
53501,0,458,350
53502,0,459,350
53503,0,460,350
53504,0,461,350
53505,0,462,350
53506,0,463,350
53507,0,464,350
53508,0,465,350
53509,0,466,350
53510,0,467,350
53511,0,468,350
53512,0,469,350
53513,0,470,350
53514,0,471,350
53515,0,472,350
53516,0,473,350
53517,0,474,350
53518,0,475,350
53519,0,476,350
53520,0,477,350
53521,0,478,350
53522,0,479,350
53523,0,480,350
53524,0,481,350
53525,0,482,350
53526,0,483,350
53527,0,484,350
53528,0,485,350
53529,0,486,350
53530,0,487,350
53531,0,488,350
53532,0,489,350
53533,0,490,350
53534,0,245,351
53535,0,246,351
53536,0,247,351
53537,0,248,351
53538,0,249,351
53539,0,250,351
53540,0,251,351
53541,0,252,351
53542,0,253,351
53543,0,254,351
53544,0,255,351
53545,0,256,351
53546,0,257,351
53547,0,258,351
53548,0,259,351
53549,0,260,351
53550,0,261,351
53551,0,262,351
53552,0,457,351
53553,0,458,351
53554,0,459,351
53555,0,460,351
53556,0,461,351
53557,0,462,351
53558,0,463,351
53559,0,464,351
53560,0,465,351
53561,0,466,351
53562,0,467,351
53563,0,468,351
53564,0,469,351
53565,0,470,351
53566,0,471,351
53567,0,472,351
53568,0,473,351
53569,0,474,351
53570,0,475,351
53571,0,476,351
53572,0,477,351
53573,0,478,351
53574,0,479,351
53575,0,480,351
53576,0,481,351
53577,0,482,351
53578,0,483,351
53579,0,484,351
53580,0,485,351
53581,0,486,351
53582,0,487,351
53583,0,488,351
53584,0,489,351
53585,0,490,351
53586,0,491,351
53587,0,245,352
53588,0,246,352
53589,0,247,352
53590,0,248,352
53591,0,249,352
53592,0,250,352
53593,0,251,352
53594,0,252,352
53595,0,253,352
53596,0,254,352
53597,0,255,352
53598,0,256,352
53599,0,257,352
53600,0,258,352
53601,0,259,352
53602,0,260,352
53603,0,261,352
53604,0,262,352
53605,0,263,352
53606,0,457,352
53607,0,458,352
53608,0,459,352
53609,0,460,352
53610,0,461,352
53611,0,462,352
53612,0,463,352
53613,0,464,352
53614,0,465,352
53615,0,466,352
53616,0,467,352
53617,0,468,352
53618,0,469,352
53619,0,470,352
53620,0,471,352
53621,0,472,352
53622,0,473,352
53623,0,474,352
53624,0,475,352
53625,0,476,352
53626,0,477,352
53627,0,478,352
53628,0,479,352
53629,0,480,352
53630,0,481,352
53631,0,482,352
53632,0,483,352
53633,0,484,352
53634,0,485,352
53635,0,486,352
53636,0,487,352
53637,0,488,352
53638,0,489,352
53639,0,490,352
53640,0,491,352
53641,0,245,353
53642,0,246,353
53643,0,247,353
53644,0,248,353
53645,0,249,353
53646,0,250,353
53647,0,251,353
53648,0,252,353
53649,0,253,353
53650,0,254,353
53651,0,255,353
53652,0,256,353
53653,0,257,353
53654,0,258,353
53655,0,259,353
53656,0,260,353
53657,0,261,353
53658,0,262,353
53659,0,453,353
53660,0,456,353
53661,0,457,353
53662,0,458,353
53663,0,459,353
53664,0,460,353
53665,0,461,353
53666,0,462,353
53667,0,463,353
53668,0,464,353
53669,0,465,353
53670,0,466,353
53671,0,467,353
53672,0,468,353
53673,0,469,353
53674,0,470,353
53675,0,471,353
53676,0,472,353
53677,0,473,353
53678,0,474,353
53679,0,475,353
53680,0,476,353
53681,0,477,353
53682,0,478,353
53683,0,479,353
53684,0,480,353
53685,0,481,353
53686,0,482,353
53687,0,483,353
53688,0,484,353
53689,0,485,353
53690,0,486,353
53691,0,487,353
53692,0,488,353
53693,0,489,353
53694,0,490,353
53695,0,491,353
53696,0,492,353
53697,0,241,354
53698,0,244,354
53699,0,245,354
53700,0,246,354
53701,0,247,354
53702,0,248,354
53703,0,249,354
53704,0,250,354
53705,0,251,354
53706,0,252,354
53707,0,253,354
53708,0,254,354
53709,0,255,354
53710,0,256,354
53711,0,257,354
53712,0,258,354
53713,0,259,354
53714,0,260,354
53715,0,261,354
53716,0,262,354
53717,0,451,354
53718,0,452,354
53719,0,454,354
53720,0,455,354
53721,0,456,354
53722,0,457,354
53723,0,458,354
53724,0,459,354
53725,0,460,354
53726,0,461,354
53727,0,462,354
53728,0,463,354
53729,0,464,354
53730,0,465,354
53731,0,466,354
53732,0,467,354
53733,0,468,354
53734,0,469,354
53735,0,470,354
53736,0,471,354
53737,0,472,354
53738,0,473,354
53739,0,474,354
53740,0,475,354
53741,0,476,354
53742,0,477,354
53743,0,478,354
53744,0,479,354
53745,0,480,354
53746,0,481,354
53747,0,482,354
53748,0,483,354
53749,0,484,354
53750,0,485,354
53751,0,486,354
53752,0,487,354
53753,0,488,354
53754,0,489,354
53755,0,490,354
53756,0,491,354
53757,0,492,354
53758,0,493,354
53759,0,244,355
53760,0,245,355
53761,0,246,355
53762,0,247,355
53763,0,248,355
53764,0,249,355
53765,0,250,355
53766,0,251,355
53767,0,252,355
53768,0,253,355
53769,0,254,355
53770,0,255,355
53771,0,256,355
53772,0,257,355
53773,0,258,355
53774,0,259,355
53775,0,260,355
53776,0,261,355
53777,0,450,355
53778,0,454,355
53779,0,455,355
53780,0,456,355
53781,0,457,355
53782,0,458,355
53783,0,459,355
53784,0,460,355
53785,0,461,355
53786,0,462,355
53787,0,463,355
53788,0,464,355
53789,0,465,355
53790,0,466,355
53791,0,467,355
53792,0,468,355
53793,0,469,355
53794,0,470,355
53795,0,471,355
53796,0,472,355
53797,0,473,355
53798,0,474,355
53799,0,475,355
53800,0,476,355
53801,0,477,355
53802,0,478,355
53803,0,479,355
53804,0,480,355
53805,0,481,355
53806,0,482,355
53807,0,483,355
53808,0,484,355
53809,0,485,355
53810,0,486,355
53811,0,487,355
53812,0,488,355
53813,0,489,355
53814,0,490,355
53815,0,491,355
53816,0,492,355
53817,0,493,355
53818,0,494,355
53819,0,243,356
53820,0,244,356
53821,0,245,356
53822,0,246,356
53823,0,247,356
53824,0,248,356
53825,0,249,356
53826,0,250,356
53827,0,251,356
53828,0,252,356
53829,0,253,356
53830,0,254,356
53831,0,255,356
53832,0,256,356
53833,0,257,356
53834,0,258,356
53835,0,259,356
53836,0,260,356
53837,0,261,356
53838,0,454,356
53839,0,455,356
53840,0,456,356
53841,0,457,356
53842,0,458,356
53843,0,459,356
53844,0,460,356
53845,0,461,356
53846,0,462,356
53847,0,463,356
53848,0,464,356
53849,0,465,356
53850,0,466,356
53851,0,467,356
53852,0,468,356
53853,0,469,356
53854,0,470,356
53855,0,471,356
53856,0,472,356
53857,0,473,356
53858,0,474,356
53859,0,475,356
53860,0,476,356
53861,0,477,356
53862,0,478,356
53863,0,479,356
53864,0,480,356
53865,0,481,356
53866,0,482,356
53867,0,483,356
53868,0,484,356
53869,0,485,356
53870,0,486,356
53871,0,487,356
53872,0,488,356
53873,0,489,356
53874,0,490,356
53875,0,491,356
53876,0,492,356
53877,0,493,356
53878,0,494,356
53879,0,240,357
53880,0,242,357
53881,0,243,357
53882,0,244,357
53883,0,245,357
53884,0,246,357
53885,0,247,357
53886,0,248,357
53887,0,249,357
53888,0,250,357
53889,0,251,357
53890,0,252,357
53891,0,253,357
53892,0,254,357
53893,0,255,357
53894,0,256,357
53895,0,257,357
53896,0,258,357
53897,0,259,357
53898,0,260,357
53899,0,261,357
53900,0,453,357
53901,0,454,357
53902,0,455,357
53903,0,456,357
53904,0,457,357
53905,0,458,357
53906,0,459,357
53907,0,460,357
53908,0,461,357
53909,0,462,357
53910,0,463,357
53911,0,464,357
53912,0,465,357
53913,0,466,357
53914,0,467,357
53915,0,468,357
53916,0,469,357
53917,0,470,357
53918,0,471,357
53919,0,472,357
53920,0,473,357
53921,0,474,357
53922,0,475,357
53923,0,476,357
53924,0,477,357
53925,0,478,357
53926,0,479,357
53927,0,480,357
53928,0,481,357
53929,0,482,357
53930,0,483,357
53931,0,484,357
53932,0,485,357
53933,0,486,357
53934,0,487,357
53935,0,488,357
53936,0,489,357
53937,0,490,357
53938,0,491,357
53939,0,492,357
53940,0,493,357
53941,0,494,357
53942,0,495,357
53943,0,240,358
53944,0,242,358
53945,0,243,358
53946,0,244,358
53947,0,245,358
53948,0,246,358
53949,0,247,358
53950,0,248,358
53951,0,249,358
53952,0,250,358
53953,0,251,358
53954,0,252,358
53955,0,253,358
53956,0,254,358
53957,0,255,358
53958,0,256,358
53959,0,257,358
53960,0,258,358
53961,0,259,358
53962,0,260,358
53963,0,452,358
53964,0,453,358
53965,0,454,358
53966,0,455,358
53967,0,456,358
53968,0,457,358
53969,0,458,358
53970,0,459,358
53971,0,460,358
53972,0,461,358
53973,0,462,358
53974,0,463,358
53975,0,464,358
53976,0,465,358
53977,0,466,358
53978,0,467,358
53979,0,468,358
53980,0,469,358
53981,0,470,358
53982,0,471,358
53983,0,472,358
53984,0,473,358
53985,0,474,358
53986,0,475,358
53987,0,476,358
53988,0,477,358
53989,0,478,358
53990,0,479,358
53991,0,480,358
53992,0,481,358
53993,0,482,358
53994,0,483,358
53995,0,484,358
53996,0,485,358
53997,0,486,358
53998,0,487,358
53999,0,488,358
54000,0,489,358
54001,0,490,358
54002,0,491,358
54003,0,492,358
54004,0,493,358
54005,0,494,358
54006,0,495,358
54007,0,496,358
54008,0,240,359
54009,0,242,359
54010,0,243,359
54011,0,244,359
54012,0,245,359
54013,0,246,359
54014,0,247,359
54015,0,248,359
54016,0,249,359
54017,0,250,359
54018,0,251,359
54019,0,252,359
54020,0,253,359
54021,0,254,359
54022,0,255,359
54023,0,256,359
54024,0,257,359
54025,0,258,359
54026,0,259,359
54027,0,260,359
54028,0,452,359
54029,0,453,359
54030,0,454,359
54031,0,455,359
54032,0,456,359
54033,0,457,359
54034,0,458,359
54035,0,459,359
54036,0,460,359
54037,0,461,359
54038,0,462,359
54039,0,463,359
54040,0,464,359
54041,0,465,359
54042,0,466,359
54043,0,467,359
54044,0,468,359
54045,0,469,359
54046,0,470,359
54047,0,471,359
54048,0,472,359
54049,0,473,359
54050,0,474,359
54051,0,475,359
54052,0,476,359
54053,0,477,359
54054,0,478,359
54055,0,479,359
54056,0,480,359
54057,0,481,359
54058,0,482,359
54059,0,483,359
54060,0,484,359
54061,0,485,359
54062,0,486,359
54063,0,487,359
54064,0,488,359
54065,0,489,359
54066,0,490,359
54067,0,491,359
54068,0,492,359
54069,0,493,359
54070,0,494,359
54071,0,495,359
54072,0,496,359
54073,0,500,359
54074,0,241,360
54075,0,242,360
54076,0,243,360
54077,0,244,360
54078,0,245,360
54079,0,246,360
54080,0,247,360
54081,0,248,360
54082,0,249,360
54083,0,250,360
54084,0,251,360
54085,0,252,360
54086,0,253,360
54087,0,254,360
54088,0,255,360
54089,0,256,360
54090,0,257,360
54091,0,258,360
54092,0,259,360
54093,0,260,360
54094,0,451,360
54095,0,452,360
54096,0,454,360
54097,0,455,360
54098,0,456,360
54099,0,457,360
54100,0,458,360
54101,0,459,360
54102,0,460,360
54103,0,461,360
54104,0,462,360
54105,0,463,360
54106,0,464,360
54107,0,465,360
54108,0,466,360
54109,0,467,360
54110,0,468,360
54111,0,469,360
54112,0,470,360
54113,0,471,360
54114,0,472,360
54115,0,473,360
54116,0,474,360
54117,0,475,360
54118,0,476,360
54119,0,477,360
54120,0,478,360
54121,0,479,360
54122,0,480,360
54123,0,481,360
54124,0,482,360
54125,0,483,360
54126,0,484,360
54127,0,485,360
54128,0,486,360
54129,0,487,360
54130,0,488,360
54131,0,489,360
54132,0,490,360
54133,0,491,360
54134,0,492,360
54135,0,493,360
54136,0,494,360
54137,0,495,360
54138,0,496,360
54139,0,497,360
54140,0,241,361
54141,0,242,361
54142,0,243,361
54143,0,244,361
54144,0,245,361
54145,0,246,361
54146,0,247,361
54147,0,248,361
54148,0,249,361
54149,0,250,361
54150,0,251,361
54151,0,252,361
54152,0,253,361
54153,0,254,361
54154,0,255,361
54155,0,256,361
54156,0,257,361
54157,0,258,361
54158,0,259,361
54159,0,450,361
54160,0,451,361
54161,0,452,361
54162,0,453,361
54163,0,454,361
54164,0,455,361
54165,0,456,361
54166,0,457,361
54167,0,458,361
54168,0,459,361
54169,0,460,361
54170,0,461,361
54171,0,462,361
54172,0,463,361
54173,0,464,361
54174,0,465,361
54175,0,466,361
54176,0,467,361
54177,0,468,361
54178,0,469,361
54179,0,470,361
54180,0,471,361
54181,0,472,361
54182,0,473,361
54183,0,474,361
54184,0,475,361
54185,0,476,361
54186,0,477,361
54187,0,478,361
54188,0,479,361
54189,0,480,361
54190,0,481,361
54191,0,482,361
54192,0,483,361
54193,0,484,361
54194,0,485,361
54195,0,486,361
54196,0,487,361
54197,0,488,361
54198,0,489,361
54199,0,490,361
54200,0,491,361
54201,0,492,361
54202,0,493,361
54203,0,494,361
54204,0,495,361
54205,0,496,361
54206,0,497,361
54207,0,241,362
54208,0,242,362
54209,0,243,362
54210,0,244,362
54211,0,245,362
54212,0,246,362
54213,0,247,362
54214,0,248,362
54215,0,249,362
54216,0,250,362
54217,0,251,362
54218,0,252,362
54219,0,253,362
54220,0,254,362
54221,0,255,362
54222,0,256,362
54223,0,257,362
54224,0,258,362
54225,0,259,362
54226,0,450,362
54227,0,451,362
54228,0,452,362
54229,0,453,362
54230,0,454,362
54231,0,455,362
54232,0,456,362
54233,0,457,362
54234,0,458,362
54235,0,459,362
54236,0,460,362
54237,0,461,362
54238,0,462,362
54239,0,463,362
54240,0,464,362
54241,0,465,362
54242,0,466,362
54243,0,467,362
54244,0,468,362
54245,0,469,362
54246,0,470,362
54247,0,471,362
54248,0,472,362
54249,0,473,362
54250,0,474,362
54251,0,475,362
54252,0,476,362
54253,0,477,362
54254,0,478,362
54255,0,479,362
54256,0,480,362
54257,0,481,362
54258,0,482,362
54259,0,483,362
54260,0,484,362
54261,0,485,362
54262,0,486,362
54263,0,487,362
54264,0,488,362
54265,0,489,362
54266,0,490,362
54267,0,491,362
54268,0,492,362
54269,0,493,362
54270,0,494,362
54271,0,495,362
54272,0,496,362
54273,0,497,362
54274,0,499,362
54275,0,241,363
54276,0,242,363
54277,0,243,363
54278,0,244,363
54279,0,245,363
54280,0,246,363
54281,0,247,363
54282,0,248,363
54283,0,249,363
54284,0,250,363
54285,0,251,363
54286,0,252,363
54287,0,253,363
54288,0,254,363
54289,0,255,363
54290,0,256,363
54291,0,257,363
54292,0,258,363
54293,0,259,363
54294,0,450,363
54295,0,451,363
54296,0,452,363
54297,0,453,363
54298,0,454,363
54299,0,455,363
54300,0,456,363
54301,0,457,363
54302,0,458,363
54303,0,459,363
54304,0,460,363
54305,0,461,363
54306,0,462,363
54307,0,463,363
54308,0,464,363
54309,0,465,363
54310,0,466,363
54311,0,467,363
54312,0,468,363
54313,0,469,363
54314,0,470,363
54315,0,471,363
54316,0,472,363
54317,0,473,363
54318,0,474,363
54319,0,475,363
54320,0,476,363
54321,0,477,363
54322,0,478,363
54323,0,479,363
54324,0,480,363
54325,0,481,363
54326,0,482,363
54327,0,483,363
54328,0,484,363
54329,0,485,363
54330,0,486,363
54331,0,487,363
54332,0,488,363
54333,0,489,363
54334,0,490,363
54335,0,491,363
54336,0,492,363
54337,0,493,363
54338,0,494,363
54339,0,495,363
54340,0,496,363
54341,0,497,363
54342,0,498,363
54343,0,241,364
54344,0,242,364
54345,0,243,364
54346,0,244,364
54347,0,245,364
54348,0,246,364
54349,0,247,364
54350,0,248,364
54351,0,249,364
54352,0,250,364
54353,0,251,364
54354,0,252,364
54355,0,253,364
54356,0,254,364
54357,0,255,364
54358,0,256,364
54359,0,257,364
54360,0,258,364
54361,0,259,364
54362,0,450,364
54363,0,451,364
54364,0,452,364
54365,0,453,364
54366,0,454,364
54367,0,455,364
54368,0,456,364
54369,0,457,364
54370,0,458,364
54371,0,459,364
54372,0,460,364
54373,0,461,364
54374,0,462,364
54375,0,463,364
54376,0,464,364
54377,0,465,364
54378,0,466,364
54379,0,467,364
54380,0,468,364
54381,0,469,364
54382,0,470,364
54383,0,471,364
54384,0,472,364
54385,0,473,364
54386,0,474,364
54387,0,475,364
54388,0,476,364
54389,0,477,364
54390,0,478,364
54391,0,479,364
54392,0,480,364
54393,0,481,364
54394,0,482,364
54395,0,483,364
54396,0,484,364
54397,0,485,364
54398,0,486,364
54399,0,487,364
54400,0,488,364
54401,0,489,364
54402,0,490,364
54403,0,491,364
54404,0,492,364
54405,0,493,364
54406,0,494,364
54407,0,495,364
54408,0,496,364
54409,0,497,364
54410,0,241,365
54411,0,242,365
54412,0,243,365
54413,0,244,365
54414,0,245,365
54415,0,246,365
54416,0,247,365
54417,0,248,365
54418,0,249,365
54419,0,250,365
54420,0,251,365
54421,0,252,365
54422,0,253,365
54423,0,254,365
54424,0,255,365
54425,0,256,365
54426,0,257,365
54427,0,258,365
54428,0,450,365
54429,0,451,365
54430,0,452,365
54431,0,453,365
54432,0,454,365
54433,0,455,365
54434,0,456,365
54435,0,457,365
54436,0,458,365
54437,0,459,365
54438,0,460,365
54439,0,461,365
54440,0,462,365
54441,0,463,365
54442,0,464,365
54443,0,465,365
54444,0,466,365
54445,0,467,365
54446,0,468,365
54447,0,469,365
54448,0,470,365
54449,0,471,365
54450,0,472,365
54451,0,473,365
54452,0,474,365
54453,0,475,365
54454,0,476,365
54455,0,477,365
54456,0,478,365
54457,0,479,365
54458,0,480,365
54459,0,481,365
54460,0,482,365
54461,0,483,365
54462,0,484,365
54463,0,485,365
54464,0,486,365
54465,0,487,365
54466,0,488,365
54467,0,489,365
54468,0,490,365
54469,0,491,365
54470,0,492,365
54471,0,493,365
54472,0,494,365
54473,0,495,365
54474,0,496,365
54475,0,497,365
54476,0,241,366
54477,0,242,366
54478,0,243,366
54479,0,244,366
54480,0,245,366
54481,0,246,366
54482,0,247,366
54483,0,248,366
54484,0,249,366
54485,0,250,366
54486,0,251,366
54487,0,252,366
54488,0,253,366
54489,0,254,366
54490,0,255,366
54491,0,256,366
54492,0,257,366
54493,0,258,366
54494,0,450,366
54495,0,451,366
54496,0,452,366
54497,0,453,366
54498,0,454,366
54499,0,455,366
54500,0,456,366
54501,0,457,366
54502,0,458,366
54503,0,459,366
54504,0,460,366
54505,0,461,366
54506,0,462,366
54507,0,463,366
54508,0,464,366
54509,0,465,366
54510,0,466,366
54511,0,467,366
54512,0,468,366
54513,0,469,366
54514,0,470,366
54515,0,471,366
54516,0,472,366
54517,0,473,366
54518,0,474,366
54519,0,475,366
54520,0,476,366
54521,0,477,366
54522,0,478,366
54523,0,479,366
54524,0,480,366
54525,0,481,366
54526,0,482,366
54527,0,483,366
54528,0,484,366
54529,0,485,366
54530,0,486,366
54531,0,487,366
54532,0,488,366
54533,0,489,366
54534,0,490,366
54535,0,491,366
54536,0,492,366
54537,0,493,366
54538,0,494,366
54539,0,495,366
54540,0,496,366
54541,0,497,366
54542,0,498,366
54543,0,241,367
54544,0,242,367
54545,0,243,367
54546,0,244,367
54547,0,245,367
54548,0,246,367
54549,0,247,367
54550,0,248,367
54551,0,249,367
54552,0,250,367
54553,0,251,367
54554,0,252,367
54555,0,253,367
54556,0,254,367
54557,0,255,367
54558,0,256,367
54559,0,257,367
54560,0,258,367
54561,0,261,367
54562,0,262,367
54563,0,263,367
54564,0,450,367
54565,0,451,367
54566,0,452,367
54567,0,453,367
54568,0,454,367
54569,0,455,367
54570,0,456,367
54571,0,457,367
54572,0,458,367
54573,0,459,367
54574,0,460,367
54575,0,461,367
54576,0,462,367
54577,0,463,367
54578,0,464,367
54579,0,465,367
54580,0,466,367
54581,0,467,367
54582,0,468,367
54583,0,469,367
54584,0,470,367
54585,0,471,367
54586,0,472,367
54587,0,473,367
54588,0,474,367
54589,0,475,367
54590,0,476,367
54591,0,477,367
54592,0,478,367
54593,0,479,367
54594,0,480,367
54595,0,481,367
54596,0,482,367
54597,0,483,367
54598,0,484,367
54599,0,485,367
54600,0,486,367
54601,0,487,367
54602,0,488,367
54603,0,489,367
54604,0,490,367
54605,0,491,367
54606,0,492,367
54607,0,493,367
54608,0,494,367
54609,0,495,367
54610,0,496,367
54611,0,497,367
54612,0,498,367
54613,0,241,368
54614,0,242,368
54615,0,243,368
54616,0,244,368
54617,0,245,368
54618,0,246,368
54619,0,247,368
54620,0,248,368
54621,0,249,368
54622,0,250,368
54623,0,251,368
54624,0,252,368
54625,0,253,368
54626,0,254,368
54627,0,255,368
54628,0,256,368
54629,0,257,368
54630,0,258,368
54631,0,263,368
54632,0,450,368
54633,0,451,368
54634,0,452,368
54635,0,453,368
54636,0,454,368
54637,0,455,368
54638,0,456,368
54639,0,457,368
54640,0,458,368
54641,0,459,368
54642,0,460,368
54643,0,461,368
54644,0,462,368
54645,0,463,368
54646,0,464,368
54647,0,465,368
54648,0,466,368
54649,0,467,368
54650,0,468,368
54651,0,469,368
54652,0,470,368
54653,0,471,368
54654,0,472,368
54655,0,473,368
54656,0,474,368
54657,0,475,368
54658,0,476,368
54659,0,477,368
54660,0,478,368
54661,0,479,368
54662,0,480,368
54663,0,481,368
54664,0,482,368
54665,0,483,368
54666,0,484,368
54667,0,485,368
54668,0,486,368
54669,0,487,368
54670,0,488,368
54671,0,489,368
54672,0,490,368
54673,0,491,368
54674,0,492,368
54675,0,493,368
54676,0,494,368
54677,0,495,368
54678,0,496,368
54679,0,497,368
54680,0,241,369
54681,0,242,369
54682,0,243,369
54683,0,244,369
54684,0,245,369
54685,0,246,369
54686,0,247,369
54687,0,248,369
54688,0,249,369
54689,0,250,369
54690,0,251,369
54691,0,252,369
54692,0,253,369
54693,0,254,369
54694,0,255,369
54695,0,256,369
54696,0,257,369
54697,0,258,369
54698,0,263,369
54699,0,434,369
54700,0,435,369
54701,0,436,369
54702,0,437,369
54703,0,438,369
54704,0,439,369
54705,0,440,369
54706,0,441,369
54707,0,442,369
54708,0,443,369
54709,0,444,369
54710,0,445,369
54711,0,446,369
54712,0,447,369
54713,0,448,369
54714,0,449,369
54715,0,450,369
54716,0,451,369
54717,0,452,369
54718,0,453,369
54719,0,454,369
54720,0,455,369
54721,0,456,369
54722,0,457,369
54723,0,458,369
54724,0,459,369
54725,0,460,369
54726,0,461,369
54727,0,462,369
54728,0,463,369
54729,0,464,369
54730,0,465,369
54731,0,466,369
54732,0,467,369
54733,0,468,369
54734,0,469,369
54735,0,470,369
54736,0,471,369
54737,0,472,369
54738,0,473,369
54739,0,474,369
54740,0,475,369
54741,0,476,369
54742,0,477,369
54743,0,478,369
54744,0,479,369
54745,0,480,369
54746,0,481,369
54747,0,482,369
54748,0,483,369
54749,0,484,369
54750,0,485,369
54751,0,486,369
54752,0,487,369
54753,0,488,369
54754,0,489,369
54755,0,490,369
54756,0,491,369
54757,0,492,369
54758,0,493,369
54759,0,494,369
54760,0,495,369
54761,0,496,369
54762,0,497,369
54763,0,498,369
54764,0,499,369
54765,0,500,369
54766,0,501,369
54767,0,502,369
54768,0,503,369
54769,0,504,369
54770,0,505,369
54771,0,506,369
54772,0,507,369
54773,0,508,369
54774,0,509,369
54775,0,510,369
54776,0,511,369
54777,0,512,369
54778,0,513,369
54779,0,239,370
54780,0,240,370
54781,0,241,370
54782,0,242,370
54783,0,243,370
54784,0,244,370
54785,0,245,370
54786,0,246,370
54787,0,247,370
54788,0,248,370
54789,0,249,370
54790,0,250,370
54791,0,251,370
54792,0,252,370
54793,0,253,370
54794,0,254,370
54795,0,255,370
54796,0,256,370
54797,0,257,370
54798,0,258,370
54799,0,259,370
54800,0,260,370
54801,0,434,370
54802,0,435,370
54803,0,436,370
54804,0,437,370
54805,0,438,370
54806,0,439,370
54807,0,440,370
54808,0,441,370
54809,0,442,370
54810,0,443,370
54811,0,444,370
54812,0,445,370
54813,0,446,370
54814,0,447,370
54815,0,448,370
54816,0,449,370
54817,0,450,370
54818,0,451,370
54819,0,452,370
54820,0,453,370
54821,0,454,370
54822,0,455,370
54823,0,456,370
54824,0,457,370
54825,0,458,370
54826,0,459,370
54827,0,460,370
54828,0,461,370
54829,0,462,370
54830,0,463,370
54831,0,464,370
54832,0,465,370
54833,0,466,370
54834,0,467,370
54835,0,480,370
54836,0,481,370
54837,0,482,370
54838,0,483,370
54839,0,484,370
54840,0,485,370
54841,0,486,370
54842,0,487,370
54843,0,488,370
54844,0,489,370
54845,0,490,370
54846,0,491,370
54847,0,492,370
54848,0,493,370
54849,0,494,370
54850,0,495,370
54851,0,496,370
54852,0,497,370
54853,0,498,370
54854,0,499,370
54855,0,500,370
54856,0,501,370
54857,0,502,370
54858,0,503,370
54859,0,504,370
54860,0,505,370
54861,0,506,370
54862,0,507,370
54863,0,508,370
54864,0,509,370
54865,0,510,370
54866,0,511,370
54867,0,512,370
54868,0,513,370
54869,0,241,371
54870,0,242,371
54871,0,243,371
54872,0,244,371
54873,0,245,371
54874,0,246,371
54875,0,247,371
54876,0,248,371
54877,0,249,371
54878,0,250,371
54879,0,251,371
54880,0,252,371
54881,0,253,371
54882,0,254,371
54883,0,255,371
54884,0,256,371
54885,0,257,371
54886,0,258,371
54887,0,434,371
54888,0,435,371
54889,0,436,371
54890,0,437,371
54891,0,438,371
54892,0,439,371
54893,0,440,371
54894,0,441,371
54895,0,442,371
54896,0,443,371
54897,0,444,371
54898,0,445,371
54899,0,446,371
54900,0,447,371
54901,0,448,371
54902,0,449,371
54903,0,450,371
54904,0,451,371
54905,0,452,371
54906,0,453,371
54907,0,454,371
54908,0,455,371
54909,0,456,371
54910,0,457,371
54911,0,458,371
54912,0,459,371
54913,0,460,371
54914,0,461,371
54915,0,462,371
54916,0,463,371
54917,0,464,371
54918,0,465,371
54919,0,466,371
54920,0,481,371
54921,0,482,371
54922,0,483,371
54923,0,484,371
54924,0,485,371
54925,0,486,371
54926,0,487,371
54927,0,488,371
54928,0,489,371
54929,0,490,371
54930,0,491,371
54931,0,492,371
54932,0,493,371
54933,0,494,371
54934,0,495,371
54935,0,496,371
54936,0,497,371
54937,0,498,371
54938,0,499,371
54939,0,500,371
54940,0,501,371
54941,0,502,371
54942,0,503,371
54943,0,504,371
54944,0,505,371
54945,0,506,371
54946,0,507,371
54947,0,508,371
54948,0,509,371
54949,0,510,371
54950,0,511,371
54951,0,512,371
54952,0,513,371
54953,0,241,372
54954,0,242,372
54955,0,243,372
54956,0,244,372
54957,0,245,372
54958,0,246,372
54959,0,247,372
54960,0,248,372
54961,0,249,372
54962,0,250,372
54963,0,251,372
54964,0,252,372
54965,0,253,372
54966,0,254,372
54967,0,255,372
54968,0,256,372
54969,0,257,372
54970,0,258,372
54971,0,434,372
54972,0,435,372
54973,0,436,372
54974,0,437,372
54975,0,438,372
54976,0,439,372
54977,0,440,372
54978,0,441,372
54979,0,442,372
54980,0,443,372
54981,0,444,372
54982,0,445,372
54983,0,446,372
54984,0,447,372
54985,0,448,372
54986,0,449,372
54987,0,450,372
54988,0,451,372
54989,0,452,372
54990,0,453,372
54991,0,454,372
54992,0,455,372
54993,0,456,372
54994,0,457,372
54995,0,458,372
54996,0,459,372
54997,0,460,372
54998,0,461,372
54999,0,462,372
55000,0,463,372
55001,0,464,372
55002,0,465,372
55003,0,466,372
55004,0,481,372
55005,0,482,372
55006,0,483,372
55007,0,484,372
55008,0,485,372
55009,0,486,372
55010,0,487,372
55011,0,488,372
55012,0,489,372
55013,0,490,372
55014,0,491,372
55015,0,492,372
55016,0,493,372
55017,0,494,372
55018,0,495,372
55019,0,496,372
55020,0,497,372
55021,0,498,372
55022,0,499,372
55023,0,500,372
55024,0,501,372
55025,0,502,372
55026,0,503,372
55027,0,504,372
55028,0,505,372
55029,0,506,372
55030,0,507,372
55031,0,508,372
55032,0,509,372
55033,0,510,372
55034,0,511,372
55035,0,512,372
55036,0,513,372
55037,0,241,373
55038,0,242,373
55039,0,243,373
55040,0,244,373
55041,0,245,373
55042,0,246,373
55043,0,247,373
55044,0,248,373
55045,0,249,373
55046,0,250,373
55047,0,251,373
55048,0,252,373
55049,0,253,373
55050,0,254,373
55051,0,255,373
55052,0,256,373
55053,0,257,373
55054,0,258,373
55055,0,259,373
55056,0,434,373
55057,0,435,373
55058,0,436,373
55059,0,437,373
55060,0,438,373
55061,0,439,373
55062,0,440,373
55063,0,441,373
55064,0,442,373
55065,0,443,373
55066,0,444,373
55067,0,445,373
55068,0,446,373
55069,0,447,373
55070,0,448,373
55071,0,449,373
55072,0,450,373
55073,0,451,373
55074,0,452,373
55075,0,453,373
55076,0,454,373
55077,0,455,373
55078,0,456,373
55079,0,457,373
55080,0,458,373
55081,0,459,373
55082,0,460,373
55083,0,461,373
55084,0,462,373
55085,0,463,373
55086,0,464,373
55087,0,465,373
55088,0,466,373
55089,0,481,373
55090,0,482,373
55091,0,483,373
55092,0,484,373
55093,0,485,373
55094,0,486,373
55095,0,487,373
55096,0,488,373
55097,0,489,373
55098,0,490,373
55099,0,491,373
55100,0,492,373
55101,0,493,373
55102,0,494,373
55103,0,495,373
55104,0,496,373
55105,0,497,373
55106,0,498,373
55107,0,499,373
55108,0,500,373
55109,0,501,373
55110,0,502,373
55111,0,503,373
55112,0,504,373
55113,0,505,373
55114,0,506,373
55115,0,507,373
55116,0,508,373
55117,0,509,373
55118,0,510,373
55119,0,511,373
55120,0,512,373
55121,0,513,373
55122,0,241,374
55123,0,242,374
55124,0,243,374
55125,0,244,374
55126,0,245,374
55127,0,246,374
55128,0,247,374
55129,0,248,374
55130,0,249,374
55131,0,250,374
55132,0,251,374
55133,0,252,374
55134,0,253,374
55135,0,254,374
55136,0,255,374
55137,0,256,374
55138,0,257,374
55139,0,258,374
55140,0,259,374
55141,0,434,374
55142,0,435,374
55143,0,436,374
55144,0,437,374
55145,0,438,374
55146,0,439,374
55147,0,440,374
55148,0,441,374
55149,0,442,374
55150,0,443,374
55151,0,444,374
55152,0,445,374
55153,0,446,374
55154,0,447,374
55155,0,448,374
55156,0,449,374
55157,0,450,374
55158,0,451,374
55159,0,452,374
55160,0,453,374
55161,0,454,374
55162,0,455,374
55163,0,456,374
55164,0,457,374
55165,0,458,374
55166,0,459,374
55167,0,460,374
55168,0,461,374
55169,0,462,374
55170,0,463,374
55171,0,464,374
55172,0,465,374
55173,0,466,374
55174,0,481,374
55175,0,482,374
55176,0,483,374
55177,0,484,374
55178,0,485,374
55179,0,486,374
55180,0,487,374
55181,0,488,374
55182,0,489,374
55183,0,490,374
55184,0,491,374
55185,0,492,374
55186,0,493,374
55187,0,494,374
55188,0,495,374
55189,0,496,374
55190,0,497,374
55191,0,498,374
55192,0,499,374
55193,0,500,374
55194,0,501,374
55195,0,502,374
55196,0,503,374
55197,0,504,374
55198,0,505,374
55199,0,506,374
55200,0,507,374
55201,0,508,374
55202,0,509,374
55203,0,510,374
55204,0,511,374
55205,0,512,374
55206,0,513,374
55207,0,241,375
55208,0,242,375
55209,0,243,375
55210,0,244,375
55211,0,245,375
55212,0,246,375
55213,0,247,375
55214,0,248,375
55215,0,249,375
55216,0,250,375
55217,0,251,375
55218,0,252,375
55219,0,253,375
55220,0,254,375
55221,0,255,375
55222,0,256,375
55223,0,257,375
55224,0,258,375
55225,0,259,375
55226,0,434,375
55227,0,435,375
55228,0,436,375
55229,0,437,375
55230,0,438,375
55231,0,439,375
55232,0,440,375
55233,0,441,375
55234,0,442,375
55235,0,443,375
55236,0,444,375
55237,0,445,375
55238,0,446,375
55239,0,447,375
55240,0,448,375
55241,0,449,375
55242,0,450,375
55243,0,451,375
55244,0,452,375
55245,0,453,375
55246,0,454,375
55247,0,455,375
55248,0,456,375
55249,0,457,375
55250,0,458,375
55251,0,459,375
55252,0,460,375
55253,0,461,375
55254,0,462,375
55255,0,463,375
55256,0,464,375
55257,0,465,375
55258,0,466,375
55259,0,481,375
55260,0,482,375
55261,0,483,375
55262,0,484,375
55263,0,485,375
55264,0,486,375
55265,0,487,375
55266,0,488,375
55267,0,489,375
55268,0,490,375
55269,0,491,375
55270,0,492,375
55271,0,493,375
55272,0,494,375
55273,0,495,375
55274,0,496,375
55275,0,497,375
55276,0,498,375
55277,0,499,375
55278,0,500,375
55279,0,501,375
55280,0,502,375
55281,0,503,375
55282,0,504,375
55283,0,505,375
55284,0,506,375
55285,0,507,375
55286,0,508,375
55287,0,509,375
55288,0,510,375
55289,0,511,375
55290,0,512,375
55291,0,513,375
55292,0,241,376
55293,0,242,376
55294,0,243,376
55295,0,244,376
55296,0,245,376
55297,0,246,376
55298,0,247,376
55299,0,248,376
55300,0,249,376
55301,0,250,376
55302,0,251,376
55303,0,252,376
55304,0,253,376
55305,0,254,376
55306,0,255,376
55307,0,256,376
55308,0,257,376
55309,0,258,376
55310,0,259,376
55311,0,260,376
55312,0,434,376
55313,0,435,376
55314,0,436,376
55315,0,437,376
55316,0,438,376
55317,0,439,376
55318,0,440,376
55319,0,441,376
55320,0,442,376
55321,0,443,376
55322,0,444,376
55323,0,445,376
55324,0,446,376
55325,0,447,376
55326,0,448,376
55327,0,449,376
55328,0,450,376
55329,0,451,376
55330,0,452,376
55331,0,453,376
55332,0,454,376
55333,0,455,376
55334,0,456,376
55335,0,457,376
55336,0,458,376
55337,0,459,376
55338,0,460,376
55339,0,461,376
55340,0,462,376
55341,0,463,376
55342,0,464,376
55343,0,465,376
55344,0,466,376
55345,0,481,376
55346,0,482,376
55347,0,483,376
55348,0,484,376
55349,0,485,376
55350,0,486,376
55351,0,487,376
55352,0,488,376
55353,0,489,376
55354,0,490,376
55355,0,491,376
55356,0,492,376
55357,0,493,376
55358,0,494,376
55359,0,495,376
55360,0,496,376
55361,0,497,376
55362,0,498,376
55363,0,499,376
55364,0,500,376
55365,0,501,376
55366,0,502,376
55367,0,503,376
55368,0,504,376
55369,0,505,376
55370,0,506,376
55371,0,507,376
55372,0,508,376
55373,0,509,376
55374,0,510,376
55375,0,511,376
55376,0,512,376
55377,0,513,376
55378,0,241,377
55379,0,242,377
55380,0,243,377
55381,0,244,377
55382,0,245,377
55383,0,246,377
55384,0,247,377
55385,0,248,377
55386,0,249,377
55387,0,250,377
55388,0,251,377
55389,0,252,377
55390,0,253,377
55391,0,254,377
55392,0,255,377
55393,0,256,377
55394,0,257,377
55395,0,258,377
55396,0,259,377
55397,0,260,377
55398,0,434,377
55399,0,435,377
55400,0,436,377
55401,0,437,377
55402,0,438,377
55403,0,439,377
55404,0,440,377
55405,0,441,377
55406,0,442,377
55407,0,443,377
55408,0,444,377
55409,0,445,377
55410,0,446,377
55411,0,447,377
55412,0,448,377
55413,0,449,377
55414,0,450,377
55415,0,451,377
55416,0,452,377
55417,0,453,377
55418,0,454,377
55419,0,455,377
55420,0,456,377
55421,0,457,377
55422,0,458,377
55423,0,459,377
55424,0,460,377
55425,0,461,377
55426,0,462,377
55427,0,463,377
55428,0,464,377
55429,0,465,377
55430,0,466,377
55431,0,481,377
55432,0,482,377
55433,0,483,377
55434,0,484,377
55435,0,485,377
55436,0,486,377
55437,0,487,377
55438,0,488,377
55439,0,489,377
55440,0,490,377
55441,0,491,377
55442,0,492,377
55443,0,493,377
55444,0,494,377
55445,0,495,377
55446,0,496,377
55447,0,497,377
55448,0,498,377
55449,0,499,377
55450,0,500,377
55451,0,501,377
55452,0,502,377
55453,0,503,377
55454,0,504,377
55455,0,505,377
55456,0,506,377
55457,0,507,377
55458,0,508,377
55459,0,509,377
55460,0,510,377
55461,0,511,377
55462,0,512,377
55463,0,513,377
55464,0,242,378
55465,0,243,378
55466,0,244,378
55467,0,245,378
55468,0,246,378
55469,0,247,378
55470,0,248,378
55471,0,249,378
55472,0,250,378
55473,0,251,378
55474,0,252,378
55475,0,253,378
55476,0,254,378
55477,0,255,378
55478,0,256,378
55479,0,257,378
55480,0,258,378
55481,0,259,378
55482,0,260,378
55483,0,261,378
55484,0,434,378
55485,0,435,378
55486,0,436,378
55487,0,437,378
55488,0,438,378
55489,0,439,378
55490,0,440,378
55491,0,441,378
55492,0,442,378
55493,0,443,378
55494,0,444,378
55495,0,445,378
55496,0,446,378
55497,0,447,378
55498,0,448,378
55499,0,449,378
55500,0,450,378
55501,0,451,378
55502,0,452,378
55503,0,453,378
55504,0,454,378
55505,0,455,378
55506,0,456,378
55507,0,457,378
55508,0,458,378
55509,0,459,378
55510,0,460,378
55511,0,461,378
55512,0,462,378
55513,0,463,378
55514,0,464,378
55515,0,465,378
55516,0,466,378
55517,0,481,378
55518,0,482,378
55519,0,483,378
55520,0,484,378
55521,0,485,378
55522,0,486,378
55523,0,487,378
55524,0,488,378
55525,0,489,378
55526,0,490,378
55527,0,491,378
55528,0,492,378
55529,0,493,378
55530,0,494,378
55531,0,495,378
55532,0,496,378
55533,0,497,378
55534,0,498,378
55535,0,499,378
55536,0,500,378
55537,0,501,378
55538,0,502,378
55539,0,503,378
55540,0,504,378
55541,0,505,378
55542,0,506,378
55543,0,507,378
55544,0,508,378
55545,0,509,378
55546,0,510,378
55547,0,511,378
55548,0,512,378
55549,0,513,378
55550,0,242,379
55551,0,243,379
55552,0,244,379
55553,0,245,379
55554,0,246,379
55555,0,247,379
55556,0,248,379
55557,0,249,379
55558,0,250,379
55559,0,251,379
55560,0,252,379
55561,0,253,379
55562,0,254,379
55563,0,255,379
55564,0,256,379
55565,0,257,379
55566,0,258,379
55567,0,259,379
55568,0,260,379
55569,0,261,379
55570,0,434,379
55571,0,435,379
55572,0,436,379
55573,0,437,379
55574,0,438,379
55575,0,439,379
55576,0,440,379
55577,0,441,379
55578,0,442,379
55579,0,443,379
55580,0,444,379
55581,0,445,379
55582,0,446,379
55583,0,447,379
55584,0,448,379
55585,0,449,379
55586,0,450,379
55587,0,451,379
55588,0,452,379
55589,0,453,379
55590,0,454,379
55591,0,455,379
55592,0,456,379
55593,0,457,379
55594,0,458,379
55595,0,459,379
55596,0,460,379
55597,0,461,379
55598,0,462,379
55599,0,463,379
55600,0,464,379
55601,0,465,379
55602,0,466,379
55603,0,481,379
55604,0,482,379
55605,0,483,379
55606,0,484,379
55607,0,485,379
55608,0,486,379
55609,0,487,379
55610,0,488,379
55611,0,489,379
55612,0,490,379
55613,0,491,379
55614,0,492,379
55615,0,493,379
55616,0,494,379
55617,0,495,379
55618,0,496,379
55619,0,497,379
55620,0,498,379
55621,0,499,379
55622,0,500,379
55623,0,501,379
55624,0,502,379
55625,0,503,379
55626,0,504,379
55627,0,505,379
55628,0,506,379
55629,0,507,379
55630,0,508,379
55631,0,509,379
55632,0,510,379
55633,0,511,379
55634,0,512,379
55635,0,513,379
55636,0,242,380
55637,0,243,380
55638,0,244,380
55639,0,245,380
55640,0,246,380
55641,0,247,380
55642,0,248,380
55643,0,249,380
55644,0,250,380
55645,0,251,380
55646,0,252,380
55647,0,253,380
55648,0,254,380
55649,0,255,380
55650,0,256,380
55651,0,257,380
55652,0,258,380
55653,0,259,380
55654,0,260,380
55655,0,261,380
55656,0,262,380
55657,0,434,380
55658,0,435,380
55659,0,436,380
55660,0,437,380
55661,0,438,380
55662,0,439,380
55663,0,440,380
55664,0,441,380
55665,0,442,380
55666,0,443,380
55667,0,444,380
55668,0,445,380
55669,0,446,380
55670,0,447,380
55671,0,448,380
55672,0,449,380
55673,0,450,380
55674,0,451,380
55675,0,452,380
55676,0,453,380
55677,0,454,380
55678,0,455,380
55679,0,456,380
55680,0,457,380
55681,0,458,380
55682,0,459,380
55683,0,460,380
55684,0,461,380
55685,0,462,380
55686,0,463,380
55687,0,464,380
55688,0,465,380
55689,0,466,380
55690,0,481,380
55691,0,482,380
55692,0,483,380
55693,0,484,380
55694,0,485,380
55695,0,486,380
55696,0,487,380
55697,0,488,380
55698,0,489,380
55699,0,490,380
55700,0,491,380
55701,0,492,380
55702,0,493,380
55703,0,494,380
55704,0,495,380
55705,0,496,380
55706,0,497,380
55707,0,498,380
55708,0,499,380
55709,0,500,380
55710,0,501,380
55711,0,502,380
55712,0,503,380
55713,0,504,380
55714,0,505,380
55715,0,506,380
55716,0,507,380
55717,0,508,380
55718,0,509,380
55719,0,510,380
55720,0,511,380
55721,0,512,380
55722,0,513,380
55723,0,243,381
55724,0,244,381
55725,0,245,381
55726,0,246,381
55727,0,247,381
55728,0,248,381
55729,0,249,381
55730,0,250,381
55731,0,251,381
55732,0,252,381
55733,0,253,381
55734,0,254,381
55735,0,255,381
55736,0,256,381
55737,0,257,381
55738,0,258,381
55739,0,259,381
55740,0,260,381
55741,0,261,381
55742,0,262,381
55743,0,434,381
55744,0,435,381
55745,0,436,381
55746,0,437,381
55747,0,438,381
55748,0,439,381
55749,0,440,381
55750,0,441,381
55751,0,442,381
55752,0,443,381
55753,0,444,381
55754,0,445,381
55755,0,446,381
55756,0,447,381
55757,0,448,381
55758,0,449,381
55759,0,450,381
55760,0,451,381
55761,0,452,381
55762,0,453,381
55763,0,454,381
55764,0,455,381
55765,0,456,381
55766,0,457,381
55767,0,458,381
55768,0,459,381
55769,0,460,381
55770,0,461,381
55771,0,462,381
55772,0,463,381
55773,0,464,381
55774,0,465,381
55775,0,466,381
55776,0,481,381
55777,0,482,381
55778,0,483,381
55779,0,484,381
55780,0,485,381
55781,0,486,381
55782,0,487,381
55783,0,488,381
55784,0,489,381
55785,0,490,381
55786,0,491,381
55787,0,492,381
55788,0,493,381
55789,0,494,381
55790,0,495,381
55791,0,496,381
55792,0,497,381
55793,0,498,381
55794,0,499,381
55795,0,500,381
55796,0,501,381
55797,0,502,381
55798,0,503,381
55799,0,504,381
55800,0,505,381
55801,0,506,381
55802,0,507,381
55803,0,508,381
55804,0,509,381
55805,0,510,381
55806,0,511,381
55807,0,512,381
55808,0,513,381
55809,0,243,382
55810,0,244,382
55811,0,245,382
55812,0,246,382
55813,0,247,382
55814,0,248,382
55815,0,249,382
55816,0,250,382
55817,0,251,382
55818,0,252,382
55819,0,253,382
55820,0,254,382
55821,0,255,382
55822,0,256,382
55823,0,257,382
55824,0,258,382
55825,0,259,382
55826,0,260,382
55827,0,261,382
55828,0,434,382
55829,0,435,382
55830,0,436,382
55831,0,437,382
55832,0,438,382
55833,0,439,382
55834,0,440,382
55835,0,441,382
55836,0,442,382
55837,0,443,382
55838,0,444,382
55839,0,445,382
55840,0,446,382
55841,0,447,382
55842,0,448,382
55843,0,449,382
55844,0,450,382
55845,0,451,382
55846,0,452,382
55847,0,453,382
55848,0,454,382
55849,0,455,382
55850,0,456,382
55851,0,457,382
55852,0,458,382
55853,0,459,382
55854,0,460,382
55855,0,461,382
55856,0,462,382
55857,0,463,382
55858,0,464,382
55859,0,465,382
55860,0,466,382
55861,0,481,382
55862,0,482,382
55863,0,483,382
55864,0,484,382
55865,0,485,382
55866,0,486,382
55867,0,487,382
55868,0,488,382
55869,0,489,382
55870,0,490,382
55871,0,491,382
55872,0,492,382
55873,0,493,382
55874,0,494,382
55875,0,495,382
55876,0,496,382
55877,0,497,382
55878,0,498,382
55879,0,499,382
55880,0,500,382
55881,0,501,382
55882,0,502,382
55883,0,503,382
55884,0,504,382
55885,0,505,382
55886,0,506,382
55887,0,507,382
55888,0,508,382
55889,0,509,382
55890,0,510,382
55891,0,511,382
55892,0,512,382
55893,0,513,382
55894,0,243,383
55895,0,244,383
55896,0,245,383
55897,0,246,383
55898,0,247,383
55899,0,248,383
55900,0,249,383
55901,0,250,383
55902,0,251,383
55903,0,252,383
55904,0,253,383
55905,0,254,383
55906,0,255,383
55907,0,256,383
55908,0,257,383
55909,0,258,383
55910,0,259,383
55911,0,260,383
55912,0,434,383
55913,0,435,383
55914,0,436,383
55915,0,437,383
55916,0,438,383
55917,0,439,383
55918,0,440,383
55919,0,441,383
55920,0,442,383
55921,0,443,383
55922,0,444,383
55923,0,445,383
55924,0,446,383
55925,0,447,383
55926,0,448,383
55927,0,449,383
55928,0,450,383
55929,0,451,383
55930,0,452,383
55931,0,453,383
55932,0,454,383
55933,0,455,383
55934,0,456,383
55935,0,457,383
55936,0,458,383
55937,0,459,383
55938,0,460,383
55939,0,461,383
55940,0,462,383
55941,0,463,383
55942,0,464,383
55943,0,465,383
55944,0,466,383
55945,0,467,383
55946,0,480,383
55947,0,481,383
55948,0,482,383
55949,0,483,383
55950,0,484,383
55951,0,485,383
55952,0,486,383
55953,0,487,383
55954,0,488,383
55955,0,489,383
55956,0,490,383
55957,0,491,383
55958,0,492,383
55959,0,493,383
55960,0,494,383
55961,0,495,383
55962,0,496,383
55963,0,497,383
55964,0,498,383
55965,0,499,383
55966,0,500,383
55967,0,501,383
55968,0,502,383
55969,0,503,383
55970,0,504,383
55971,0,505,383
55972,0,506,383
55973,0,507,383
55974,0,508,383
55975,0,509,383
55976,0,510,383
55977,0,511,383
55978,0,512,383
55979,0,513,383
55980,0,243,384
55981,0,244,384
55982,0,245,384
55983,0,246,384
55984,0,247,384
55985,0,248,384
55986,0,249,384
55987,0,250,384
55988,0,251,384
55989,0,252,384
55990,0,253,384
55991,0,254,384
55992,0,255,384
55993,0,256,384
55994,0,257,384
55995,0,258,384
55996,0,259,384
55997,0,260,384
55998,0,434,384
55999,0,435,384
56000,0,436,384
56001,0,437,384
56002,0,438,384
56003,0,439,384
56004,0,440,384
56005,0,441,384
56006,0,442,384
56007,0,443,384
56008,0,444,384
56009,0,445,384
56010,0,446,384
56011,0,447,384
56012,0,448,384
56013,0,449,384
56014,0,450,384
56015,0,451,384
56016,0,452,384
56017,0,453,384
56018,0,454,384
56019,0,455,384
56020,0,456,384
56021,0,457,384
56022,0,458,384
56023,0,459,384
56024,0,460,384
56025,0,461,384
56026,0,462,384
56027,0,463,384
56028,0,464,384
56029,0,465,384
56030,0,466,384
56031,0,467,384
56032,0,480,384
56033,0,481,384
56034,0,482,384
56035,0,483,384
56036,0,484,384
56037,0,485,384
56038,0,486,384
56039,0,487,384
56040,0,488,384
56041,0,489,384
56042,0,490,384
56043,0,491,384
56044,0,492,384
56045,0,493,384
56046,0,494,384
56047,0,495,384
56048,0,496,384
56049,0,497,384
56050,0,498,384
56051,0,499,384
56052,0,500,384
56053,0,501,384
56054,0,502,384
56055,0,503,384
56056,0,504,384
56057,0,505,384
56058,0,506,384
56059,0,507,384
56060,0,508,384
56061,0,509,384
56062,0,510,384
56063,0,511,384
56064,0,512,384
56065,0,513,384
56066,0,243,385
56067,0,244,385
56068,0,245,385
56069,0,246,385
56070,0,247,385
56071,0,248,385
56072,0,249,385
56073,0,250,385
56074,0,251,385
56075,0,252,385
56076,0,253,385
56077,0,254,385
56078,0,255,385
56079,0,256,385
56080,0,257,385
56081,0,258,385
56082,0,259,385
56083,0,260,385
56084,0,261,385
56085,0,434,385
56086,0,435,385
56087,0,436,385
56088,0,437,385
56089,0,438,385
56090,0,439,385
56091,0,440,385
56092,0,441,385
56093,0,442,385
56094,0,443,385
56095,0,444,385
56096,0,445,385
56097,0,446,385
56098,0,447,385
56099,0,448,385
56100,0,449,385
56101,0,450,385
56102,0,451,385
56103,0,452,385
56104,0,453,385
56105,0,454,385
56106,0,455,385
56107,0,456,385
56108,0,457,385
56109,0,458,385
56110,0,459,385
56111,0,460,385
56112,0,461,385
56113,0,462,385
56114,0,463,385
56115,0,464,385
56116,0,465,385
56117,0,466,385
56118,0,467,385
56119,0,480,385
56120,0,481,385
56121,0,482,385
56122,0,483,385
56123,0,484,385
56124,0,485,385
56125,0,486,385
56126,0,487,385
56127,0,488,385
56128,0,489,385
56129,0,490,385
56130,0,491,385
56131,0,492,385
56132,0,493,385
56133,0,494,385
56134,0,495,385
56135,0,496,385
56136,0,497,385
56137,0,498,385
56138,0,499,385
56139,0,500,385
56140,0,501,385
56141,0,502,385
56142,0,503,385
56143,0,504,385
56144,0,505,385
56145,0,506,385
56146,0,507,385
56147,0,508,385
56148,0,509,385
56149,0,510,385
56150,0,511,385
56151,0,512,385
56152,0,513,385
56153,0,514,385
56154,0,515,385
56155,0,243,386
56156,0,244,386
56157,0,245,386
56158,0,246,386
56159,0,247,386
56160,0,248,386
56161,0,249,386
56162,0,250,386
56163,0,251,386
56164,0,252,386
56165,0,253,386
56166,0,254,386
56167,0,255,386
56168,0,256,386
56169,0,257,386
56170,0,258,386
56171,0,259,386
56172,0,260,386
56173,0,261,386
56174,0,262,386
56175,0,263,386
56176,0,434,386
56177,0,435,386
56178,0,436,386
56179,0,437,386
56180,0,438,386
56181,0,439,386
56182,0,440,386
56183,0,441,386
56184,0,442,386
56185,0,443,386
56186,0,444,386
56187,0,445,386
56188,0,446,386
56189,0,447,386
56190,0,448,386
56191,0,449,386
56192,0,450,386
56193,0,451,386
56194,0,464,386
56195,0,465,386
56196,0,466,386
56197,0,467,386
56198,0,480,386
56199,0,481,386
56200,0,482,386
56201,0,483,386
56202,0,496,386
56203,0,497,386
56204,0,498,386
56205,0,499,386
56206,0,500,386
56207,0,501,386
56208,0,502,386
56209,0,503,386
56210,0,504,386
56211,0,505,386
56212,0,506,386
56213,0,507,386
56214,0,508,386
56215,0,509,386
56216,0,510,386
56217,0,511,386
56218,0,512,386
56219,0,513,386
56220,0,514,386
56221,0,243,387
56222,0,244,387
56223,0,245,387
56224,0,246,387
56225,0,247,387
56226,0,248,387
56227,0,249,387
56228,0,250,387
56229,0,251,387
56230,0,252,387
56231,0,253,387
56232,0,254,387
56233,0,255,387
56234,0,256,387
56235,0,257,387
56236,0,258,387
56237,0,259,387
56238,0,260,387
56239,0,261,387
56240,0,262,387
56241,0,263,387
56242,0,434,387
56243,0,435,387
56244,0,436,387
56245,0,437,387
56246,0,438,387
56247,0,439,387
56248,0,440,387
56249,0,441,387
56250,0,442,387
56251,0,443,387
56252,0,444,387
56253,0,445,387
56254,0,446,387
56255,0,447,387
56256,0,448,387
56257,0,449,387
56258,0,450,387
56259,0,497,387
56260,0,498,387
56261,0,499,387
56262,0,500,387
56263,0,501,387
56264,0,502,387
56265,0,503,387
56266,0,504,387
56267,0,505,387
56268,0,506,387
56269,0,507,387
56270,0,508,387
56271,0,509,387
56272,0,510,387
56273,0,511,387
56274,0,512,387
56275,0,513,387
56276,0,514,387
56277,0,243,388
56278,0,244,388
56279,0,245,388
56280,0,246,388
56281,0,247,388
56282,0,248,388
56283,0,249,388
56284,0,250,388
56285,0,251,388
56286,0,252,388
56287,0,253,388
56288,0,254,388
56289,0,255,388
56290,0,256,388
56291,0,257,388
56292,0,258,388
56293,0,259,388
56294,0,260,388
56295,0,261,388
56296,0,262,388
56297,0,263,388
56298,0,264,388
56299,0,434,388
56300,0,435,388
56301,0,436,388
56302,0,437,388
56303,0,438,388
56304,0,439,388
56305,0,440,388
56306,0,441,388
56307,0,442,388
56308,0,443,388
56309,0,444,388
56310,0,445,388
56311,0,446,388
56312,0,447,388
56313,0,448,388
56314,0,449,388
56315,0,450,388
56316,0,497,388
56317,0,498,388
56318,0,499,388
56319,0,500,388
56320,0,501,388
56321,0,502,388
56322,0,503,388
56323,0,504,388
56324,0,505,388
56325,0,506,388
56326,0,507,388
56327,0,508,388
56328,0,509,388
56329,0,510,388
56330,0,511,388
56331,0,512,388
56332,0,513,388
56333,0,514,388
56334,0,242,389
56335,0,243,389
56336,0,244,389
56337,0,245,389
56338,0,246,389
56339,0,247,389
56340,0,248,389
56341,0,249,389
56342,0,250,389
56343,0,251,389
56344,0,252,389
56345,0,253,389
56346,0,254,389
56347,0,255,389
56348,0,256,389
56349,0,257,389
56350,0,258,389
56351,0,259,389
56352,0,260,389
56353,0,261,389
56354,0,262,389
56355,0,263,389
56356,0,264,389
56357,0,265,389
56358,0,434,389
56359,0,435,389
56360,0,436,389
56361,0,437,389
56362,0,438,389
56363,0,439,389
56364,0,440,389
56365,0,441,389
56366,0,442,389
56367,0,443,389
56368,0,444,389
56369,0,445,389
56370,0,446,389
56371,0,447,389
56372,0,448,389
56373,0,449,389
56374,0,450,389
56375,0,497,389
56376,0,498,389
56377,0,499,389
56378,0,500,389
56379,0,501,389
56380,0,502,389
56381,0,503,389
56382,0,504,389
56383,0,505,389
56384,0,506,389
56385,0,507,389
56386,0,508,389
56387,0,509,389
56388,0,510,389
56389,0,511,389
56390,0,512,389
56391,0,513,389
56392,0,514,389
56393,0,241,390
56394,0,242,390
56395,0,243,390
56396,0,244,390
56397,0,245,390
56398,0,246,390
56399,0,247,390
56400,0,248,390
56401,0,249,390
56402,0,250,390
56403,0,251,390
56404,0,252,390
56405,0,253,390
56406,0,254,390
56407,0,255,390
56408,0,256,390
56409,0,257,390
56410,0,258,390
56411,0,259,390
56412,0,260,390
56413,0,261,390
56414,0,262,390
56415,0,263,390
56416,0,264,390
56417,0,265,390
56418,0,434,390
56419,0,435,390
56420,0,436,390
56421,0,437,390
56422,0,438,390
56423,0,439,390
56424,0,440,390
56425,0,441,390
56426,0,442,390
56427,0,443,390
56428,0,444,390
56429,0,445,390
56430,0,446,390
56431,0,447,390
56432,0,448,390
56433,0,449,390
56434,0,450,390
56435,0,454,390
56436,0,497,390
56437,0,498,390
56438,0,499,390
56439,0,500,390
56440,0,501,390
56441,0,502,390
56442,0,503,390
56443,0,504,390
56444,0,505,390
56445,0,506,390
56446,0,507,390
56447,0,508,390
56448,0,509,390
56449,0,510,390
56450,0,511,390
56451,0,512,390
56452,0,513,390
56453,0,514,390
56454,0,241,391
56455,0,242,391
56456,0,243,391
56457,0,244,391
56458,0,245,391
56459,0,246,391
56460,0,247,391
56461,0,248,391
56462,0,249,391
56463,0,250,391
56464,0,251,391
56465,0,252,391
56466,0,253,391
56467,0,254,391
56468,0,255,391
56469,0,256,391
56470,0,257,391
56471,0,258,391
56472,0,259,391
56473,0,260,391
56474,0,261,391
56475,0,262,391
56476,0,263,391
56477,0,264,391
56478,0,265,391
56479,0,434,391
56480,0,435,391
56481,0,436,391
56482,0,437,391
56483,0,438,391
56484,0,439,391
56485,0,440,391
56486,0,441,391
56487,0,442,391
56488,0,443,391
56489,0,444,391
56490,0,445,391
56491,0,446,391
56492,0,447,391
56493,0,448,391
56494,0,449,391
56495,0,450,391
56496,0,497,391
56497,0,498,391
56498,0,499,391
56499,0,500,391
56500,0,501,391
56501,0,502,391
56502,0,503,391
56503,0,504,391
56504,0,505,391
56505,0,506,391
56506,0,507,391
56507,0,508,391
56508,0,509,391
56509,0,510,391
56510,0,511,391
56511,0,512,391
56512,0,513,391
56513,0,240,392
56514,0,241,392
56515,0,242,392
56516,0,243,392
56517,0,244,392
56518,0,245,392
56519,0,246,392
56520,0,247,392
56521,0,248,392
56522,0,249,392
56523,0,250,392
56524,0,251,392
56525,0,252,392
56526,0,253,392
56527,0,254,392
56528,0,255,392
56529,0,256,392
56530,0,257,392
56531,0,258,392
56532,0,259,392
56533,0,260,392
56534,0,261,392
56535,0,262,392
56536,0,263,392
56537,0,264,392
56538,0,434,392
56539,0,435,392
56540,0,436,392
56541,0,437,392
56542,0,438,392
56543,0,439,392
56544,0,440,392
56545,0,441,392
56546,0,442,392
56547,0,443,392
56548,0,444,392
56549,0,445,392
56550,0,446,392
56551,0,447,392
56552,0,448,392
56553,0,449,392
56554,0,450,392
56555,0,497,392
56556,0,498,392
56557,0,499,392
56558,0,500,392
56559,0,501,392
56560,0,502,392
56561,0,503,392
56562,0,504,392
56563,0,505,392
56564,0,506,392
56565,0,507,392
56566,0,508,392
56567,0,509,392
56568,0,510,392
56569,0,511,392
56570,0,512,392
56571,0,513,392
56572,0,240,393
56573,0,241,393
56574,0,242,393
56575,0,243,393
56576,0,244,393
56577,0,245,393
56578,0,246,393
56579,0,247,393
56580,0,248,393
56581,0,249,393
56582,0,250,393
56583,0,251,393
56584,0,252,393
56585,0,253,393
56586,0,254,393
56587,0,255,393
56588,0,256,393
56589,0,257,393
56590,0,258,393
56591,0,259,393
56592,0,260,393
56593,0,261,393
56594,0,262,393
56595,0,263,393
56596,0,264,393
56597,0,434,393
56598,0,435,393
56599,0,436,393
56600,0,437,393
56601,0,438,393
56602,0,439,393
56603,0,440,393
56604,0,441,393
56605,0,442,393
56606,0,443,393
56607,0,444,393
56608,0,445,393
56609,0,446,393
56610,0,447,393
56611,0,448,393
56612,0,449,393
56613,0,450,393
56614,0,497,393
56615,0,498,393
56616,0,499,393
56617,0,500,393
56618,0,501,393
56619,0,502,393
56620,0,503,393
56621,0,504,393
56622,0,505,393
56623,0,506,393
56624,0,507,393
56625,0,508,393
56626,0,509,393
56627,0,510,393
56628,0,511,393
56629,0,512,393
56630,0,513,393
56631,0,240,394
56632,0,241,394
56633,0,242,394
56634,0,243,394
56635,0,244,394
56636,0,245,394
56637,0,246,394
56638,0,247,394
56639,0,248,394
56640,0,249,394
56641,0,250,394
56642,0,251,394
56643,0,252,394
56644,0,253,394
56645,0,254,394
56646,0,255,394
56647,0,256,394
56648,0,257,394
56649,0,258,394
56650,0,259,394
56651,0,260,394
56652,0,261,394
56653,0,262,394
56654,0,263,394
56655,0,434,394
56656,0,435,394
56657,0,436,394
56658,0,437,394
56659,0,438,394
56660,0,439,394
56661,0,440,394
56662,0,441,394
56663,0,442,394
56664,0,443,394
56665,0,444,394
56666,0,445,394
56667,0,446,394
56668,0,447,394
56669,0,448,394
56670,0,449,394
56671,0,450,394
56672,0,497,394
56673,0,498,394
56674,0,499,394
56675,0,500,394
56676,0,501,394
56677,0,502,394
56678,0,503,394
56679,0,504,394
56680,0,505,394
56681,0,506,394
56682,0,507,394
56683,0,508,394
56684,0,509,394
56685,0,510,394
56686,0,511,394
56687,0,512,394
56688,0,513,394
56689,0,241,395
56690,0,242,395
56691,0,243,395
56692,0,244,395
56693,0,245,395
56694,0,246,395
56695,0,247,395
56696,0,248,395
56697,0,249,395
56698,0,250,395
56699,0,251,395
56700,0,252,395
56701,0,253,395
56702,0,254,395
56703,0,255,395
56704,0,256,395
56705,0,257,395
56706,0,258,395
56707,0,259,395
56708,0,260,395
56709,0,261,395
56710,0,434,395
56711,0,435,395
56712,0,436,395
56713,0,437,395
56714,0,438,395
56715,0,439,395
56716,0,440,395
56717,0,441,395
56718,0,442,395
56719,0,443,395
56720,0,444,395
56721,0,445,395
56722,0,446,395
56723,0,447,395
56724,0,448,395
56725,0,449,395
56726,0,450,395
56727,0,497,395
56728,0,498,395
56729,0,499,395
56730,0,500,395
56731,0,501,395
56732,0,502,395
56733,0,503,395
56734,0,504,395
56735,0,505,395
56736,0,506,395
56737,0,507,395
56738,0,508,395
56739,0,509,395
56740,0,510,395
56741,0,511,395
56742,0,512,395
56743,0,513,395
56744,0,242,396
56745,0,243,396
56746,0,244,396
56747,0,245,396
56748,0,246,396
56749,0,247,396
56750,0,248,396
56751,0,249,396
56752,0,250,396
56753,0,251,396
56754,0,252,396
56755,0,253,396
56756,0,254,396
56757,0,255,396
56758,0,256,396
56759,0,257,396
56760,0,258,396
56761,0,259,396
56762,0,434,396
56763,0,435,396
56764,0,436,396
56765,0,437,396
56766,0,438,396
56767,0,439,396
56768,0,440,396
56769,0,441,396
56770,0,442,396
56771,0,443,396
56772,0,444,396
56773,0,445,396
56774,0,446,396
56775,0,447,396
56776,0,448,396
56777,0,449,396
56778,0,450,396
56779,0,497,396
56780,0,498,396
56781,0,499,396
56782,0,500,396
56783,0,501,396
56784,0,502,396
56785,0,503,396
56786,0,504,396
56787,0,505,396
56788,0,506,396
56789,0,507,396
56790,0,508,396
56791,0,509,396
56792,0,510,396
56793,0,511,396
56794,0,512,396
56795,0,513,396
56796,0,244,397
56797,0,245,397
56798,0,246,397
56799,0,247,397
56800,0,248,397
56801,0,249,397
56802,0,250,397
56803,0,251,397
56804,0,252,397
56805,0,253,397
56806,0,254,397
56807,0,255,397
56808,0,256,397
56809,0,257,397
56810,0,434,397
56811,0,435,397
56812,0,436,397
56813,0,437,397
56814,0,438,397
56815,0,439,397
56816,0,440,397
56817,0,441,397
56818,0,442,397
56819,0,443,397
56820,0,444,397
56821,0,445,397
56822,0,446,397
56823,0,447,397
56824,0,448,397
56825,0,449,397
56826,0,450,397
56827,0,469,397
56828,0,470,397
56829,0,471,397
56830,0,472,397
56831,0,476,397
56832,0,477,397
56833,0,478,397
56834,0,479,397
56835,0,497,397
56836,0,498,397
56837,0,499,397
56838,0,500,397
56839,0,501,397
56840,0,502,397
56841,0,503,397
56842,0,504,397
56843,0,505,397
56844,0,506,397
56845,0,507,397
56846,0,508,397
56847,0,509,397
56848,0,510,397
56849,0,511,397
56850,0,512,397
56851,0,513,397
56852,0,247,398
56853,0,248,398
56854,0,249,398
56855,0,250,398
56856,0,251,398
56857,0,252,398
56858,0,253,398
56859,0,254,398
56860,0,434,398
56861,0,435,398
56862,0,436,398
56863,0,437,398
56864,0,438,398
56865,0,439,398
56866,0,440,398
56867,0,441,398
56868,0,442,398
56869,0,443,398
56870,0,444,398
56871,0,445,398
56872,0,446,398
56873,0,447,398
56874,0,448,398
56875,0,449,398
56876,0,450,398
56877,0,469,398
56878,0,470,398
56879,0,471,398
56880,0,472,398
56881,0,473,398
56882,0,474,398
56883,0,475,398
56884,0,476,398
56885,0,477,398
56886,0,478,398
56887,0,479,398
56888,0,497,398
56889,0,498,398
56890,0,499,398
56891,0,500,398
56892,0,501,398
56893,0,502,398
56894,0,503,398
56895,0,504,398
56896,0,505,398
56897,0,506,398
56898,0,507,398
56899,0,508,398
56900,0,509,398
56901,0,510,398
56902,0,511,398
56903,0,512,398
56904,0,513,398
56905,0,251,399
56906,0,434,399
56907,0,435,399
56908,0,436,399
56909,0,437,399
56910,0,438,399
56911,0,439,399
56912,0,440,399
56913,0,441,399
56914,0,442,399
56915,0,443,399
56916,0,444,399
56917,0,445,399
56918,0,446,399
56919,0,447,399
56920,0,448,399
56921,0,449,399
56922,0,450,399
56923,0,451,399
56924,0,467,399
56925,0,468,399
56926,0,469,399
56927,0,470,399
56928,0,471,399
56929,0,472,399
56930,0,473,399
56931,0,474,399
56932,0,475,399
56933,0,476,399
56934,0,477,399
56935,0,478,399
56936,0,479,399
56937,0,480,399
56938,0,496,399
56939,0,497,399
56940,0,498,399
56941,0,499,399
56942,0,500,399
56943,0,501,399
56944,0,502,399
56945,0,503,399
56946,0,504,399
56947,0,505,399
56948,0,506,399
56949,0,507,399
56950,0,508,399
56951,0,509,399
56952,0,510,399
56953,0,511,399
56954,0,512,399
56955,0,513,399
56956,0,434,400
56957,0,435,400
56958,0,436,400
56959,0,437,400
56960,0,438,400
56961,0,439,400
56962,0,440,400
56963,0,441,400
56964,0,442,400
56965,0,443,400
56966,0,444,400
56967,0,445,400
56968,0,446,400
56969,0,447,400
56970,0,448,400
56971,0,449,400
56972,0,450,400
56973,0,451,400
56974,0,465,400
56975,0,466,400
56976,0,467,400
56977,0,468,400
56978,0,469,400
56979,0,470,400
56980,0,471,400
56981,0,472,400
56982,0,473,400
56983,0,474,400
56984,0,475,400
56985,0,476,400
56986,0,477,400
56987,0,478,400
56988,0,479,400
56989,0,480,400
56990,0,481,400
56991,0,482,400
56992,0,496,400
56993,0,497,400
56994,0,498,400
56995,0,499,400
56996,0,500,400
56997,0,501,400
56998,0,502,400
56999,0,503,400
57000,0,504,400
57001,0,505,400
57002,0,506,400
57003,0,507,400
57004,0,508,400
57005,0,509,400
57006,0,510,400
57007,0,511,400
57008,0,512,400
57009,0,513,400
57010,0,434,401
57011,0,435,401
57012,0,436,401
57013,0,437,401
57014,0,438,401
57015,0,439,401
57016,0,440,401
57017,0,441,401
57018,0,442,401
57019,0,443,401
57020,0,444,401
57021,0,445,401
57022,0,446,401
57023,0,447,401
57024,0,448,401
57025,0,449,401
57026,0,450,401
57027,0,451,401
57028,0,464,401
57029,0,465,401
57030,0,468,401
57031,0,469,401
57032,0,470,401
57033,0,471,401
57034,0,472,401
57035,0,473,401
57036,0,474,401
57037,0,475,401
57038,0,476,401
57039,0,477,401
57040,0,478,401
57041,0,479,401
57042,0,482,401
57043,0,483,401
57044,0,496,401
57045,0,497,401
57046,0,498,401
57047,0,499,401
57048,0,500,401
57049,0,501,401
57050,0,502,401
57051,0,503,401
57052,0,504,401
57053,0,505,401
57054,0,506,401
57055,0,507,401
57056,0,508,401
57057,0,509,401
57058,0,510,401
57059,0,511,401
57060,0,512,401
57061,0,513,401
57062,0,434,402
57063,0,435,402
57064,0,436,402
57065,0,437,402
57066,0,438,402
57067,0,439,402
57068,0,440,402
57069,0,441,402
57070,0,442,402
57071,0,443,402
57072,0,444,402
57073,0,445,402
57074,0,446,402
57075,0,447,402
57076,0,448,402
57077,0,449,402
57078,0,450,402
57079,0,451,402
57080,0,463,402
57081,0,464,402
57082,0,465,402
57083,0,466,402
57084,0,467,402
57085,0,468,402
57086,0,469,402
57087,0,470,402
57088,0,471,402
57089,0,472,402
57090,0,473,402
57091,0,474,402
57092,0,475,402
57093,0,476,402
57094,0,477,402
57095,0,478,402
57096,0,479,402
57097,0,480,402
57098,0,481,402
57099,0,482,402
57100,0,483,402
57101,0,484,402
57102,0,496,402
57103,0,497,402
57104,0,498,402
57105,0,499,402
57106,0,500,402
57107,0,501,402
57108,0,502,402
57109,0,503,402
57110,0,504,402
57111,0,505,402
57112,0,506,402
57113,0,507,402
57114,0,508,402
57115,0,509,402
57116,0,510,402
57117,0,511,402
57118,0,512,402
57119,0,513,402
57120,0,434,403
57121,0,435,403
57122,0,436,403
57123,0,437,403
57124,0,438,403
57125,0,439,403
57126,0,440,403
57127,0,441,403
57128,0,442,403
57129,0,443,403
57130,0,444,403
57131,0,445,403
57132,0,446,403
57133,0,447,403
57134,0,448,403
57135,0,449,403
57136,0,450,403
57137,0,463,403
57138,0,464,403
57139,0,465,403
57140,0,466,403
57141,0,467,403
57142,0,468,403
57143,0,469,403
57144,0,470,403
57145,0,471,403
57146,0,472,403
57147,0,473,403
57148,0,474,403
57149,0,475,403
57150,0,476,403
57151,0,477,403
57152,0,478,403
57153,0,479,403
57154,0,480,403
57155,0,481,403
57156,0,482,403
57157,0,484,403
57158,0,497,403
57159,0,498,403
57160,0,499,403
57161,0,500,403
57162,0,501,403
57163,0,502,403
57164,0,503,403
57165,0,504,403
57166,0,505,403
57167,0,506,403
57168,0,507,403
57169,0,508,403
57170,0,509,403
57171,0,510,403
57172,0,511,403
57173,0,512,403
57174,0,513,403
57175,0,434,404
57176,0,435,404
57177,0,436,404
57178,0,437,404
57179,0,438,404
57180,0,439,404
57181,0,440,404
57182,0,441,404
57183,0,442,404
57184,0,443,404
57185,0,444,404
57186,0,445,404
57187,0,446,404
57188,0,447,404
57189,0,448,404
57190,0,449,404
57191,0,450,404
57192,0,462,404
57193,0,463,404
57194,0,464,404
57195,0,465,404
57196,0,466,404
57197,0,467,404
57198,0,468,404
57199,0,469,404
57200,0,470,404
57201,0,471,404
57202,0,472,404
57203,0,473,404
57204,0,474,404
57205,0,475,404
57206,0,476,404
57207,0,477,404
57208,0,478,404
57209,0,479,404
57210,0,480,404
57211,0,481,404
57212,0,482,404
57213,0,483,404
57214,0,484,404
57215,0,485,404
57216,0,497,404
57217,0,498,404
57218,0,499,404
57219,0,500,404
57220,0,501,404
57221,0,502,404
57222,0,503,404
57223,0,504,404
57224,0,505,404
57225,0,506,404
57226,0,507,404
57227,0,508,404
57228,0,509,404
57229,0,510,404
57230,0,511,404
57231,0,512,404
57232,0,513,404
57233,0,434,405
57234,0,435,405
57235,0,436,405
57236,0,437,405
57237,0,438,405
57238,0,439,405
57239,0,440,405
57240,0,441,405
57241,0,442,405
57242,0,443,405
57243,0,444,405
57244,0,445,405
57245,0,446,405
57246,0,447,405
57247,0,448,405
57248,0,449,405
57249,0,450,405
57250,0,462,405
57251,0,463,405
57252,0,464,405
57253,0,465,405
57254,0,466,405
57255,0,467,405
57256,0,468,405
57257,0,469,405
57258,0,470,405
57259,0,471,405
57260,0,472,405
57261,0,473,405
57262,0,474,405
57263,0,475,405
57264,0,476,405
57265,0,477,405
57266,0,478,405
57267,0,479,405
57268,0,480,405
57269,0,481,405
57270,0,482,405
57271,0,483,405
57272,0,485,405
57273,0,497,405
57274,0,498,405
57275,0,499,405
57276,0,500,405
57277,0,501,405
57278,0,502,405
57279,0,503,405
57280,0,504,405
57281,0,505,405
57282,0,506,405
57283,0,507,405
57284,0,508,405
57285,0,509,405
57286,0,510,405
57287,0,511,405
57288,0,512,405
57289,0,513,405
57290,0,434,406
57291,0,435,406
57292,0,436,406
57293,0,437,406
57294,0,438,406
57295,0,439,406
57296,0,440,406
57297,0,441,406
57298,0,442,406
57299,0,443,406
57300,0,444,406
57301,0,445,406
57302,0,446,406
57303,0,447,406
57304,0,448,406
57305,0,449,406
57306,0,450,406
57307,0,461,406
57308,0,462,406
57309,0,463,406
57310,0,464,406
57311,0,465,406
57312,0,466,406
57313,0,467,406
57314,0,468,406
57315,0,469,406
57316,0,470,406
57317,0,471,406
57318,0,472,406
57319,0,473,406
57320,0,474,406
57321,0,475,406
57322,0,476,406
57323,0,477,406
57324,0,478,406
57325,0,479,406
57326,0,480,406
57327,0,481,406
57328,0,482,406
57329,0,483,406
57330,0,484,406
57331,0,485,406
57332,0,486,406
57333,0,497,406
57334,0,498,406
57335,0,499,406
57336,0,500,406
57337,0,501,406
57338,0,502,406
57339,0,503,406
57340,0,504,406
57341,0,505,406
57342,0,506,406
57343,0,507,406
57344,0,508,406
57345,0,509,406
57346,0,510,406
57347,0,511,406
57348,0,512,406
57349,0,513,406
57350,0,434,407
57351,0,435,407
57352,0,436,407
57353,0,437,407
57354,0,438,407
57355,0,439,407
57356,0,440,407
57357,0,441,407
57358,0,442,407
57359,0,443,407
57360,0,444,407
57361,0,445,407
57362,0,446,407
57363,0,447,407
57364,0,448,407
57365,0,449,407
57366,0,450,407
57367,0,461,407
57368,0,462,407
57369,0,463,407
57370,0,464,407
57371,0,465,407
57372,0,466,407
57373,0,467,407
57374,0,468,407
57375,0,469,407
57376,0,470,407
57377,0,471,407
57378,0,472,407
57379,0,473,407
57380,0,474,407
57381,0,475,407
57382,0,476,407
57383,0,477,407
57384,0,478,407
57385,0,479,407
57386,0,480,407
57387,0,481,407
57388,0,482,407
57389,0,483,407
57390,0,484,407
57391,0,485,407
57392,0,486,407
57393,0,497,407
57394,0,498,407
57395,0,499,407
57396,0,500,407
57397,0,501,407
57398,0,502,407
57399,0,503,407
57400,0,504,407
57401,0,505,407
57402,0,506,407
57403,0,507,407
57404,0,508,407
57405,0,509,407
57406,0,510,407
57407,0,511,407
57408,0,512,407
57409,0,513,407
57410,0,434,408
57411,0,435,408
57412,0,436,408
57413,0,437,408
57414,0,438,408
57415,0,439,408
57416,0,440,408
57417,0,441,408
57418,0,442,408
57419,0,443,408
57420,0,444,408
57421,0,445,408
57422,0,446,408
57423,0,447,408
57424,0,448,408
57425,0,449,408
57426,0,450,408
57427,0,461,408
57428,0,462,408
57429,0,463,408
57430,0,464,408
57431,0,465,408
57432,0,466,408
57433,0,467,408
57434,0,468,408
57435,0,469,408
57436,0,470,408
57437,0,471,408
57438,0,472,408
57439,0,473,408
57440,0,474,408
57441,0,475,408
57442,0,476,408
57443,0,477,408
57444,0,478,408
57445,0,479,408
57446,0,480,408
57447,0,481,408
57448,0,482,408
57449,0,483,408
57450,0,484,408
57451,0,485,408
57452,0,486,408
57453,0,497,408
57454,0,498,408
57455,0,499,408
57456,0,500,408
57457,0,501,408
57458,0,502,408
57459,0,503,408
57460,0,504,408
57461,0,505,408
57462,0,506,408
57463,0,507,408
57464,0,508,408
57465,0,509,408
57466,0,510,408
57467,0,511,408
57468,0,512,408
57469,0,513,408
57470,0,434,409
57471,0,435,409
57472,0,436,409
57473,0,437,409
57474,0,438,409
57475,0,439,409
57476,0,440,409
57477,0,441,409
57478,0,442,409
57479,0,443,409
57480,0,444,409
57481,0,445,409
57482,0,446,409
57483,0,447,409
57484,0,448,409
57485,0,449,409
57486,0,450,409
57487,0,461,409
57488,0,462,409
57489,0,463,409
57490,0,464,409
57491,0,465,409
57492,0,466,409
57493,0,467,409
57494,0,468,409
57495,0,469,409
57496,0,470,409
57497,0,471,409
57498,0,472,409
57499,0,473,409
57500,0,474,409
57501,0,475,409
57502,0,476,409
57503,0,477,409
57504,0,478,409
57505,0,479,409
57506,0,480,409
57507,0,481,409
57508,0,482,409
57509,0,483,409
57510,0,484,409
57511,0,485,409
57512,0,486,409
57513,0,497,409
57514,0,498,409
57515,0,499,409
57516,0,500,409
57517,0,501,409
57518,0,502,409
57519,0,503,409
57520,0,504,409
57521,0,505,409
57522,0,506,409
57523,0,507,409
57524,0,508,409
57525,0,509,409
57526,0,510,409
57527,0,511,409
57528,0,512,409
57529,0,513,409
57530,0,434,410
57531,0,435,410
57532,0,436,410
57533,0,437,410
57534,0,438,410
57535,0,439,410
57536,0,440,410
57537,0,441,410
57538,0,442,410
57539,0,443,410
57540,0,444,410
57541,0,445,410
57542,0,446,410
57543,0,447,410
57544,0,448,410
57545,0,449,410
57546,0,450,410
57547,0,461,410
57548,0,462,410
57549,0,463,410
57550,0,464,410
57551,0,465,410
57552,0,466,410
57553,0,467,410
57554,0,468,410
57555,0,469,410
57556,0,470,410
57557,0,471,410
57558,0,472,410
57559,0,473,410
57560,0,474,410
57561,0,475,410
57562,0,476,410
57563,0,477,410
57564,0,478,410
57565,0,479,410
57566,0,480,410
57567,0,481,410
57568,0,482,410
57569,0,483,410
57570,0,484,410
57571,0,485,410
57572,0,486,410
57573,0,497,410
57574,0,498,410
57575,0,499,410
57576,0,500,410
57577,0,501,410
57578,0,502,410
57579,0,503,410
57580,0,504,410
57581,0,505,410
57582,0,506,410
57583,0,507,410
57584,0,508,410
57585,0,509,410
57586,0,510,410
57587,0,511,410
57588,0,512,410
57589,0,513,410
57590,0,434,411
57591,0,435,411
57592,0,436,411
57593,0,437,411
57594,0,438,411
57595,0,439,411
57596,0,440,411
57597,0,441,411
57598,0,442,411
57599,0,443,411
57600,0,444,411
57601,0,445,411
57602,0,446,411
57603,0,447,411
57604,0,448,411
57605,0,449,411
57606,0,450,411
57607,0,461,411
57608,0,462,411
57609,0,463,411
57610,0,464,411
57611,0,465,411
57612,0,466,411
57613,0,467,411
57614,0,468,411
57615,0,469,411
57616,0,470,411
57617,0,471,411
57618,0,472,411
57619,0,473,411
57620,0,474,411
57621,0,475,411
57622,0,476,411
57623,0,477,411
57624,0,478,411
57625,0,479,411
57626,0,480,411
57627,0,481,411
57628,0,482,411
57629,0,483,411
57630,0,484,411
57631,0,485,411
57632,0,486,411
57633,0,497,411
57634,0,498,411
57635,0,499,411
57636,0,500,411
57637,0,501,411
57638,0,502,411
57639,0,503,411
57640,0,504,411
57641,0,505,411
57642,0,506,411
57643,0,507,411
57644,0,508,411
57645,0,509,411
57646,0,510,411
57647,0,511,411
57648,0,512,411
57649,0,513,411
57650,0,434,412
57651,0,435,412
57652,0,436,412
57653,0,437,412
57654,0,438,412
57655,0,439,412
57656,0,440,412
57657,0,441,412
57658,0,442,412
57659,0,443,412
57660,0,444,412
57661,0,445,412
57662,0,446,412
57663,0,447,412
57664,0,448,412
57665,0,449,412
57666,0,450,412
57667,0,460,412
57668,0,461,412
57669,0,462,412
57670,0,463,412
57671,0,464,412
57672,0,465,412
57673,0,466,412
57674,0,467,412
57675,0,468,412
57676,0,469,412
57677,0,470,412
57678,0,471,412
57679,0,472,412
57680,0,473,412
57681,0,474,412
57682,0,475,412
57683,0,476,412
57684,0,477,412
57685,0,478,412
57686,0,479,412
57687,0,480,412
57688,0,481,412
57689,0,482,412
57690,0,483,412
57691,0,484,412
57692,0,485,412
57693,0,486,412
57694,0,487,412
57695,0,497,412
57696,0,498,412
57697,0,499,412
57698,0,500,412
57699,0,501,412
57700,0,502,412
57701,0,503,412
57702,0,504,412
57703,0,505,412
57704,0,506,412
57705,0,507,412
57706,0,508,412
57707,0,509,412
57708,0,510,412
57709,0,511,412
57710,0,512,412
57711,0,513,412
57712,0,434,413
57713,0,435,413
57714,0,436,413
57715,0,437,413
57716,0,438,413
57717,0,439,413
57718,0,440,413
57719,0,441,413
57720,0,442,413
57721,0,443,413
57722,0,444,413
57723,0,445,413
57724,0,446,413
57725,0,447,413
57726,0,448,413
57727,0,449,413
57728,0,450,413
57729,0,460,413
57730,0,461,413
57731,0,462,413
57732,0,463,413
57733,0,464,413
57734,0,465,413
57735,0,466,413
57736,0,467,413
57737,0,468,413
57738,0,469,413
57739,0,470,413
57740,0,471,413
57741,0,472,413
57742,0,473,413
57743,0,474,413
57744,0,475,413
57745,0,476,413
57746,0,477,413
57747,0,478,413
57748,0,479,413
57749,0,480,413
57750,0,481,413
57751,0,482,413
57752,0,483,413
57753,0,484,413
57754,0,485,413
57755,0,486,413
57756,0,487,413
57757,0,497,413
57758,0,498,413
57759,0,499,413
57760,0,500,413
57761,0,501,413
57762,0,502,413
57763,0,503,413
57764,0,504,413
57765,0,505,413
57766,0,506,413
57767,0,507,413
57768,0,508,413
57769,0,509,413
57770,0,510,413
57771,0,511,413
57772,0,512,413
57773,0,513,413
57774,0,434,414
57775,0,435,414
57776,0,436,414
57777,0,437,414
57778,0,438,414
57779,0,439,414
57780,0,440,414
57781,0,441,414
57782,0,442,414
57783,0,443,414
57784,0,444,414
57785,0,445,414
57786,0,446,414
57787,0,447,414
57788,0,448,414
57789,0,449,414
57790,0,450,414
57791,0,460,414
57792,0,461,414
57793,0,462,414
57794,0,463,414
57795,0,464,414
57796,0,465,414
57797,0,466,414
57798,0,467,414
57799,0,468,414
57800,0,469,414
57801,0,470,414
57802,0,471,414
57803,0,472,414
57804,0,473,414
57805,0,474,414
57806,0,475,414
57807,0,476,414
57808,0,477,414
57809,0,478,414
57810,0,479,414
57811,0,480,414
57812,0,481,414
57813,0,482,414
57814,0,483,414
57815,0,484,414
57816,0,485,414
57817,0,486,414
57818,0,487,414
57819,0,497,414
57820,0,498,414
57821,0,499,414
57822,0,500,414
57823,0,501,414
57824,0,502,414
57825,0,503,414
57826,0,504,414
57827,0,505,414
57828,0,506,414
57829,0,507,414
57830,0,508,414
57831,0,509,414
57832,0,510,414
57833,0,511,414
57834,0,512,414
57835,0,513,414
57836,0,434,415
57837,0,435,415
57838,0,436,415
57839,0,437,415
57840,0,438,415
57841,0,439,415
57842,0,440,415
57843,0,441,415
57844,0,442,415
57845,0,443,415
57846,0,444,415
57847,0,445,415
57848,0,446,415
57849,0,447,415
57850,0,448,415
57851,0,449,415
57852,0,450,415
57853,0,451,415
57854,0,460,415
57855,0,461,415
57856,0,462,415
57857,0,463,415
57858,0,464,415
57859,0,465,415
57860,0,466,415
57861,0,467,415
57862,0,468,415
57863,0,469,415
57864,0,470,415
57865,0,471,415
57866,0,472,415
57867,0,473,415
57868,0,474,415
57869,0,475,415
57870,0,476,415
57871,0,477,415
57872,0,478,415
57873,0,479,415
57874,0,480,415
57875,0,481,415
57876,0,482,415
57877,0,483,415
57878,0,484,415
57879,0,485,415
57880,0,486,415
57881,0,487,415
57882,0,496,415
57883,0,497,415
57884,0,498,415
57885,0,499,415
57886,0,500,415
57887,0,501,415
57888,0,502,415
57889,0,503,415
57890,0,504,415
57891,0,505,415
57892,0,506,415
57893,0,507,415
57894,0,508,415
57895,0,509,415
57896,0,510,415
57897,0,511,415
57898,0,512,415
57899,0,513,415
57900,0,434,416
57901,0,435,416
57902,0,436,416
57903,0,437,416
57904,0,438,416
57905,0,439,416
57906,0,440,416
57907,0,441,416
57908,0,442,416
57909,0,443,416
57910,0,444,416
57911,0,445,416
57912,0,446,416
57913,0,447,416
57914,0,448,416
57915,0,449,416
57916,0,450,416
57917,0,451,416
57918,0,461,416
57919,0,462,416
57920,0,463,416
57921,0,464,416
57922,0,465,416
57923,0,466,416
57924,0,467,416
57925,0,468,416
57926,0,469,416
57927,0,470,416
57928,0,471,416
57929,0,472,416
57930,0,473,416
57931,0,474,416
57932,0,475,416
57933,0,476,416
57934,0,477,416
57935,0,478,416
57936,0,479,416
57937,0,480,416
57938,0,481,416
57939,0,482,416
57940,0,483,416
57941,0,485,416
57942,0,496,416
57943,0,497,416
57944,0,498,416
57945,0,499,416
57946,0,500,416
57947,0,501,416
57948,0,502,416
57949,0,503,416
57950,0,504,416
57951,0,505,416
57952,0,506,416
57953,0,507,416
57954,0,508,416
57955,0,509,416
57956,0,510,416
57957,0,511,416
57958,0,512,416
57959,0,513,416
57960,0,434,417
57961,0,435,417
57962,0,436,417
57963,0,437,417
57964,0,438,417
57965,0,439,417
57966,0,440,417
57967,0,441,417
57968,0,442,417
57969,0,443,417
57970,0,444,417
57971,0,445,417
57972,0,446,417
57973,0,447,417
57974,0,448,417
57975,0,449,417
57976,0,450,417
57977,0,451,417
57978,0,462,417
57979,0,463,417
57980,0,464,417
57981,0,465,417
57982,0,466,417
57983,0,467,417
57984,0,468,417
57985,0,469,417
57986,0,470,417
57987,0,471,417
57988,0,472,417
57989,0,473,417
57990,0,474,417
57991,0,475,417
57992,0,476,417
57993,0,477,417
57994,0,478,417
57995,0,479,417
57996,0,480,417
57997,0,481,417
57998,0,482,417
57999,0,483,417
58000,0,484,417
58001,0,485,417
58002,0,496,417
58003,0,497,417
58004,0,498,417
58005,0,499,417
58006,0,500,417
58007,0,501,417
58008,0,502,417
58009,0,503,417
58010,0,504,417
58011,0,505,417
58012,0,506,417
58013,0,507,417
58014,0,508,417
58015,0,509,417
58016,0,510,417
58017,0,511,417
58018,0,512,417
58019,0,513,417
58020,0,434,418
58021,0,435,418
58022,0,436,418
58023,0,437,418
58024,0,438,418
58025,0,439,418
58026,0,440,418
58027,0,441,418
58028,0,442,418
58029,0,443,418
58030,0,444,418
58031,0,445,418
58032,0,446,418
58033,0,447,418
58034,0,448,418
58035,0,449,418
58036,0,450,418
58037,0,451,418
58038,0,463,418
58039,0,465,418
58040,0,466,418
58041,0,467,418
58042,0,468,418
58043,0,469,418
58044,0,470,418
58045,0,471,418
58046,0,472,418
58047,0,473,418
58048,0,474,418
58049,0,475,418
58050,0,476,418
58051,0,477,418
58052,0,478,418
58053,0,479,418
58054,0,480,418
58055,0,481,418
58056,0,482,418
58057,0,484,418
58058,0,496,418
58059,0,497,418
58060,0,498,418
58061,0,499,418
58062,0,500,418
58063,0,501,418
58064,0,502,418
58065,0,503,418
58066,0,504,418
58067,0,505,418
58068,0,506,418
58069,0,507,418
58070,0,508,418
58071,0,509,418
58072,0,510,418
58073,0,511,418
58074,0,512,418
58075,0,513,418
58076,0,434,419
58077,0,435,419
58078,0,436,419
58079,0,437,419
58080,0,438,419
58081,0,439,419
58082,0,440,419
58083,0,441,419
58084,0,442,419
58085,0,443,419
58086,0,444,419
58087,0,445,419
58088,0,446,419
58089,0,447,419
58090,0,448,419
58091,0,449,419
58092,0,450,419
58093,0,463,419
58094,0,464,419
58095,0,465,419
58096,0,466,419
58097,0,467,419
58098,0,468,419
58099,0,469,419
58100,0,470,419
58101,0,471,419
58102,0,472,419
58103,0,473,419
58104,0,474,419
58105,0,475,419
58106,0,476,419
58107,0,477,419
58108,0,478,419
58109,0,479,419
58110,0,480,419
58111,0,481,419
58112,0,482,419
58113,0,483,419
58114,0,484,419
58115,0,497,419
58116,0,498,419
58117,0,499,419
58118,0,500,419
58119,0,501,419
58120,0,502,419
58121,0,503,419
58122,0,504,419
58123,0,505,419
58124,0,506,419
58125,0,507,419
58126,0,508,419
58127,0,509,419
58128,0,510,419
58129,0,511,419
58130,0,512,419
58131,0,513,419
58132,0,434,420
58133,0,435,420
58134,0,436,420
58135,0,437,420
58136,0,438,420
58137,0,439,420
58138,0,440,420
58139,0,441,420
58140,0,442,420
58141,0,443,420
58142,0,444,420
58143,0,445,420
58144,0,446,420
58145,0,447,420
58146,0,448,420
58147,0,449,420
58148,0,450,420
58149,0,464,420
58150,0,465,420
58151,0,467,420
58152,0,468,420
58153,0,469,420
58154,0,470,420
58155,0,471,420
58156,0,472,420
58157,0,473,420
58158,0,474,420
58159,0,475,420
58160,0,476,420
58161,0,477,420
58162,0,478,420
58163,0,479,420
58164,0,480,420
58165,0,482,420
58166,0,483,420
58167,0,497,420
58168,0,498,420
58169,0,499,420
58170,0,500,420
58171,0,501,420
58172,0,502,420
58173,0,503,420
58174,0,504,420
58175,0,505,420
58176,0,506,420
58177,0,507,420
58178,0,508,420
58179,0,509,420
58180,0,510,420
58181,0,511,420
58182,0,512,420
58183,0,513,420
58184,0,434,421
58185,0,435,421
58186,0,436,421
58187,0,437,421
58188,0,438,421
58189,0,439,421
58190,0,440,421
58191,0,441,421
58192,0,442,421
58193,0,443,421
58194,0,444,421
58195,0,445,421
58196,0,446,421
58197,0,447,421
58198,0,448,421
58199,0,449,421
58200,0,450,421
58201,0,465,421
58202,0,466,421
58203,0,467,421
58204,0,469,421
58205,0,470,421
58206,0,471,421
58207,0,472,421
58208,0,473,421
58209,0,474,421
58210,0,475,421
58211,0,476,421
58212,0,477,421
58213,0,478,421
58214,0,480,421
58215,0,481,421
58216,0,482,421
58217,0,497,421
58218,0,498,421
58219,0,499,421
58220,0,500,421
58221,0,501,421
58222,0,502,421
58223,0,503,421
58224,0,504,421
58225,0,505,421
58226,0,506,421
58227,0,507,421
58228,0,508,421
58229,0,509,421
58230,0,510,421
58231,0,511,421
58232,0,512,421
58233,0,513,421
58234,0,434,422
58235,0,435,422
58236,0,436,422
58237,0,437,422
58238,0,438,422
58239,0,439,422
58240,0,440,422
58241,0,441,422
58242,0,442,422
58243,0,443,422
58244,0,444,422
58245,0,445,422
58246,0,446,422
58247,0,447,422
58248,0,448,422
58249,0,449,422
58250,0,450,422
58251,0,467,422
58252,0,468,422
58253,0,469,422
58254,0,471,422
58255,0,472,422
58256,0,473,422
58257,0,474,422
58258,0,475,422
58259,0,476,422
58260,0,478,422
58261,0,479,422
58262,0,480,422
58263,0,497,422
58264,0,498,422
58265,0,499,422
58266,0,500,422
58267,0,501,422
58268,0,502,422
58269,0,503,422
58270,0,504,422
58271,0,505,422
58272,0,506,422
58273,0,507,422
58274,0,508,422
58275,0,509,422
58276,0,510,422
58277,0,511,422
58278,0,512,422
58279,0,513,422
58280,0,434,423
58281,0,435,423
58282,0,436,423
58283,0,437,423
58284,0,438,423
58285,0,439,423
58286,0,440,423
58287,0,441,423
58288,0,442,423
58289,0,443,423
58290,0,444,423
58291,0,445,423
58292,0,446,423
58293,0,447,423
58294,0,448,423
58295,0,449,423
58296,0,450,423
58297,0,469,423
58298,0,470,423
58299,0,471,423
58300,0,472,423
58301,0,473,423
58302,0,474,423
58303,0,475,423
58304,0,476,423
58305,0,477,423
58306,0,478,423
58307,0,497,423
58308,0,498,423
58309,0,499,423
58310,0,500,423
58311,0,501,423
58312,0,502,423
58313,0,503,423
58314,0,504,423
58315,0,505,423
58316,0,506,423
58317,0,507,423
58318,0,508,423
58319,0,509,423
58320,0,510,423
58321,0,511,423
58322,0,512,423
58323,0,513,423
58324,0,434,424
58325,0,435,424
58326,0,436,424
58327,0,437,424
58328,0,438,424
58329,0,439,424
58330,0,440,424
58331,0,441,424
58332,0,442,424
58333,0,443,424
58334,0,444,424
58335,0,445,424
58336,0,446,424
58337,0,447,424
58338,0,448,424
58339,0,449,424
58340,0,450,424
58341,0,469,424
58342,0,470,424
58343,0,471,424
58344,0,472,424
58345,0,473,424
58346,0,474,424
58347,0,475,424
58348,0,476,424
58349,0,477,424
58350,0,478,424
58351,0,497,424
58352,0,498,424
58353,0,499,424
58354,0,500,424
58355,0,501,424
58356,0,502,424
58357,0,503,424
58358,0,504,424
58359,0,505,424
58360,0,506,424
58361,0,507,424
58362,0,508,424
58363,0,509,424
58364,0,510,424
58365,0,511,424
58366,0,512,424
58367,0,513,424
58368,0,434,425
58369,0,435,425
58370,0,436,425
58371,0,437,425
58372,0,438,425
58373,0,439,425
58374,0,440,425
58375,0,441,425
58376,0,442,425
58377,0,443,425
58378,0,444,425
58379,0,445,425
58380,0,446,425
58381,0,447,425
58382,0,448,425
58383,0,449,425
58384,0,450,425
58385,0,469,425
58386,0,470,425
58387,0,471,425
58388,0,472,425
58389,0,473,425
58390,0,474,425
58391,0,475,425
58392,0,476,425
58393,0,477,425
58394,0,478,425
58395,0,497,425
58396,0,498,425
58397,0,499,425
58398,0,500,425
58399,0,501,425
58400,0,502,425
58401,0,503,425
58402,0,504,425
58403,0,505,425
58404,0,506,425
58405,0,507,425
58406,0,508,425
58407,0,509,425
58408,0,510,425
58409,0,511,425
58410,0,512,425
58411,0,513,425
58412,0,434,426
58413,0,435,426
58414,0,436,426
58415,0,437,426
58416,0,438,426
58417,0,439,426
58418,0,440,426
58419,0,441,426
58420,0,442,426
58421,0,443,426
58422,0,444,426
58423,0,445,426
58424,0,446,426
58425,0,447,426
58426,0,448,426
58427,0,449,426
58428,0,450,426
58429,0,469,426
58430,0,470,426
58431,0,471,426
58432,0,472,426
58433,0,473,426
58434,0,474,426
58435,0,475,426
58436,0,476,426
58437,0,477,426
58438,0,478,426
58439,0,497,426
58440,0,498,426
58441,0,499,426
58442,0,500,426
58443,0,501,426
58444,0,502,426
58445,0,503,426
58446,0,504,426
58447,0,505,426
58448,0,506,426
58449,0,507,426
58450,0,508,426
58451,0,509,426
58452,0,510,426
58453,0,511,426
58454,0,512,426
58455,0,513,426
58456,0,434,427
58457,0,435,427
58458,0,436,427
58459,0,437,427
58460,0,438,427
58461,0,439,427
58462,0,440,427
58463,0,441,427
58464,0,442,427
58465,0,443,427
58466,0,444,427
58467,0,445,427
58468,0,446,427
58469,0,447,427
58470,0,448,427
58471,0,449,427
58472,0,450,427
58473,0,469,427
58474,0,470,427
58475,0,471,427
58476,0,472,427
58477,0,473,427
58478,0,474,427
58479,0,475,427
58480,0,476,427
58481,0,477,427
58482,0,478,427
58483,0,497,427
58484,0,498,427
58485,0,499,427
58486,0,500,427
58487,0,501,427
58488,0,502,427
58489,0,503,427
58490,0,504,427
58491,0,505,427
58492,0,506,427
58493,0,507,427
58494,0,508,427
58495,0,509,427
58496,0,510,427
58497,0,511,427
58498,0,512,427
58499,0,513,427
58500,0,434,428
58501,0,435,428
58502,0,436,428
58503,0,437,428
58504,0,438,428
58505,0,439,428
58506,0,440,428
58507,0,441,428
58508,0,442,428
58509,0,443,428
58510,0,444,428
58511,0,445,428
58512,0,446,428
58513,0,447,428
58514,0,448,428
58515,0,449,428
58516,0,450,428
58517,0,468,428
58518,0,469,428
58519,0,470,428
58520,0,471,428
58521,0,472,428
58522,0,473,428
58523,0,474,428
58524,0,475,428
58525,0,476,428
58526,0,477,428
58527,0,478,428
58528,0,479,428
58529,0,497,428
58530,0,498,428
58531,0,499,428
58532,0,500,428
58533,0,501,428
58534,0,502,428
58535,0,503,428
58536,0,504,428
58537,0,505,428
58538,0,506,428
58539,0,507,428
58540,0,508,428
58541,0,509,428
58542,0,510,428
58543,0,511,428
58544,0,512,428
58545,0,513,428
58546,0,434,429
58547,0,435,429
58548,0,436,429
58549,0,437,429
58550,0,438,429
58551,0,439,429
58552,0,440,429
58553,0,441,429
58554,0,442,429
58555,0,443,429
58556,0,444,429
58557,0,445,429
58558,0,446,429
58559,0,447,429
58560,0,448,429
58561,0,449,429
58562,0,450,429
58563,0,467,429
58564,0,468,429
58565,0,469,429
58566,0,470,429
58567,0,471,429
58568,0,472,429
58569,0,473,429
58570,0,474,429
58571,0,475,429
58572,0,476,429
58573,0,477,429
58574,0,478,429
58575,0,479,429
58576,0,497,429
58577,0,498,429
58578,0,499,429
58579,0,500,429
58580,0,501,429
58581,0,502,429
58582,0,503,429
58583,0,504,429
58584,0,505,429
58585,0,506,429
58586,0,507,429
58587,0,508,429
58588,0,509,429
58589,0,510,429
58590,0,511,429
58591,0,512,429
58592,0,513,429
58593,0,434,430
58594,0,435,430
58595,0,436,430
58596,0,437,430
58597,0,438,430
58598,0,439,430
58599,0,440,430
58600,0,441,430
58601,0,442,430
58602,0,443,430
58603,0,444,430
58604,0,445,430
58605,0,446,430
58606,0,447,430
58607,0,448,430
58608,0,449,430
58609,0,450,430
58610,0,467,430
58611,0,468,430
58612,0,469,430
58613,0,470,430
58614,0,471,430
58615,0,472,430
58616,0,473,430
58617,0,474,430
58618,0,475,430
58619,0,476,430
58620,0,477,430
58621,0,478,430
58622,0,479,430
58623,0,480,430
58624,0,497,430
58625,0,498,430
58626,0,499,430
58627,0,500,430
58628,0,501,430
58629,0,502,430
58630,0,503,430
58631,0,504,430
58632,0,505,430
58633,0,506,430
58634,0,507,430
58635,0,508,430
58636,0,509,430
58637,0,510,430
58638,0,511,430
58639,0,512,430
58640,0,513,430
58641,0,434,431
58642,0,435,431
58643,0,436,431
58644,0,437,431
58645,0,438,431
58646,0,439,431
58647,0,440,431
58648,0,441,431
58649,0,442,431
58650,0,443,431
58651,0,444,431
58652,0,445,431
58653,0,446,431
58654,0,447,431
58655,0,448,431
58656,0,449,431
58657,0,450,431
58658,0,451,431
58659,0,466,431
58660,0,467,431
58661,0,468,431
58662,0,469,431
58663,0,470,431
58664,0,471,431
58665,0,472,431
58666,0,473,431
58667,0,474,431
58668,0,475,431
58669,0,476,431
58670,0,477,431
58671,0,478,431
58672,0,479,431
58673,0,480,431
58674,0,496,431
58675,0,497,431
58676,0,498,431
58677,0,499,431
58678,0,500,431
58679,0,501,431
58680,0,502,431
58681,0,503,431
58682,0,504,431
58683,0,505,431
58684,0,506,431
58685,0,507,431
58686,0,508,431
58687,0,509,431
58688,0,510,431
58689,0,511,431
58690,0,512,431
58691,0,513,431
58692,0,434,432
58693,0,435,432
58694,0,436,432
58695,0,437,432
58696,0,438,432
58697,0,439,432
58698,0,440,432
58699,0,441,432
58700,0,442,432
58701,0,443,432
58702,0,444,432
58703,0,445,432
58704,0,446,432
58705,0,447,432
58706,0,448,432
58707,0,449,432
58708,0,450,432
58709,0,451,432
58710,0,452,432
58711,0,453,432
58712,0,454,432
58713,0,455,432
58714,0,456,432
58715,0,457,432
58716,0,458,432
58717,0,459,432
58718,0,460,432
58719,0,461,432
58720,0,462,432
58721,0,463,432
58722,0,464,432
58723,0,465,432
58724,0,466,432
58725,0,467,432
58726,0,468,432
58727,0,469,432
58728,0,470,432
58729,0,471,432
58730,0,472,432
58731,0,473,432
58732,0,474,432
58733,0,475,432
58734,0,476,432
58735,0,477,432
58736,0,478,432
58737,0,479,432
58738,0,480,432
58739,0,481,432
58740,0,482,432
58741,0,483,432
58742,0,484,432
58743,0,485,432
58744,0,486,432
58745,0,487,432
58746,0,488,432
58747,0,489,432
58748,0,490,432
58749,0,491,432
58750,0,492,432
58751,0,493,432
58752,0,494,432
58753,0,495,432
58754,0,496,432
58755,0,497,432
58756,0,498,432
58757,0,499,432
58758,0,500,432
58759,0,501,432
58760,0,502,432
58761,0,503,432
58762,0,504,432
58763,0,505,432
58764,0,506,432
58765,0,507,432
58766,0,508,432
58767,0,509,432
58768,0,510,432
58769,0,511,432
58770,0,512,432
58771,0,513,432
58772,0,434,433
58773,0,435,433
58774,0,436,433
58775,0,437,433
58776,0,438,433
58777,0,439,433
58778,0,440,433
58779,0,441,433
58780,0,442,433
58781,0,443,433
58782,0,444,433
58783,0,445,433
58784,0,446,433
58785,0,447,433
58786,0,448,433
58787,0,449,433
58788,0,450,433
58789,0,451,433
58790,0,452,433
58791,0,453,433
58792,0,454,433
58793,0,455,433
58794,0,456,433
58795,0,457,433
58796,0,458,433
58797,0,459,433
58798,0,460,433
58799,0,461,433
58800,0,462,433
58801,0,463,433
58802,0,464,433
58803,0,465,433
58804,0,466,433
58805,0,467,433
58806,0,468,433
58807,0,469,433
58808,0,470,433
58809,0,471,433
58810,0,472,433
58811,0,473,433
58812,0,474,433
58813,0,475,433
58814,0,476,433
58815,0,477,433
58816,0,478,433
58817,0,479,433
58818,0,480,433
58819,0,481,433
58820,0,482,433
58821,0,483,433
58822,0,484,433
58823,0,485,433
58824,0,486,433
58825,0,487,433
58826,0,488,433
58827,0,489,433
58828,0,490,433
58829,0,491,433
58830,0,492,433
58831,0,493,433
58832,0,494,433
58833,0,495,433
58834,0,496,433
58835,0,497,433
58836,0,498,433
58837,0,499,433
58838,0,500,433
58839,0,501,433
58840,0,502,433
58841,0,503,433
58842,0,504,433
58843,0,505,433
58844,0,506,433
58845,0,507,433
58846,0,508,433
58847,0,509,433
58848,0,510,433
58849,0,511,433
58850,0,512,433
58851,0,513,433
58852,0,434,434
58853,0,435,434
58854,0,436,434
58855,0,437,434
58856,0,438,434
58857,0,439,434
58858,0,440,434
58859,0,441,434
58860,0,442,434
58861,0,443,434
58862,0,444,434
58863,0,445,434
58864,0,446,434
58865,0,447,434
58866,0,448,434
58867,0,449,434
58868,0,450,434
58869,0,451,434
58870,0,452,434
58871,0,453,434
58872,0,454,434
58873,0,455,434
58874,0,456,434
58875,0,457,434
58876,0,458,434
58877,0,459,434
58878,0,460,434
58879,0,461,434
58880,0,462,434
58881,0,463,434
58882,0,464,434
58883,0,465,434
58884,0,466,434
58885,0,467,434
58886,0,468,434
58887,0,469,434
58888,0,470,434
58889,0,471,434
58890,0,472,434
58891,0,473,434
58892,0,474,434
58893,0,475,434
58894,0,476,434
58895,0,477,434
58896,0,478,434
58897,0,479,434
58898,0,480,434
58899,0,481,434
58900,0,482,434
58901,0,483,434
58902,0,484,434
58903,0,485,434
58904,0,486,434
58905,0,487,434
58906,0,488,434
58907,0,489,434
58908,0,490,434
58909,0,491,434
58910,0,492,434
58911,0,493,434
58912,0,494,434
58913,0,495,434
58914,0,496,434
58915,0,497,434
58916,0,498,434
58917,0,499,434
58918,0,500,434
58919,0,501,434
58920,0,502,434
58921,0,503,434
58922,0,504,434
58923,0,505,434
58924,0,506,434
58925,0,507,434
58926,0,508,434
58927,0,509,434
58928,0,510,434
58929,0,511,434
58930,0,512,434
58931,0,513,434
58932,0,434,435
58933,0,435,435
58934,0,436,435
58935,0,437,435
58936,0,438,435
58937,0,439,435
58938,0,440,435
58939,0,441,435
58940,0,442,435
58941,0,443,435
58942,0,444,435
58943,0,445,435
58944,0,446,435
58945,0,447,435
58946,0,448,435
58947,0,449,435
58948,0,450,435
58949,0,451,435
58950,0,452,435
58951,0,453,435
58952,0,454,435
58953,0,455,435
58954,0,456,435
58955,0,457,435
58956,0,458,435
58957,0,459,435
58958,0,460,435
58959,0,461,435
58960,0,462,435
58961,0,463,435
58962,0,464,435
58963,0,465,435
58964,0,466,435
58965,0,467,435
58966,0,468,435
58967,0,469,435
58968,0,470,435
58969,0,471,435
58970,0,472,435
58971,0,473,435
58972,0,474,435
58973,0,475,435
58974,0,476,435
58975,0,477,435
58976,0,478,435
58977,0,479,435
58978,0,480,435
58979,0,481,435
58980,0,482,435
58981,0,483,435
58982,0,484,435
58983,0,485,435
58984,0,486,435
58985,0,487,435
58986,0,488,435
58987,0,489,435
58988,0,490,435
58989,0,491,435
58990,0,492,435
58991,0,493,435
58992,0,494,435
58993,0,495,435
58994,0,496,435
58995,0,497,435
58996,0,498,435
58997,0,499,435
58998,0,500,435
58999,0,501,435
59000,0,502,435
59001,0,503,435
59002,0,504,435
59003,0,505,435
59004,0,506,435
59005,0,507,435
59006,0,508,435
59007,0,509,435
59008,0,510,435
59009,0,511,435
59010,0,512,435
59011,0,513,435
59012,0,434,436
59013,0,435,436
59014,0,436,436
59015,0,437,436
59016,0,438,436
59017,0,439,436
59018,0,440,436
59019,0,441,436
59020,0,442,436
59021,0,443,436
59022,0,444,436
59023,0,445,436
59024,0,446,436
59025,0,447,436
59026,0,448,436
59027,0,449,436
59028,0,450,436
59029,0,451,436
59030,0,452,436
59031,0,453,436
59032,0,454,436
59033,0,455,436
59034,0,456,436
59035,0,457,436
59036,0,458,436
59037,0,459,436
59038,0,460,436
59039,0,461,436
59040,0,462,436
59041,0,463,436
59042,0,464,436
59043,0,465,436
59044,0,466,436
59045,0,467,436
59046,0,468,436
59047,0,469,436
59048,0,470,436
59049,0,471,436
59050,0,472,436
59051,0,473,436
59052,0,474,436
59053,0,475,436
59054,0,476,436
59055,0,477,436
59056,0,478,436
59057,0,479,436
59058,0,480,436
59059,0,481,436
59060,0,482,436
59061,0,483,436
59062,0,484,436
59063,0,485,436
59064,0,486,436
59065,0,487,436
59066,0,488,436
59067,0,489,436
59068,0,490,436
59069,0,491,436
59070,0,492,436
59071,0,493,436
59072,0,494,436
59073,0,495,436
59074,0,496,436
59075,0,497,436
59076,0,498,436
59077,0,499,436
59078,0,500,436
59079,0,501,436
59080,0,502,436
59081,0,503,436
59082,0,504,436
59083,0,505,436
59084,0,506,436
59085,0,507,436
59086,0,508,436
59087,0,509,436
59088,0,510,436
59089,0,511,436
59090,0,512,436
59091,0,513,436
59092,0,434,437
59093,0,435,437
59094,0,436,437
59095,0,437,437
59096,0,438,437
59097,0,439,437
59098,0,440,437
59099,0,441,437
59100,0,442,437
59101,0,443,437
59102,0,444,437
59103,0,445,437
59104,0,446,437
59105,0,447,437
59106,0,448,437
59107,0,449,437
59108,0,450,437
59109,0,451,437
59110,0,452,437
59111,0,453,437
59112,0,454,437
59113,0,455,437
59114,0,456,437
59115,0,457,437
59116,0,458,437
59117,0,459,437
59118,0,460,437
59119,0,461,437
59120,0,462,437
59121,0,463,437
59122,0,464,437
59123,0,465,437
59124,0,466,437
59125,0,467,437
59126,0,468,437
59127,0,469,437
59128,0,470,437
59129,0,471,437
59130,0,472,437
59131,0,473,437
59132,0,474,437
59133,0,475,437
59134,0,476,437
59135,0,477,437
59136,0,478,437
59137,0,479,437
59138,0,480,437
59139,0,481,437
59140,0,482,437
59141,0,483,437
59142,0,484,437
59143,0,485,437
59144,0,486,437
59145,0,487,437
59146,0,488,437
59147,0,489,437
59148,0,490,437
59149,0,491,437
59150,0,492,437
59151,0,493,437
59152,0,494,437
59153,0,495,437
59154,0,496,437
59155,0,497,437
59156,0,498,437
59157,0,499,437
59158,0,500,437
59159,0,501,437
59160,0,502,437
59161,0,503,437
59162,0,504,437
59163,0,505,437
59164,0,506,437
59165,0,507,437
59166,0,508,437
59167,0,509,437
59168,0,510,437
59169,0,511,437
59170,0,512,437
59171,0,513,437
59172,0,434,438
59173,0,435,438
59174,0,436,438
59175,0,437,438
59176,0,438,438
59177,0,439,438
59178,0,440,438
59179,0,441,438
59180,0,442,438
59181,0,443,438
59182,0,444,438
59183,0,445,438
59184,0,446,438
59185,0,447,438
59186,0,448,438
59187,0,449,438
59188,0,450,438
59189,0,451,438
59190,0,452,438
59191,0,453,438
59192,0,454,438
59193,0,455,438
59194,0,456,438
59195,0,457,438
59196,0,458,438
59197,0,459,438
59198,0,460,438
59199,0,461,438
59200,0,462,438
59201,0,463,438
59202,0,464,438
59203,0,465,438
59204,0,466,438
59205,0,467,438
59206,0,468,438
59207,0,469,438
59208,0,470,438
59209,0,471,438
59210,0,472,438
59211,0,473,438
59212,0,474,438
59213,0,475,438
59214,0,476,438
59215,0,477,438
59216,0,478,438
59217,0,479,438
59218,0,480,438
59219,0,481,438
59220,0,482,438
59221,0,483,438
59222,0,484,438
59223,0,485,438
59224,0,486,438
59225,0,487,438
59226,0,488,438
59227,0,489,438
59228,0,490,438
59229,0,491,438
59230,0,492,438
59231,0,493,438
59232,0,494,438
59233,0,495,438
59234,0,496,438
59235,0,497,438
59236,0,498,438
59237,0,499,438
59238,0,500,438
59239,0,501,438
59240,0,502,438
59241,0,503,438
59242,0,504,438
59243,0,505,438
59244,0,506,438
59245,0,507,438
59246,0,508,438
59247,0,509,438
59248,0,510,438
59249,0,511,438
59250,0,512,438
59251,0,513,438
59252,0,434,439
59253,0,435,439
59254,0,436,439
59255,0,437,439
59256,0,438,439
59257,0,439,439
59258,0,440,439
59259,0,441,439
59260,0,442,439
59261,0,443,439
59262,0,444,439
59263,0,445,439
59264,0,446,439
59265,0,447,439
59266,0,448,439
59267,0,449,439
59268,0,450,439
59269,0,451,439
59270,0,452,439
59271,0,453,439
59272,0,454,439
59273,0,455,439
59274,0,456,439
59275,0,457,439
59276,0,458,439
59277,0,459,439
59278,0,460,439
59279,0,461,439
59280,0,462,439
59281,0,463,439
59282,0,464,439
59283,0,465,439
59284,0,466,439
59285,0,467,439
59286,0,468,439
59287,0,469,439
59288,0,470,439
59289,0,471,439
59290,0,472,439
59291,0,473,439
59292,0,474,439
59293,0,475,439
59294,0,476,439
59295,0,477,439
59296,0,478,439
59297,0,479,439
59298,0,480,439
59299,0,481,439
59300,0,482,439
59301,0,483,439
59302,0,484,439
59303,0,485,439
59304,0,486,439
59305,0,487,439
59306,0,488,439
59307,0,489,439
59308,0,490,439
59309,0,491,439
59310,0,492,439
59311,0,493,439
59312,0,494,439
59313,0,495,439
59314,0,496,439
59315,0,497,439
59316,0,498,439
59317,0,499,439
59318,0,500,439
59319,0,501,439
59320,0,502,439
59321,0,503,439
59322,0,504,439
59323,0,505,439
59324,0,506,439
59325,0,507,439
59326,0,508,439
59327,0,509,439
59328,0,510,439
59329,0,511,439
59330,0,512,439
59331,0,513,439
59332,0,434,440
59333,0,435,440
59334,0,436,440
59335,0,437,440
59336,0,438,440
59337,0,439,440
59338,0,440,440
59339,0,441,440
59340,0,442,440
59341,0,443,440
59342,0,444,440
59343,0,445,440
59344,0,446,440
59345,0,447,440
59346,0,448,440
59347,0,449,440
59348,0,450,440
59349,0,451,440
59350,0,452,440
59351,0,453,440
59352,0,454,440
59353,0,455,440
59354,0,456,440
59355,0,457,440
59356,0,458,440
59357,0,459,440
59358,0,460,440
59359,0,461,440
59360,0,462,440
59361,0,463,440
59362,0,464,440
59363,0,465,440
59364,0,466,440
59365,0,467,440
59366,0,468,440
59367,0,469,440
59368,0,470,440
59369,0,471,440
59370,0,472,440
59371,0,473,440
59372,0,474,440
59373,0,475,440
59374,0,476,440
59375,0,477,440
59376,0,478,440
59377,0,479,440
59378,0,480,440
59379,0,481,440
59380,0,482,440
59381,0,483,440
59382,0,484,440
59383,0,485,440
59384,0,486,440
59385,0,487,440
59386,0,488,440
59387,0,489,440
59388,0,490,440
59389,0,491,440
59390,0,492,440
59391,0,493,440
59392,0,494,440
59393,0,495,440
59394,0,496,440
59395,0,497,440
59396,0,498,440
59397,0,499,440
59398,0,500,440
59399,0,501,440
59400,0,502,440
59401,0,503,440
59402,0,504,440
59403,0,505,440
59404,0,506,440
59405,0,507,440
59406,0,508,440
59407,0,509,440
59408,0,510,440
59409,0,511,440
59410,0,512,440
59411,0,513,440
59412,0,434,441
59413,0,435,441
59414,0,436,441
59415,0,437,441
59416,0,438,441
59417,0,439,441
59418,0,440,441
59419,0,441,441
59420,0,442,441
59421,0,443,441
59422,0,444,441
59423,0,445,441
59424,0,446,441
59425,0,447,441
59426,0,448,441
59427,0,449,441
59428,0,450,441
59429,0,451,441
59430,0,452,441
59431,0,453,441
59432,0,454,441
59433,0,455,441
59434,0,456,441
59435,0,457,441
59436,0,458,441
59437,0,459,441
59438,0,460,441
59439,0,461,441
59440,0,462,441
59441,0,463,441
59442,0,464,441
59443,0,465,441
59444,0,466,441
59445,0,467,441
59446,0,468,441
59447,0,469,441
59448,0,470,441
59449,0,471,441
59450,0,472,441
59451,0,473,441
59452,0,474,441
59453,0,475,441
59454,0,476,441
59455,0,477,441
59456,0,478,441
59457,0,479,441
59458,0,480,441
59459,0,481,441
59460,0,482,441
59461,0,483,441
59462,0,484,441
59463,0,485,441
59464,0,486,441
59465,0,487,441
59466,0,488,441
59467,0,489,441
59468,0,490,441
59469,0,491,441
59470,0,492,441
59471,0,493,441
59472,0,494,441
59473,0,495,441
59474,0,496,441
59475,0,497,441
59476,0,498,441
59477,0,499,441
59478,0,500,441
59479,0,501,441
59480,0,502,441
59481,0,503,441
59482,0,504,441
59483,0,505,441
59484,0,506,441
59485,0,507,441
59486,0,508,441
59487,0,509,441
59488,0,510,441
59489,0,511,441
59490,0,512,441
59491,0,513,441
59492,0,514,441
59493,0,434,442
59494,0,435,442
59495,0,436,442
59496,0,437,442
59497,0,438,442
59498,0,439,442
59499,0,440,442
59500,0,441,442
59501,0,442,442
59502,0,443,442
59503,0,444,442
59504,0,445,442
59505,0,446,442
59506,0,447,442
59507,0,448,442
59508,0,449,442
59509,0,450,442
59510,0,451,442
59511,0,452,442
59512,0,453,442
59513,0,454,442
59514,0,455,442
59515,0,456,442
59516,0,457,442
59517,0,458,442
59518,0,459,442
59519,0,460,442
59520,0,461,442
59521,0,462,442
59522,0,463,442
59523,0,464,442
59524,0,465,442
59525,0,466,442
59526,0,467,442
59527,0,468,442
59528,0,469,442
59529,0,470,442
59530,0,471,442
59531,0,472,442
59532,0,473,442
59533,0,474,442
59534,0,475,442
59535,0,476,442
59536,0,477,442
59537,0,478,442
59538,0,479,442
59539,0,480,442
59540,0,481,442
59541,0,482,442
59542,0,483,442
59543,0,484,442
59544,0,485,442
59545,0,486,442
59546,0,487,442
59547,0,488,442
59548,0,489,442
59549,0,490,442
59550,0,491,442
59551,0,492,442
59552,0,493,442
59553,0,494,442
59554,0,495,442
59555,0,496,442
59556,0,497,442
59557,0,498,442
59558,0,499,442
59559,0,500,442
59560,0,501,442
59561,0,502,442
59562,0,503,442
59563,0,504,442
59564,0,505,442
59565,0,506,442
59566,0,507,442
59567,0,508,442
59568,0,509,442
59569,0,510,442
59570,0,511,442
59571,0,512,442
59572,0,513,442
59573,0,434,443
59574,0,435,443
59575,0,436,443
59576,0,437,443
59577,0,438,443
59578,0,439,443
59579,0,440,443
59580,0,441,443
59581,0,442,443
59582,0,443,443
59583,0,444,443
59584,0,445,443
59585,0,446,443
59586,0,447,443
59587,0,448,443
59588,0,449,443
59589,0,450,443
59590,0,451,443
59591,0,452,443
59592,0,453,443
59593,0,454,443
59594,0,455,443
59595,0,456,443
59596,0,457,443
59597,0,458,443
59598,0,459,443
59599,0,460,443
59600,0,461,443
59601,0,462,443
59602,0,463,443
59603,0,464,443
59604,0,465,443
59605,0,466,443
59606,0,467,443
59607,0,468,443
59608,0,469,443
59609,0,470,443
59610,0,471,443
59611,0,472,443
59612,0,473,443
59613,0,474,443
59614,0,475,443
59615,0,476,443
59616,0,477,443
59617,0,478,443
59618,0,479,443
59619,0,480,443
59620,0,481,443
59621,0,482,443
59622,0,483,443
59623,0,484,443
59624,0,485,443
59625,0,486,443
59626,0,487,443
59627,0,488,443
59628,0,489,443
59629,0,490,443
59630,0,491,443
59631,0,492,443
59632,0,493,443
59633,0,494,443
59634,0,495,443
59635,0,496,443
59636,0,497,443
59637,0,498,443
59638,0,499,443
59639,0,500,443
59640,0,501,443
59641,0,502,443
59642,0,503,443
59643,0,504,443
59644,0,505,443
59645,0,506,443
59646,0,507,443
59647,0,508,443
59648,0,509,443
59649,0,510,443
59650,0,511,443
59651,0,512,443
59652,0,513,443
59653,0,434,444
59654,0,435,444
59655,0,436,444
59656,0,437,444
59657,0,438,444
59658,0,439,444
59659,0,440,444
59660,0,441,444
59661,0,442,444
59662,0,443,444
59663,0,444,444
59664,0,445,444
59665,0,446,444
59666,0,447,444
59667,0,448,444
59668,0,449,444
59669,0,450,444
59670,0,451,444
59671,0,452,444
59672,0,453,444
59673,0,454,444
59674,0,455,444
59675,0,456,444
59676,0,457,444
59677,0,458,444
59678,0,459,444
59679,0,460,444
59680,0,461,444
59681,0,462,444
59682,0,463,444
59683,0,464,444
59684,0,465,444
59685,0,466,444
59686,0,467,444
59687,0,468,444
59688,0,469,444
59689,0,470,444
59690,0,471,444
59691,0,472,444
59692,0,473,444
59693,0,474,444
59694,0,475,444
59695,0,476,444
59696,0,477,444
59697,0,478,444
59698,0,479,444
59699,0,480,444
59700,0,481,444
59701,0,482,444
59702,0,483,444
59703,0,484,444
59704,0,485,444
59705,0,486,444
59706,0,487,444
59707,0,488,444
59708,0,489,444
59709,0,490,444
59710,0,491,444
59711,0,492,444
59712,0,493,444
59713,0,494,444
59714,0,495,444
59715,0,496,444
59716,0,497,444
59717,0,498,444
59718,0,499,444
59719,0,500,444
59720,0,501,444
59721,0,502,444
59722,0,503,444
59723,0,504,444
59724,0,505,444
59725,0,506,444
59726,0,507,444
59727,0,508,444
59728,0,509,444
59729,0,510,444
59730,0,511,444
59731,0,512,444
59732,0,513,444
59733,0,434,445
59734,0,435,445
59735,0,436,445
59736,0,437,445
59737,0,438,445
59738,0,439,445
59739,0,440,445
59740,0,441,445
59741,0,442,445
59742,0,443,445
59743,0,444,445
59744,0,445,445
59745,0,446,445
59746,0,447,445
59747,0,448,445
59748,0,449,445
59749,0,450,445
59750,0,451,445
59751,0,452,445
59752,0,453,445
59753,0,454,445
59754,0,455,445
59755,0,456,445
59756,0,457,445
59757,0,458,445
59758,0,459,445
59759,0,460,445
59760,0,461,445
59761,0,462,445
59762,0,463,445
59763,0,464,445
59764,0,465,445
59765,0,466,445
59766,0,467,445
59767,0,468,445
59768,0,469,445
59769,0,470,445
59770,0,471,445
59771,0,472,445
59772,0,473,445
59773,0,474,445
59774,0,475,445
59775,0,476,445
59776,0,477,445
59777,0,478,445
59778,0,479,445
59779,0,480,445
59780,0,481,445
59781,0,482,445
59782,0,483,445
59783,0,484,445
59784,0,485,445
59785,0,486,445
59786,0,487,445
59787,0,488,445
59788,0,489,445
59789,0,490,445
59790,0,491,445
59791,0,492,445
59792,0,493,445
59793,0,494,445
59794,0,495,445
59795,0,496,445
59796,0,497,445
59797,0,498,445
59798,0,499,445
59799,0,500,445
59800,0,501,445
59801,0,502,445
59802,0,503,445
59803,0,504,445
59804,0,505,445
59805,0,506,445
59806,0,507,445
59807,0,508,445
59808,0,509,445
59809,0,510,445
59810,0,511,445
59811,0,512,445
59812,0,513,445
59813,0,434,446
59814,0,435,446
59815,0,436,446
59816,0,437,446
59817,0,438,446
59818,0,439,446
59819,0,440,446
59820,0,441,446
59821,0,442,446
59822,0,443,446
59823,0,444,446
59824,0,445,446
59825,0,446,446
59826,0,447,446
59827,0,448,446
59828,0,449,446
59829,0,450,446
59830,0,451,446
59831,0,452,446
59832,0,453,446
59833,0,454,446
59834,0,455,446
59835,0,456,446
59836,0,457,446
59837,0,458,446
59838,0,459,446
59839,0,460,446
59840,0,461,446
59841,0,462,446
59842,0,463,446
59843,0,464,446
59844,0,465,446
59845,0,466,446
59846,0,467,446
59847,0,468,446
59848,0,469,446
59849,0,470,446
59850,0,471,446
59851,0,472,446
59852,0,473,446
59853,0,474,446
59854,0,475,446
59855,0,476,446
59856,0,477,446
59857,0,478,446
59858,0,479,446
59859,0,480,446
59860,0,481,446
59861,0,482,446
59862,0,483,446
59863,0,484,446
59864,0,485,446
59865,0,486,446
59866,0,487,446
59867,0,488,446
59868,0,489,446
59869,0,490,446
59870,0,491,446
59871,0,492,446
59872,0,493,446
59873,0,494,446
59874,0,495,446
59875,0,496,446
59876,0,497,446
59877,0,498,446
59878,0,499,446
59879,0,500,446
59880,0,501,446
59881,0,502,446
59882,0,503,446
59883,0,504,446
59884,0,505,446
59885,0,506,446
59886,0,507,446
59887,0,508,446
59888,0,509,446
59889,0,510,446
59890,0,511,446
59891,0,512,446
59892,0,513,446
59893,0,434,447
59894,0,435,447
59895,0,436,447
59896,0,437,447
59897,0,438,447
59898,0,439,447
59899,0,440,447
59900,0,441,447
59901,0,442,447
59902,0,443,447
59903,0,444,447
59904,0,445,447
59905,0,446,447
59906,0,447,447
59907,0,448,447
59908,0,449,447
59909,0,450,447
59910,0,451,447
59911,0,452,447
59912,0,453,447
59913,0,454,447
59914,0,455,447
59915,0,456,447
59916,0,457,447
59917,0,458,447
59918,0,459,447
59919,0,460,447
59920,0,461,447
59921,0,462,447
59922,0,463,447
59923,0,464,447
59924,0,465,447
59925,0,466,447
59926,0,467,447
59927,0,468,447
59928,0,469,447
59929,0,470,447
59930,0,471,447
59931,0,472,447
59932,0,473,447
59933,0,474,447
59934,0,475,447
59935,0,476,447
59936,0,477,447
59937,0,478,447
59938,0,479,447
59939,0,480,447
59940,0,481,447
59941,0,482,447
59942,0,483,447
59943,0,484,447
59944,0,485,447
59945,0,486,447
59946,0,487,447
59947,0,488,447
59948,0,489,447
59949,0,490,447
59950,0,491,447
59951,0,492,447
59952,0,493,447
59953,0,494,447
59954,0,495,447
59955,0,496,447
59956,0,497,447
59957,0,498,447
59958,0,499,447
59959,0,500,447
59960,0,501,447
59961,0,502,447
59962,0,503,447
59963,0,504,447
59964,0,505,447
59965,0,506,447
59966,0,507,447
59967,0,508,447
59968,0,509,447
59969,0,510,447
59970,0,511,447
59971,0,512,447
59972,0,513,447
59973,0,434,448
59974,0,435,448
59975,0,436,448
59976,0,437,448
59977,0,438,448
59978,0,439,448
59979,0,440,448
59980,0,441,448
59981,0,442,448
59982,0,443,448
59983,0,444,448
59984,0,445,448
59985,0,446,448
59986,0,447,448
59987,0,448,448
59988,0,449,448
59989,0,450,448
59990,0,451,448
59991,0,452,448
59992,0,453,448
59993,0,454,448
59994,0,455,448
59995,0,456,448
59996,0,457,448
59997,0,458,448
59998,0,459,448
59999,0,460,448
60000,0,461,448
60001,0,462,448
60002,0,463,448
60003,0,464,448
60004,0,465,448
60005,0,466,448
60006,0,467,448
60007,0,468,448
60008,0,469,448
60009,0,470,448
60010,0,471,448
60011,0,472,448
60012,0,473,448
60013,0,474,448
60014,0,475,448
60015,0,476,448
60016,0,477,448
60017,0,478,448
60018,0,479,448
60019,0,480,448
60020,0,481,448
60021,0,482,448
60022,0,483,448
60023,0,484,448
60024,0,485,448
60025,0,486,448
60026,0,487,448
60027,0,488,448
60028,0,489,448
60029,0,490,448
60030,0,491,448
60031,0,492,448
60032,0,493,448
60033,0,494,448
60034,0,495,448
60035,0,496,448
60036,0,497,448
60037,0,498,448
60038,0,499,448
60039,0,500,448
60040,0,501,448
60041,0,502,448
60042,0,503,448
60043,0,504,448
60044,0,505,448
60045,0,506,448
60046,0,507,448
60047,0,508,448
60048,0,509,448
60049,0,510,448
60050,0,511,448
60051,0,512,448
60052,0,513,448
60053,0,450,449
60054,0,451,449
60055,0,452,449
60056,0,453,449
60057,0,454,449
60058,0,455,449
60059,0,456,449
60060,0,457,449
60061,0,458,449
60062,0,459,449
60063,0,460,449
60064,0,461,449
60065,0,462,449
60066,0,463,449
60067,0,464,449
60068,0,465,449
60069,0,466,449
60070,0,467,449
60071,0,468,449
60072,0,469,449
60073,0,470,449
60074,0,471,449
60075,0,472,449
60076,0,473,449
60077,0,474,449
60078,0,475,449
60079,0,476,449
60080,0,477,449
60081,0,478,449
60082,0,479,449
60083,0,480,449
60084,0,481,449
60085,0,482,449
60086,0,483,449
60087,0,484,449
60088,0,485,449
60089,0,486,449
60090,0,487,449
60091,0,488,449
60092,0,489,449
60093,0,490,449
60094,0,491,449
60095,0,492,449
60096,0,493,449
60097,0,494,449
60098,0,495,449
60099,0,496,449
60100,0,497,449
60101,0,450,450
60102,0,451,450
60103,0,452,450
60104,0,453,450
60105,0,454,450
60106,0,455,450
60107,0,456,450
60108,0,457,450
60109,0,458,450
60110,0,459,450
60111,0,460,450
60112,0,461,450
60113,0,462,450
60114,0,463,450
60115,0,464,450
60116,0,465,450
60117,0,466,450
60118,0,467,450
60119,0,468,450
60120,0,469,450
60121,0,470,450
60122,0,471,450
60123,0,472,450
60124,0,473,450
60125,0,474,450
60126,0,475,450
60127,0,476,450
60128,0,477,450
60129,0,478,450
60130,0,479,450
60131,0,480,450
60132,0,481,450
60133,0,482,450
60134,0,483,450
60135,0,484,450
60136,0,485,450
60137,0,486,450
60138,0,487,450
60139,0,488,450
60140,0,489,450
60141,0,490,450
60142,0,491,450
60143,0,492,450
60144,0,493,450
60145,0,494,450
60146,0,495,450
60147,0,496,450
60148,0,497,450
60149,0,450,451
60150,0,451,451
60151,0,452,451
60152,0,453,451
60153,0,454,451
60154,0,455,451
60155,0,456,451
60156,0,457,451
60157,0,458,451
60158,0,459,451
60159,0,460,451
60160,0,461,451
60161,0,462,451
60162,0,463,451
60163,0,464,451
60164,0,465,451
60165,0,466,451
60166,0,467,451
60167,0,468,451
60168,0,469,451
60169,0,470,451
60170,0,471,451
60171,0,472,451
60172,0,473,451
60173,0,474,451
60174,0,475,451
60175,0,476,451
60176,0,477,451
60177,0,478,451
60178,0,479,451
60179,0,480,451
60180,0,481,451
60181,0,482,451
60182,0,483,451
60183,0,484,451
60184,0,485,451
60185,0,486,451
60186,0,487,451
60187,0,488,451
60188,0,489,451
60189,0,490,451
60190,0,491,451
60191,0,492,451
60192,0,493,451
60193,0,494,451
60194,0,495,451
60195,0,496,451
60196,0,497,451
60197,0,450,452
60198,0,451,452
60199,0,452,452
60200,0,453,452
60201,0,454,452
60202,0,455,452
60203,0,456,452
60204,0,457,452
60205,0,458,452
60206,0,459,452
60207,0,460,452
60208,0,461,452
60209,0,462,452
60210,0,463,452
60211,0,464,452
60212,0,465,452
60213,0,466,452
60214,0,467,452
60215,0,468,452
60216,0,469,452
60217,0,470,452
60218,0,471,452
60219,0,472,452
60220,0,473,452
60221,0,474,452
60222,0,475,452
60223,0,476,452
60224,0,477,452
60225,0,478,452
60226,0,479,452
60227,0,480,452
60228,0,481,452
60229,0,482,452
60230,0,483,452
60231,0,484,452
60232,0,485,452
60233,0,486,452
60234,0,487,452
60235,0,488,452
60236,0,489,452
60237,0,490,452
60238,0,491,452
60239,0,492,452
60240,0,493,452
60241,0,494,452
60242,0,495,452
60243,0,496,452
60244,0,497,452
60245,0,450,453
60246,0,451,453
60247,0,452,453
60248,0,453,453
60249,0,454,453
60250,0,455,453
60251,0,456,453
60252,0,457,453
60253,0,458,453
60254,0,459,453
60255,0,460,453
60256,0,461,453
60257,0,462,453
60258,0,463,453
60259,0,464,453
60260,0,465,453
60261,0,466,453
60262,0,467,453
60263,0,468,453
60264,0,469,453
60265,0,470,453
60266,0,471,453
60267,0,472,453
60268,0,473,453
60269,0,474,453
60270,0,475,453
60271,0,476,453
60272,0,477,453
60273,0,478,453
60274,0,479,453
60275,0,480,453
60276,0,481,453
60277,0,482,453
60278,0,483,453
60279,0,484,453
60280,0,485,453
60281,0,486,453
60282,0,487,453
60283,0,488,453
60284,0,489,453
60285,0,490,453
60286,0,491,453
60287,0,492,453
60288,0,493,453
60289,0,494,453
60290,0,495,453
60291,0,496,453
60292,0,497,453
60293,0,450,454
60294,0,451,454
60295,0,452,454
60296,0,453,454
60297,0,454,454
60298,0,455,454
60299,0,456,454
60300,0,457,454
60301,0,458,454
60302,0,459,454
60303,0,460,454
60304,0,461,454
60305,0,462,454
60306,0,463,454
60307,0,464,454
60308,0,465,454
60309,0,466,454
60310,0,467,454
60311,0,468,454
60312,0,469,454
60313,0,470,454
60314,0,471,454
60315,0,472,454
60316,0,473,454
60317,0,474,454
60318,0,475,454
60319,0,476,454
60320,0,477,454
60321,0,478,454
60322,0,479,454
60323,0,480,454
60324,0,481,454
60325,0,482,454
60326,0,483,454
60327,0,484,454
60328,0,485,454
60329,0,486,454
60330,0,487,454
60331,0,488,454
60332,0,489,454
60333,0,490,454
60334,0,491,454
60335,0,492,454
60336,0,493,454
60337,0,494,454
60338,0,495,454
60339,0,496,454
60340,0,497,454
60341,0,450,455
60342,0,451,455
60343,0,452,455
60344,0,453,455
60345,0,454,455
60346,0,455,455
60347,0,456,455
60348,0,457,455
60349,0,458,455
60350,0,459,455
60351,0,460,455
60352,0,461,455
60353,0,462,455
60354,0,463,455
60355,0,464,455
60356,0,465,455
60357,0,466,455
60358,0,467,455
60359,0,468,455
60360,0,469,455
60361,0,470,455
60362,0,471,455
60363,0,472,455
60364,0,473,455
60365,0,474,455
60366,0,475,455
60367,0,476,455
60368,0,477,455
60369,0,478,455
60370,0,479,455
60371,0,480,455
60372,0,481,455
60373,0,482,455
60374,0,483,455
60375,0,484,455
60376,0,485,455
60377,0,486,455
60378,0,487,455
60379,0,488,455
60380,0,489,455
60381,0,490,455
60382,0,491,455
60383,0,492,455
60384,0,493,455
60385,0,494,455
60386,0,495,455
60387,0,496,455
60388,0,497,455
60389,0,450,456
60390,0,451,456
60391,0,452,456
60392,0,453,456
60393,0,454,456
60394,0,455,456
60395,0,456,456
60396,0,457,456
60397,0,458,456
60398,0,459,456
60399,0,460,456
60400,0,461,456
60401,0,462,456
60402,0,463,456
60403,0,464,456
60404,0,465,456
60405,0,466,456
60406,0,467,456
60407,0,468,456
60408,0,469,456
60409,0,470,456
60410,0,471,456
60411,0,472,456
60412,0,473,456
60413,0,474,456
60414,0,475,456
60415,0,476,456
60416,0,477,456
60417,0,478,456
60418,0,479,456
60419,0,480,456
60420,0,481,456
60421,0,482,456
60422,0,484,456
60423,0,485,456
60424,0,486,456
60425,0,487,456
60426,0,488,456
60427,0,489,456
60428,0,490,456
60429,0,491,456
60430,0,492,456
60431,0,493,456
60432,0,494,456
60433,0,495,456
60434,0,496,456
60435,0,497,456
60436,0,450,457
60437,0,451,457
60438,0,452,457
60439,0,453,457
60440,0,454,457
60441,0,455,457
60442,0,456,457
60443,0,457,457
60444,0,458,457
60445,0,459,457
60446,0,460,457
60447,0,461,457
60448,0,462,457
60449,0,463,457
60450,0,464,457
60451,0,465,457
60452,0,466,457
60453,0,467,457
60454,0,468,457
60455,0,469,457
60456,0,470,457
60457,0,471,457
60458,0,472,457
60459,0,473,457
60460,0,474,457
60461,0,475,457
60462,0,476,457
60463,0,477,457
60464,0,478,457
60465,0,479,457
60466,0,480,457
60467,0,481,457
60468,0,484,457
60469,0,485,457
60470,0,486,457
60471,0,487,457
60472,0,488,457
60473,0,489,457
60474,0,490,457
60475,0,491,457
60476,0,492,457
60477,0,493,457
60478,0,494,457
60479,0,496,457
60480,0,450,458
60481,0,451,458
60482,0,452,458
60483,0,453,458
60484,0,454,458
60485,0,455,458
60486,0,456,458
60487,0,457,458
60488,0,458,458
60489,0,459,458
60490,0,460,458
60491,0,461,458
60492,0,462,458
60493,0,463,458
60494,0,464,458
60495,0,465,458
60496,0,466,458
60497,0,467,458
60498,0,468,458
60499,0,469,458
60500,0,470,458
60501,0,471,458
60502,0,472,458
60503,0,473,458
60504,0,474,458
60505,0,475,458
60506,0,476,458
60507,0,477,458
60508,0,478,458
60509,0,479,458
60510,0,480,458
60511,0,484,458
60512,0,485,458
60513,0,486,458
60514,0,487,458
60515,0,488,458
60516,0,489,458
60517,0,490,458
60518,0,491,458
60519,0,492,458
60520,0,493,458
60521,0,495,458
60522,0,496,458
60523,0,497,458
60524,0,498,458
60525,0,451,459
60526,0,452,459
60527,0,453,459
60528,0,454,459
60529,0,455,459
60530,0,456,459
60531,0,457,459
60532,0,458,459
60533,0,459,459
60534,0,460,459
60535,0,461,459
60536,0,462,459
60537,0,463,459
60538,0,464,459
60539,0,465,459
60540,0,466,459
60541,0,467,459
60542,0,468,459
60543,0,469,459
60544,0,470,459
60545,0,471,459
60546,0,472,459
60547,0,473,459
60548,0,474,459
60549,0,475,459
60550,0,476,459
60551,0,477,459
60552,0,478,459
60553,0,479,459
60554,0,480,459
60555,0,481,459
60556,0,482,459
60557,0,483,459
60558,0,484,459
60559,0,485,459
60560,0,486,459
60561,0,487,459
60562,0,488,459
60563,0,489,459
60564,0,490,459
60565,0,491,459
60566,0,492,459
60567,0,493,459
60568,0,494,459
60569,0,495,459
60570,0,452,460
60571,0,453,460
60572,0,454,460
60573,0,455,460
60574,0,456,460
60575,0,457,460
60576,0,458,460
60577,0,459,460
60578,0,460,460
60579,0,461,460
60580,0,462,460
60581,0,463,460
60582,0,464,460
60583,0,465,460
60584,0,466,460
60585,0,467,460
60586,0,468,460
60587,0,469,460
60588,0,470,460
60589,0,471,460
60590,0,472,460
60591,0,473,460
60592,0,474,460
60593,0,475,460
60594,0,476,460
60595,0,477,460
60596,0,478,460
60597,0,479,460
60598,0,480,460
60599,0,481,460
60600,0,482,460
60601,0,483,460
60602,0,484,460
60603,0,485,460
60604,0,486,460
60605,0,487,460
60606,0,488,460
60607,0,489,460
60608,0,490,460
60609,0,491,460
60610,0,492,460
60611,0,493,460
60612,0,494,460
60613,0,453,461
60614,0,454,461
60615,0,455,461
60616,0,456,461
60617,0,457,461
60618,0,458,461
60619,0,459,461
60620,0,460,461
60621,0,461,461
60622,0,462,461
60623,0,463,461
60624,0,464,461
60625,0,465,461
60626,0,466,461
60627,0,467,461
60628,0,468,461
60629,0,469,461
60630,0,470,461
60631,0,471,461
60632,0,472,461
60633,0,473,461
60634,0,474,461
60635,0,475,461
60636,0,476,461
60637,0,477,461
60638,0,478,461
60639,0,479,461
60640,0,480,461
60641,0,481,461
60642,0,482,461
60643,0,483,461
60644,0,484,461
60645,0,485,461
60646,0,486,461
60647,0,487,461
60648,0,488,461
60649,0,489,461
60650,0,490,461
60651,0,491,461
60652,0,492,461
60653,0,493,461
60654,0,453,462
60655,0,454,462
60656,0,455,462
60657,0,456,462
60658,0,457,462
60659,0,458,462
60660,0,459,462
60661,0,460,462
60662,0,461,462
60663,0,462,462
60664,0,463,462
60665,0,464,462
60666,0,465,462
60667,0,466,462
60668,0,467,462
60669,0,468,462
60670,0,469,462
60671,0,470,462
60672,0,471,462
60673,0,472,462
60674,0,473,462
60675,0,474,462
60676,0,475,462
60677,0,476,462
60678,0,477,462
60679,0,478,462
60680,0,479,462
60681,0,480,462
60682,0,481,462
60683,0,482,462
60684,0,483,462
60685,0,484,462
60686,0,485,462
60687,0,486,462
60688,0,487,462
60689,0,488,462
60690,0,489,462
60691,0,490,462
60692,0,491,462
60693,0,492,462
60694,0,493,462
60695,0,454,463
60696,0,455,463
60697,0,456,463
60698,0,457,463
60699,0,458,463
60700,0,459,463
60701,0,460,463
60702,0,461,463
60703,0,462,463
60704,0,463,463
60705,0,464,463
60706,0,465,463
60707,0,466,463
60708,0,467,463
60709,0,468,463
60710,0,469,463
60711,0,470,463
60712,0,471,463
60713,0,472,463
60714,0,473,463
60715,0,474,463
60716,0,475,463
60717,0,476,463
60718,0,477,463
60719,0,478,463
60720,0,479,463
60721,0,480,463
60722,0,481,463
60723,0,482,463
60724,0,483,463
60725,0,484,463
60726,0,485,463
60727,0,486,463
60728,0,487,463
60729,0,488,463
60730,0,489,463
60731,0,490,463
60732,0,491,463
60733,0,492,463
60734,0,455,464
60735,0,456,464
60736,0,457,464
60737,0,458,464
60738,0,459,464
60739,0,460,464
60740,0,461,464
60741,0,462,464
60742,0,463,464
60743,0,464,464
60744,0,465,464
60745,0,466,464
60746,0,467,464
60747,0,468,464
60748,0,469,464
60749,0,470,464
60750,0,471,464
60751,0,472,464
60752,0,473,464
60753,0,474,464
60754,0,475,464
60755,0,476,464
60756,0,477,464
60757,0,478,464
60758,0,479,464
60759,0,480,464
60760,0,481,464
60761,0,482,464
60762,0,483,464
60763,0,484,464
60764,0,485,464
60765,0,486,464
60766,0,487,464
60767,0,488,464
60768,0,489,464
60769,0,490,464
60770,0,491,464
60771,0,455,465
60772,0,456,465
60773,0,457,465
60774,0,458,465
60775,0,459,465
60776,0,460,465
60777,0,461,465
60778,0,462,465
60779,0,463,465
60780,0,464,465
60781,0,465,465
60782,0,466,465
60783,0,467,465
60784,0,468,465
60785,0,469,465
60786,0,470,465
60787,0,471,465
60788,0,472,465
60789,0,473,465
60790,0,474,465
60791,0,475,465
60792,0,476,465
60793,0,477,465
60794,0,478,465
60795,0,479,465
60796,0,480,465
60797,0,481,465
60798,0,482,465
60799,0,483,465
60800,0,484,465
60801,0,485,465
60802,0,486,465
60803,0,487,465
60804,0,488,465
60805,0,489,465
60806,0,490,465
60807,0,491,465
60808,0,456,466
60809,0,457,466
60810,0,458,466
60811,0,459,466
60812,0,460,466
60813,0,461,466
60814,0,462,466
60815,0,463,466
60816,0,464,466
60817,0,465,466
60818,0,466,466
60819,0,467,466
60820,0,468,466
60821,0,469,466
60822,0,470,466
60823,0,471,466
60824,0,472,466
60825,0,473,466
60826,0,474,466
60827,0,475,466
60828,0,476,466
60829,0,477,466
60830,0,478,466
60831,0,479,466
60832,0,480,466
60833,0,481,466
60834,0,482,466
60835,0,483,466
60836,0,484,466
60837,0,485,466
60838,0,486,466
60839,0,487,466
60840,0,488,466
60841,0,489,466
60842,0,490,466
60843,0,457,467
60844,0,458,467
60845,0,459,467
60846,0,460,467
60847,0,461,467
60848,0,462,467
60849,0,463,467
60850,0,464,467
60851,0,465,467
60852,0,466,467
60853,0,467,467
60854,0,468,467
60855,0,469,467
60856,0,470,467
60857,0,471,467
60858,0,472,467
60859,0,473,467
60860,0,474,467
60861,0,475,467
60862,0,476,467
60863,0,477,467
60864,0,478,467
60865,0,479,467
60866,0,480,467
60867,0,481,467
60868,0,482,467
60869,0,483,467
60870,0,484,467
60871,0,485,467
60872,0,486,467
60873,0,487,467
60874,0,488,467
60875,0,489,467
60876,0,458,468
60877,0,459,468
60878,0,460,468
60879,0,461,468
60880,0,462,468
60881,0,463,468
60882,0,464,468
60883,0,465,468
60884,0,466,468
60885,0,467,468
60886,0,468,468
60887,0,469,468
60888,0,470,468
60889,0,471,468
60890,0,472,468
60891,0,473,468
60892,0,474,468
60893,0,475,468
60894,0,476,468
60895,0,477,468
60896,0,478,468
60897,0,479,468
60898,0,480,468
60899,0,481,468
60900,0,482,468
60901,0,483,468
60902,0,484,468
60903,0,485,468
60904,0,486,468
60905,0,487,468
60906,0,488,468
60907,0,458,469
60908,0,459,469
60909,0,460,469
60910,0,461,469
60911,0,462,469
60912,0,463,469
60913,0,464,469
60914,0,465,469
60915,0,466,469
60916,0,467,469
60917,0,468,469
60918,0,469,469
60919,0,470,469
60920,0,471,469
60921,0,472,469
60922,0,473,469
60923,0,474,469
60924,0,475,469
60925,0,476,469
60926,0,477,469
60927,0,478,469
60928,0,479,469
60929,0,480,469
60930,0,481,469
60931,0,482,469
60932,0,483,469
60933,0,484,469
60934,0,485,469
60935,0,486,469
60936,0,487,469
60937,0,459,470
60938,0,460,470
60939,0,461,470
60940,0,462,470
60941,0,463,470
60942,0,464,470
60943,0,465,470
60944,0,466,470
60945,0,467,470
60946,0,468,470
60947,0,469,470
60948,0,470,470
60949,0,471,470
60950,0,472,470
60951,0,473,470
60952,0,474,470
60953,0,475,470
60954,0,476,470
60955,0,477,470
60956,0,478,470
60957,0,479,470
60958,0,480,470
60959,0,481,470
60960,0,482,470
60961,0,483,470
60962,0,484,470
60963,0,485,470
60964,0,461,471
60965,0,462,471
60966,0,463,471
60967,0,464,471
60968,0,465,471
60969,0,466,471
60970,0,467,471
60971,0,468,471
60972,0,469,471
60973,0,470,471
60974,0,471,471
60975,0,472,471
60976,0,473,471
60977,0,474,471
60978,0,475,471
60979,0,476,471
60980,0,477,471
60981,0,478,471
60982,0,479,471
60983,0,480,471
60984,0,481,471
60985,0,482,471
60986,0,464,472
60987,0,465,472
60988,0,466,472
60989,0,467,472
60990,0,468,472
60991,0,469,472
60992,0,470,472
60993,0,471,472
60994,0,472,472
60995,0,473,472
60996,0,474,472
60997,0,475,472
60998,0,476,472
60999,0,477,472
61000,0,478,472
61001,0,479,472
61002,0,480,472
61003,0,481,472
61004,0,466,473
61005,0,467,473
61006,0,468,473
61007,0,469,473
61008,0,470,473
61009,0,471,473
61010,0,472,473
61011,0,473,473
61012,0,474,473
61013,0,475,473
61014,0,476,473
61015,0,477,473
61016,0,478,473
61017,0,479,473
61018,0,480,473
61019,0,481,473
61020,0,466,474
61021,0,481,474
61022,0,466,475
61023,0,481,475
61024,0,466,476
61025,0,481,476
61026,0,466,477
61027,0,481,477
61028,0,466,478
61029,0,481,478
61030,0,466,479
61031,0,481,479
61032,0,466,480
61033,0,481,480
